Workbook

Sheet สรุปเพื่อยืนยัน
A1: โรงพยาบาลวชิระภูเก็ต
A2: ยืนยันรายการคำของบวัสดุ ปีงบประมาณ 2570
A3: รายการ detail ตามแท็บที่นำเข้าจากไฟล์ แบบฟอร์มที่ 3 แผนปีงบประมาณ 2570 หมวดวัสดุ.xlsx · ส่งออกจากฐาน VPK-S1 วันที่ 12 ต.ค. 2569
A4: ช่องสีเหลืองให้ผู้ใช้กรอกผลยืนยัน ช่องสีเขียวเป็นสูตร จำนวนรายการและยอดจากรายการดึงจากชีตของแต่ละแท็บ ยอดในระบบคือยอดเอกสารในฐานข้อมูล แท็บออกซิเจนถังว่างและชีตสรุปวัสดุไม่ได้สร้างเป็นคำขอ คอลัมน์รหัสสินค้าอยู่ถัดจากลำดับในแต่ละชีตแท็บ ช่องว่างให้กรอก รหัสของแท็บยาดึงจากหมายเหตุเดิม
A6: ลำดับ | B6: เลขที่เอกสาร | C6: แท็บ | D6: หน่วยงาน | E6: จำนวนรายการ | F6: ยอดจากรายการ | G6: ยอดในระบบ | H6: ผลต่าง | I6: ผลยืนยัน | J6: หมายเหตุ
A7: 1 | B7: DBR/2570/0004 | C7: วัสดุสำนักงาน | D7: หน่วยงานพัสดุ | E7: =COUNTA(วัสดุสำนักงาน!C5:C517) -> 513 | F7: =SUM(วัสดุสำนักงาน!M5:M517) -> 8614565.1 | G7: 8614565.1 | H7: =F7-G7 -> 0
A8: 2 | B8: DBR/2570/0005 | C8: งานบ้าน | D8: หน่วยงานพัสดุ | E8: =COUNTA(งานบ้าน!C5:C432) -> 428 | F8: =SUM(งานบ้าน!M5:M432) -> 19680885 | G8: 19680885 | H8: =F8-G8 -> 0
A9: 3 | B9: DBR/2570/0006 | C9: เชื้อเพลิง | D9: หน่วยงานพัสดุ | E9: =COUNTA(เชื้อเพลิง!C5:C7) -> 3 | F9: =SUM(เชื้อเพลิง!M5:M7) -> 9633924 | G9: 9633924 | H9: =F9-G9 -> 0
A10: 4 | B10: DBR/2570/0007 | C10: เครื่องแต่งกาย | D10: งานซักฟอกและตัดเย็บ | E10: =COUNTA(เครื่องแต่งกาย!C5:C103) -> 99 | F10: =SUM(เครื่องแต่งกาย!M5:M103) -> 2699621.6 | G10: 2699621.6 | H10: =F10-G10 -> 0
A11: 5 | B11: DBR/2570/0008 | C11: ออกซิเจนเหลว | D11: หน่วยงานพัสดุ | E11: =COUNTA(ออกซิเจนเหลว!C5:C7) -> 3 | F11: =SUM(ออกซิเจนเหลว!M5:M7) -> 10018000 | G11: 10018000 | H11: =F11-G11 -> 0
A12: 6 | B12: DBR/2570/0009 | C12: Lab | D12: กลุ่มงานเทคนิคการแพทย์ฯ | E12: =COUNTA(Lab!C5:C297) -> 293 | F12: =SUM(Lab!M5:M297) -> 53413677 | G12: 53413677 | H12: =F12-G12 -> 0
A13: 7 | B13: DBR/2570/0010 | C13: LabCOVID | D13: กลุ่มงานเทคนิคการแพทย์ฯ | E13: =COUNTA(LabCOVID!C5:C6) -> 2 | F13: =SUM(LabCOVID!M5:M6) -> 998960 | G13: 998960 | H13: =F13-G13 -> 0
A14: 8 | B14: DBR/2570/0011 | C14: พยาธิกายวิภาค | D14: กลุ่มงานเทคนิคการแพทย์ฯ | E14: =COUNTA(พยาธิกายวิภาค!C5:C27) -> 23 | F14: =SUM(พยาธิกายวิภาค!M5:M27) -> 1199640 | G14: 1199640 | H14: =F14-G14 -> 0
A15: 9 | B15: DBR/2570/0012 | C15: ธนาคารเลือด | D15: งานธนาคารเลือด | E15: =COUNTA(ธนาคารเลือด!C5:C81) -> 77 | F15: =SUM(ธนาคารเลือด!M5:M81) -> 17933878 | G15: 17933878 | H15: =F15-G15 -> 0
A16: 10 | B16: DBR/2570/0013 | C16: ยา | D16: กลุ่มงานเภสัชกรรม | E16: =COUNTA(ยา!C5:C1063) -> 1059 | F16: =SUM(ยา!M5:M1063) -> 5.7251695e+08 | G16: 5.7251695e+08 | H16: =F16-G16 -> 0
A17: 11 | B17: DBR/2570/0014 | C17: วัสดุเภสัชกรรม | D17: กลุ่มงานเภสัชกรรม | E17: =COUNTA(วัสดุเภสัชกรรม!C5:C112) -> 108 | F17: =SUM(วัสดุเภสัชกรรม!M5:M112) -> 11563021 | G17: 11563021 | H17: =F17-G17 -> 0
A18: 12 | B18: DBR/2570/0015 | C18: ทันตกรรม | D18: กลุ่มงานทันตกรรม | E18: =COUNTA(ทันตกรรม!C5:C554) -> 550 | F18: =SUM(ทันตกรรม!M5:M554) -> 5187197.4 | G18: 5187197.4 | H18: =F18-G18 -> 0
A19: 13 | B19: DBR/2570/0016 | C19: โภชนาการ | D19: งานโภชนาการ กลุ่มงาน โภชนศาตร์ | E19: =COUNTA(โภชนาการ!C5:C330) -> 326 | F19: =SUM(โภชนาการ!M5:M330) -> 50403620 | G19: 50403620 | H19: =F19-G19 -> 0
A20: 14 | B20: DBR/2570/0017 | C20: แบบพิมพ์ | D20: หน่วยงานพัสดุ | E20: =COUNTA(แบบพิมพ์!C5:C141) -> 137 | F20: =SUM(แบบพิมพ์!M5:M141) -> 1869950.7 | G20: 1869950.7 | H20: =F20-G20 -> 0
A21: 15 | B21: DBR/2570/0018 | C21: ซ่อมเครื่องมือแพทย์ | D21: ศูนย์เครื่องมือแพทย์ | E21: =COUNTA(ซ่อมเครื่องมือแพทย์!C5:C36) -> 32 | F21: =SUM(ซ่อมเครื่องมือแพทย์!M5:M36) -> 10970000 | G21: 10970000 | H21: =F21-G21 -> 0
A22: 16 | B22: DBR/2570/0019 | C22: ผ่าตัด | D22: งานห้องผ่าตัด | E22: =COUNTA(ผ่าตัด!C5:C878) -> 874 | F22: =SUM(ผ่าตัด!M5:M878) -> 3.6291941e+08 | G22: 3.6291941e+08 | H22: =F22-G22 -> 0
A23: 17 | B23: DBR/2570/0020 | C23: การพยาบาล | D23: กลุ่มภารกิจด้านการพยาบาล | E23: =COUNTA(การพยาบาล!C5:C328) -> 324 | F23: =SUM(การพยาบาล!M5:M328) -> 62344433 | G23: 62344433 | H23: =F23-G23 -> 0
A24: 18 | B24: DBR/2570/0021 | C24: เฝือก | D24: กลุ่มงานออร์โธปิดิกส์ | E24: =COUNTA(เฝือก!C5:C87) -> 83 | F24: =SUM(เฝือก!M5:M87) -> 5117538.2 | G24: 5117538.2 | H24: =F24-G24 -> 0
A25: 19 | B25: DBR/2570/0022 | C25: ไตเทียม | D25: หน่วยงานพัสดุ | E25: =COUNTA(ไตเทียม!C5:C54) -> 50 | F25: =SUM(ไตเทียม!M5:M54) -> 8050335.4 | G25: 8050335.4 | H25: =F25-G25 -> 0
A26: 20 | B26: DBR/2570/0023 | C26: ตรวจสวนหัวใจ | D26: แผนกศัลยกรรมหัวใจ ทรวงอก และหลอดเลือด | E26: =COUNTA(ตรวจสวนหัวใจ!C5:C157) -> 153 | F26: =SUM(ตรวจสวนหัวใจ!M5:M157) -> 109410695 | G26: 109410695 | H26: =F26-G26 -> 0
A27: 21 | B27: DBR/2570/0024 | C27: วิสัญญี | D27: งานการพยาบาลวิสัญญี | E27: =COUNTA(วิสัญญี!C5:C112) -> 108 | F27: =SUM(วิสัญญี!M5:M112) -> 2037294 | G27: 2037294 | H27: =F27-G27 -> 0
A28: 22 | B28: DBR/2570/0025 | C28: ENT | D28: หน่วยงานพัสดุ | E28: =COUNTA(ENT!C5:C12) -> 8 | F28: =SUM(ENT!M5:M12) -> 1732000 | G28: 1732000 | H28: =F28-G28 -> 0
A29: 23 | B29: DBR/2570/0026 | C29: โสต ศอ นาสิก | D29: หน่วยงานพัสดุ | E29: =COUNTA('โสต ศอ นาสิก'!C5:C17) -> 13 | F29: =SUM('โสต ศอ นาสิก'!M5:M17) -> 1732000 | G29: 1732000 | H29: =F29-G29 -> 0
A30: 24 | B30: DBR/2570/0027 | C30: ทั่วไป | D30: หน่วยงานพัสดุ | E30: =COUNTA(ทั่วไป!C5:C186) -> 182 | F30: =SUM(ทั่วไป!M5:M186) -> 48900026 | G30: 48900026 | H30: =F30-G30 -> 0
A31: 25 | B31: DBR/2570/0028 | C31: อื่นๆ | D31: หน่วยงานพัสดุ | E31: =COUNTA(อื่นๆ!C5:C18) -> 14 | F31: =SUM(อื่นๆ!M5:M18) -> 76291.5 | G31: 76291.5 | H31: =F31-G31 -> 0
A32: 26 | B32: DBR/2570/0029 | C32: โฆษณา | D32: งานประชาสัมพันธ์ | E32: =COUNTA(โฆษณา!C5:C67) -> 63 | F32: =SUM(โฆษณา!M5:M67) -> 246029.19 | G32: 246029.19 | H32: =F32-G32 -> 0
A33: 27 | B33: DBR/2570/0030 | C33: วัสดุคอมพิวเตอร์ | D33: กลุ่มภารกิจสุขภาพดิจิทัล | E33: =COUNTA(วัสดุคอมพิวเตอร์!C5:C90) -> 86 | F33: =SUM(วัสดุคอมพิวเตอร์!M5:M90) -> 961216.8 | G33: 961216.8 | H33: =F33-G33 -> 0
A34: 28 | B34: DBR/2570/0031 | C34: Wellness | D34: ศูนย์ Wellness | E34: =COUNTA(Wellness!C5:C39) -> 35 | F34: =SUM(Wellness!M5:M39) -> 2405640 | G34: 2405640 | H34: =F34-G34 -> 0
A35: รวม | E35: =SUM(E7:E34) -> 5646 | F35: =SUM(F7:F34) -> 1.3826368e+09 | G35: =SUM(G7:G34) -> 1.3826368e+09 | H35: =SUM(H7:H34) -> 0
A37: ยอดในระบบดึงจากเอกสาร DBR/2570/0004 ถึง DBR/2570/0031 ในฐาน VPK-S1 วันที่ 12 ต.ค. 2569 แหล่งเงินเงินบำรุง ปีงบประมาณ 2570 สถานะฉบับร่าง DBR/2570/0004 วัสดุสำนักงาน 513 รายการ ยอด 8,614,565.05 บาท ชื่อรายการที่ซ้ำในเอกสารเดียวกันเติม (ลำดับ n) ตามที่บันทึกในระบบ รหัสสินค้าของแท็บยาคัดจากข้อความ รหัสในไฟล์ ในหมายเหตุ

Sheet วัสดุสำนักงาน
A1: โรงพยาบาลวชิระภูเก็ต · คำของบวัสดุ ปี 2570 · แท็บ วัสดุสำนักงาน
A2: เลขที่เอกสาร | C2: DBR/2570/0004 | D2: หน่วยงาน | E2: หน่วยงานพัสดุ | H2: แหล่งเงิน | I2: เงินบำรุง | K2: ปีงบประมาณ | L2: 2570 | N2: สถานะ | O2: ฉบับร่าง
A3: ยอดในระบบ | C3: 8614565.1 | D3: ผลต่างจากรายการ | E3: =M518-C3 -> 0 | F3: ช่องรหัสสินค้าสีเหลืองกรอกหรือแก้รหัสได้ แท็บยาย้ายรหัสจากหมายเหตุมาไว้ในคอลัมน์นี้ ผลยืนยันเลือก ถูกต้อง / ต้องแก้ไข / ยังไม่ครบ / ข้าม มูลค่าที่ของบคำนวณจากปริมาณที่ของบ × ราคา/หน่วยนับ ยังไม่ผูกสินค้าในระบบ
A4: ลำดับ | B4: รหัสสินค้า | C4: รายการสินค้า | D4: ประเภทวัสดุ | E4: หน่วยนับ | F4: ปริมาณใช้ปี 2567 | G4: ปริมาณใช้ปี 2568 | H4: ปริมาณใช้ปี 2569 | I4: ปริมาณคงเหลือยกมา | J4: มูลค่าคงเหลือยกมา | K4: ปริมาณที่ของบ | L4: ราคา/หน่วยนับ | M4: มูลค่าที่ของบ | N4: หมายเหตุ | O4: ผลยืนยัน
A5: 1 | C5: DRUM BROTNER DR -2255 | D5: ค่าวัสดุสำนักงาน | E5: กล่อง | K5: 0 | L5: 2235 | M5: =IF(OR(K5="",L5=""),"",K5*L5) -> 0
A6: 2 | C6: Drum Ricch SP230 Unit (3019980) | D6: ค่าวัสดุสำนักงาน | E6: กล่อง | K6: 0 | L6: 3120 | M6: =IF(OR(K6="",L6=""),"",K6*L6) -> 0
A7: 3 | C7: Drum 32A CF 232A | D7: ค่าวัสดุสำนักงาน | E7: กล่อง | K7: 0 | L7: 3490 | M7: =IF(OR(K7="",L7=""),"",K7*L7) -> 0
A8: 4 | C8: DRUM BROTNER DR -2255 (ลำดับ 2) | D8: ค่าวัสดุสำนักงาน | E8: กล่อง | K8: 0 | L8: 2510 | M8: =IF(OR(K8="",L8=""),"",K8*L8) -> 0
A9: 5 | C9: Drum DR2355 | D9: ค่าวัสดุสำนักงาน | E9: กล่อง | K9: 0 | L9: 2300 | M9: =IF(OR(K9="",L9=""),"",K9*L9) -> 0
A10: 6 | C10: Drum HP (19A)219A | D10: ค่าวัสดุสำนักงาน | E10: กล่อง | K10: 0 | L10: 2740 | M10: =IF(OR(K10="",L10=""),"",K10*L10) -> 0
A11: 7 | C11: Drum HP(120) W1120A (3100011) | D11: ค่าวัสดุสำนักงาน | E11: กล่อง | K11: 0 | L11: 4408.4 | M11: =IF(OR(K11="",L11=""),"",K11*L11) -> 0
A12: 8 | C12: Drum OKI 431 | D12: ค่าวัสดุสำนักงาน | E12: กล่อง | K12: 0 | L12: 3290 | M12: =IF(OR(K12="",L12=""),"",K12*L12) -> 0
A13: 9 | C13: Drum Toner DL-410 | D13: ค่าวัสดุสำนักงาน | E13: กล่อง | K13: 0 | L13: 2180 | M13: =IF(OR(K13="",L13=""),"",K13*L13) -> 0
A14: 10 | C14: Drum Xerox 325 (3100032) | D14: ค่าวัสดุสำนักงาน | E14: กล่อง | K14: 0 | L14: 6313 | M14: =IF(OR(K14="",L14=""),"",K14*L14) -> 0
A15: 11 | C15: Mifare Care | D15: ค่าวัสดุสำนักงาน | E15: แผ่น | K15: 0 | L15: 19 | M15: =IF(OR(K15="",L15=""),"",K15*L15) -> 0
A16: 12 | C16: เข็มซ่อนปลาย | D16: ค่าวัสดุสำนักงาน | E16: พวง | K16: 150 | L16: 9 | M16: =IF(OR(K16="",L16=""),"",K16*L16) -> 1350
... A111: 107 | C111: กระดาษต่อเนื่อง ขนาด9x12 3ชั้น | D111: ค่าวัสดุสำนักงาน | E111: ลัง | K111: 0 | L111: 580 | M111: =IF(OR(K111="",L111=""),"",K111*L111) -> 0
A112: 108 | C112: กระดาษต่อเนื่อง ขนาด9x5.5 นิ้ว 2ชั้น | D112: ค่าวัสดุสำนักงาน | K112: 0 | L112: 680 | M112: =IF(OR(K112="",L112=""),"",K112*L112) -> 0
A113: 109 | C113: กระดาษต่อเนื่องขนาด9x11นิ้ว 2ชั้น | D113: ค่าวัสดุสำนักงาน | E113: ลัง | K113: 8 | L113: 690 | M113: =IF(OR(K113="",L113=""),"",K113*L113) -> 5520
A114: 110 | C114: กระดาษถ่ายเอกสาร A3 80G | D114: ค่าวัสดุสำนักงาน | E114: รีม | K114: 10 | L114: 270 | M114: =IF(OR(K114="",L114=""),"",K114*L114) -> 2700
A115: 111 | C115: กระดาษถ่ายเอกสารA4 70G | D115: ค่าวัสดุสำนักงาน | E115: รีม | K115: 12000 | L115: 98 | M115: =IF(OR(K115="",L115=""),"",K115*L115) -> 1176000
A116: 112 | C116: กระดาษถ่ายเอกสารA4 80G | D116: ค่าวัสดุสำนักงาน | E116: รีม | K116: 10000 | L116: 116 | M116: =IF(OR(K116="",L116=""),"",K116*L116) -> 1160000
A117: 113 | C117: กระดาษทำปกสีเขียว | D117: ค่าวัสดุสำนักงาน | E117: รีม | K117: 150 | L117: 100 | M117: =IF(OR(K117="",L117=""),"",K117*L117) -> 15000
A118: 114 | C118: กระดาษทำปกสีเหลือง | D118: ค่าวัสดุสำนักงาน | E118: รีม | K118: 500 | L118: 100 | M118: =IF(OR(K118="",L118=""),"",K118*L118) -> 50000
A119: 115 | C119: กระดาษทำปกสีครีม | D119: ค่าวัสดุสำนักงาน | E119: รีม | K119: 60 | L119: 100 | M119: =IF(OR(K119="",L119=""),"",K119*L119) -> 6000
A120: 116 | C120: กระดาษทำปกสีชมพู | D120: ค่าวัสดุสำนักงาน | E120: รีม | K120: 200 | L120: 100 | M120: =IF(OR(K120="",L120=""),"",K120*L120) -> 20000
A121: 117 | C121: กระดาษทำปกสีฟ้า | D121: ค่าวัสดุสำนักงาน | E121: รีม | K121: 200 | L121: 100 | M121: =IF(OR(K121="",L121=""),"",K121*L121) -> 20000
A122: 118 | C122: กระดาษทำปกสีม่วง | D122: ค่าวัสดุสำนักงาน | E122: รีม | K122: 120 | L122: 100 | M122: =IF(OR(K122="",L122=""),"",K122*L122) -> 12000
A123: 119 | C123: กระดาษทำปกสีส้ม | D123: ค่าวัสดุสำนักงาน | E123: รีม | K123: 120 | L123: 100 | M123: =IF(OR(K123="",L123=""),"",K123*L123) -> 12000
A124: 120 | C124: กระดาษบวกเลข | D124: ค่าวัสดุสำนักงาน | E124: ม้วน | K124: 500 | L124: 37.5 | M124: =IF(OR(K124="",L124=""),"",K124*L124) -> 18750
... A204: 200 | C204: ตุู้ลิ้นชักพลาสติก | D204: ค่าวัสดุสำนักงาน | E204: ใบ | K204: 0 | L204: 980 | M204: =IF(OR(K204="",L204=""),"",K204*L204) -> 0
A205: 201 | C205: ตู้เอกสาร | D205: ค่าวัสดุสำนักงาน | K205: 4 | L205: 750 | M205: =IF(OR(K205="",L205=""),"",K205*L205) -> 3000
A206: 202 | C206: ถ่านไฟฉาย ขนาดกลาง สีดำ | D206: ค่าวัสดุสำนักงาน | E206: ก้อน | K206: 150 | L206: 35 | M206: =IF(OR(K206="",L206=""),"",K206*L206) -> 5250
A207: 203 | C207: ถ่านไฟฉายก้อนเล็ก(4ก้อน/1ชุด) | D207: ค่าวัสดุสำนักงาน | E207: ก้อน | K207: 0 | L207: 8.75 | M207: =IF(OR(K207="",L207=""),"",K207*L207) -> 0
A208: 204 | C208: ถ่านไฟฉายก้อนใหญ่(2ก้อน/1ชุด) | D208: ค่าวัสดุสำนักงาน | E208: ชุด | K208: 130 | L208: 20 | M208: =IF(OR(K208="",L208=""),"",K208*L208) -> 2600
A209: 205 | C209: ถ่านไฟฉายอัลคาไลน์ ขนาดกลาง | D209: ค่าวัสดุสำนักงาน | E209: ก้อน | K209: 400 | L209: 70 | M209: =IF(OR(K209="",L209=""),"",K209*L209) -> 28000
A210: 206 | C210: ถ่านไฟฉายอัลคาไลน์2A | D210: ค่าวัสดุสำนักงาน | E210: ชุด | K210: 4000 | L210: 55 | M210: =IF(OR(K210="",L210=""),"",K210*L210) -> 220000
A211: 207 | C211: ถ่านไฟฉายอัลคาไลน์3A | D211: ค่าวัสดุสำนักงาน | E211: ชุด | K211: 3000 | L211: 55 | M211: =IF(OR(K211="",L211=""),"",K211*L211) -> 165000
A212: 208 | C212: ถ่านดูราเซลล์ 9 โวล | D212: ค่าวัสดุสำนักงาน | E212: ชุด | K212: 80 | L212: 100 | M212: =IF(OR(K212="",L212=""),"",K212*L212) -> 8000
A213: 209 | C213: ที่เหลาดินสอ | D213: ค่าวัสดุสำนักงาน | E213: ตัว | K213: 40 | L213: 290 | M213: =IF(OR(K213="",L213=""),"",K213*L213) -> 11600
A214: 210 | C214: ที่ถอดลวดเย็บกระดาษ | D214: ค่าวัสดุสำนักงาน | E214: อัน | K214: 450 | L214: 65 | M214: =IF(OR(K214="",L214=""),"",K214*L214) -> 29250
A215: 211 | C215: ธง สก. ขนาด80x120cm | D215: ค่าวัสดุสำนักงาน | E215: ผืน | K215: 24 | L215: 65 | M215: =IF(OR(K215="",L215=""),"",K215*L215) -> 1560
A216: 212 | C216: ธง สท. ขนาด80x120cm | D216: ค่าวัสดุสำนักงาน | E216: ผืน | K216: 24 | L216: 65 | M216: =IF(OR(K216="",L216=""),"",K216*L216) -> 1560
A217: 213 | C217: ธงชาติ ขนาด 2x3 เมตร | D217: ค่าวัสดุสำนักงาน | E217: ผืน | K217: 2 | L217: 750 | M217: =IF(OR(K217="",L217=""),"",K217*L217) -> 1500
... A517: 513 | C517: อะคริลิค ขนาด 39x 47 เซนติเมตร | D517: ค่าวัสดุสำนักงาน | E517: อัน | K517: 25 | L517: 481.5 | M517: =IF(OR(K517="",L517=""),"",K517*L517) -> 12037.5
A518: รวม | K518: =SUM(K5:K517) -> 157826 | M518: =SUM(M5:M517) -> 8614565.1
A519: รวม 513 รายการ · DBR/2570/0004 · แท็บ วัสดุสำนักงาน · หน่วยงาน หน่วยงานพัสดุ · โมเดล departmental.budget.request.material.detail · ส่งออกจากฐาน VPK-S1 วันที่ 12 ต.ค. 2569 · ต้นทางไฟล์ แบบฟอร์มที่ 3 แผนปีงบประมาณ 2570 หมวดวัสดุ.xlsx

Sheet งานบ้าน
A1: โรงพยาบาลวชิระภูเก็ต · คำของบวัสดุ ปี 2570 · แท็บ งานบ้าน
A2: เลขที่เอกสาร | C2: DBR/2570/0005 | D2: หน่วยงาน | E2: หน่วยงานพัสดุ | H2: แหล่งเงิน | I2: เงินบำรุง | K2: ปีงบประมาณ | L2: 2570 | N2: สถานะ | O2: ฉบับร่าง
A3: ยอดในระบบ | C3: 19680885 | D3: ผลต่างจากรายการ | E3: =M433-C3 -> 0 | F3: ช่องรหัสสินค้าสีเหลืองกรอกหรือแก้รหัสได้ แท็บยาย้ายรหัสจากหมายเหตุมาไว้ในคอลัมน์นี้ ผลยืนยันเลือก ถูกต้อง / ต้องแก้ไข / ยังไม่ครบ / ข้าม มูลค่าที่ของบคำนวณจากปริมาณที่ของบ × ราคา/หน่วยนับ ยังไม่ผูกสินค้าในระบบ
A4: ลำดับ | B4: รหัสสินค้า | C4: รายการสินค้า | D4: ประเภทวัสดุ | E4: หน่วยนับ | F4: ปริมาณใช้ปี 2567 | G4: ปริมาณใช้ปี 2568 | H4: ปริมาณใช้ปี 2569 | I4: ปริมาณคงเหลือยกมา | J4: มูลค่าคงเหลือยกมา | K4: ปริมาณที่ของบ | L4: ราคา/หน่วยนับ | M4: มูลค่าที่ของบ | N4: หมายเหตุ | O4: ผลยืนยัน
A5: 1 | C5: เกลือ | D5: งานบ้าน+น้ำดื่ม | E5: กิโลกรัม | K5: 2 | L5: 450 | M5: =IF(OR(K5="",L5=""),"",K5*L5) -> 900
A6: 2 | C6: เก้าอี้พนังพิงตั้งแขน สีขาว | D6: งานบ้าน+น้ำดื่ม | E6: ตัว | K6: 0 | L6: 290 | M6: =IF(OR(K6="",L6=""),"",K6*L6) -> 0
A7: 3 | C7: เก้าอี้ยืน สแตนเลสพร้อมแผ่นรองกันลื่น | D7: งานบ้าน+น้ำดื่ม | E7: ตัว | K7: 0 | L7: 6000 | M7: =IF(OR(K7="",L7=""),"",K7*L7) -> 0
A8: 4 | C8: เก้าอี้หัวล้าน | D8: งานบ้าน+น้ำดื่ม | E8: ตัว | K8: 12 | L8: 120 | M8: =IF(OR(K8="",L8=""),"",K8*L8) -> 1440
A9: 5 | C9: เครื่องชั่งพลาสติก | D9: งานบ้าน+น้ำดื่ม | E9: ชุด | K9: 0 | L9: 320 | M9: =IF(OR(K9="",L9=""),"",K9*L9) -> 0
A10: 6 | C10: เครื่องปั่นอาหารเหลว | D10: งานบ้าน+น้ำดื่ม | E10: เครื่อง | K10: 2 | L10: 22500 | M10: =IF(OR(K10="",L10=""),"",K10*L10) -> 45000
A11: 7 | C11: เชือกฟาง | D11: งานบ้าน+น้ำดื่ม | E11: ม้วน | K11: 1500 | L11: 30 | M11: =IF(OR(K11="",L11=""),"",K11*L11) -> 45000
A12: 8 | C12: เซ็ทผ้าคลุมเตียง | D12: งานบ้าน+น้ำดื่ม | K12: 6 | L12: 1400 | M12: =IF(OR(K12="",L12=""),"",K12*L12) -> 8400
A13: 9 | C13: เตาแก๊ส 2 หัว | D13: งานบ้าน+น้ำดื่ม | E13: อัน | K13: 2 | L13: 45000 | M13: =IF(OR(K13="",L13=""),"",K13*L13) -> 90000
A14: 10 | C14: เตาแก๊ส KBS | D14: งานบ้าน+น้ำดื่ม | E14: อัน | K14: 0 | L14: 50000 | M14: =IF(OR(K14="",L14=""),"",K14*L14) -> 0
A15: 11 | C15: เตาแก๊ส วางหัว เหลี่ยมสูงมีบังลม | D15: งานบ้าน+น้ำดื่ม | E15: อัน | K15: 1 | L15: 400 | M15: =IF(OR(K15="",L15=""),"",K15*L15) -> 400
A16: 12 | C16: เทียนหอม | D16: งานบ้าน+น้ำดื่ม | E16: ชิ้น | K16: 100 | L16: 44.94 | M16: =IF(OR(K16="",L16=""),"",K16*L16) -> 4494
A17: 13 | C17: เทียนอุ่นอาหาร | D17: งานบ้าน+น้ำดื่ม | E17: แพ็ค | K17: 0 | L17: 50.8 | M17: =IF(OR(K17="",L17=""),"",K17*L17) -> 0
A18: 14 | C18: เบาะรถเข็นเปลนอน | D18: งานบ้าน+น้ำดื่ม | E18: หลัง | K18: 10 | L18: 2000 | M18: =IF(OR(K18="",L18=""),"",K18*L18) -> 20000
A19: 15 | C19: เบาะรองนอน | D19: งานบ้าน+น้ำดื่ม | E19: หลัง | K19: 0 | L19: 17000 | M19: =IF(OR(K19="",L19=""),"",K19*L19) -> 0
A20: 16 | C20: เสื้อกันฝน | D20: งานบ้าน+น้ำดื่ม | E20: ชุด | K20: 0 | L20: 192.6 | M20: =IF(OR(K20="",L20=""),"",K20*L20) -> 0
A21: 17 | C21: เหยือกน้ำ | D21: งานบ้าน+น้ำดื่ม | E21: ใบ | K21: 0 | L21: 40 | M21: =IF(OR(K21="",L21=""),"",K21*L21) -> 0
A22: 18 | C22: เหยือกน้ำพลาสติก1000 | D22: งานบ้าน+น้ำดื่ม | E22: ใบ | K22: 350 | L22: 120 | M22: =IF(OR(K22="",L22=""),"",K22*L22) -> 42000
A23: 19 | C23: เหยือกน้ำพลาสติก1000 ไม่มีสเกว | D23: งานบ้าน+น้ำดื่ม | E23: ใบ | K23: 200 | L23: 120 | M23: =IF(OR(K23="",L23=""),"",K23*L23) -> 24000
A24: 20 | C24: แก้วกาแฟ | D24: งานบ้าน+น้ำดื่ม | E24: ลัง | K24: 2 | L24: 1250 | M24: =IF(OR(K24="",L24=""),"",K24*L24) -> 2500
... A285: 281 | C285: น้ำดื่มแซนด์บรรจุถังใส 19ลิตร | D285: งานบ้าน+น้ำดื่ม | E285: ถัง | K285: 25000 | L285: 16.98 | M285: =IF(OR(K285="",L285=""),"",K285*L285) -> 424500
A286: 282 | C286: น้ำดื่มถ้วย ขนาด220ซีซี | D286: งานบ้าน+น้ำดื่ม | K286: 0 | L286: 1.35 | M286: =IF(OR(K286="",L286=""),"",K286*L286) -> 0
A287: 283 | C287: น้ำตาลทรายแดง | D287: งานบ้าน+น้ำดื่ม | E287: กระสอบ | K287: 6 | L287: 743.75 | M287: =IF(OR(K287="",L287=""),"",K287*L287) -> 4462.5
A288: 284 | C288: น้ำมันจักรซิงเกอร์ | D288: งานบ้าน+น้ำดื่ม | E288: ขวด | K288: 0 | L288: 10 | M288: =IF(OR(K288="",L288=""),"",K288*L288) -> 0
A289: 285 | C289: น้ำยาเคมีซักฟอกสำหรับเครื่องชนิดน้ำ ขนาดบรรจุ20ลิตร | D289: งานบ้าน+น้ำดื่ม | E289: ถัง | K289: 507 | L289: 1401.7 | M289: =IF(OR(K289="",L289=""),"",K289*L289) -> 710661.9
A290: 286 | C290: น้ำยาเคมีฟอกผ้าขาวชนิดน้ำ ขนาดบรรจุ20ลิตร | D290: งานบ้าน+น้ำดื่ม | E290: ถัง | K290: 4 | L290: 642 | M290: =IF(OR(K290="",L290=""),"",K290*L290) -> 2568
A291: 287 | C291: น้ำยาเคลือบเงาพื้นคอมพลีท | D291: งานบ้าน+น้ำดื่ม | E291: แกลลอน | K291: 96 | L291: 877.4 | M291: =IF(OR(K291="",L291=""),"",K291*L291) -> 84230.4
A292: 288 | C292: น้ำยาเช็ดกระจก | D292: งานบ้าน+น้ำดื่ม | E292: ขวด | K292: 0 | L292: 171.2 | M292: =IF(OR(K292="",L292=""),"",K292*L292) -> 0
A293: 289 | C293: น้ำยาเสริมด่างชนิดเหลว ขนาดบรรจุ20ลิตร | D293: งานบ้าน+น้ำดื่ม | E293: ถัง | K293: 522 | L293: 781.1 | M293: =IF(OR(K293="",L293=""),"",K293*L293) -> 407734.2
A294: 290 | C294: น้ำยาไฮเตอร์ | D294: งานบ้าน+น้ำดื่ม | E294: ขวด | K294: 912 | L294: 35 | M294: =IF(OR(K294="",L294=""),"",K294*L294) -> 31920
A295: 291 | C295: น้ำยาช่วยให้ภาชนะแห้งเร็ว ขนาด 20 ลิตร | D295: งานบ้าน+น้ำดื่ม | E295: ถัง | K295: 63 | L295: 2782 | M295: =IF(OR(K295="",L295=""),"",K295*L295) -> 175266
A296: 292 | C296: น้ำยาดันฝุ่น | D296: งานบ้าน+น้ำดื่ม | E296: แกลลอน | K296: 12 | L296: 1786.9 | M296: =IF(OR(K296="",L296=""),"",K296*L296) -> 21442.8
A297: 293 | C297: น้ำยาถูพื้นสไตรด์ฟลอรัล | D297: งานบ้าน+น้ำดื่ม | E297: แกลลอน | K297: 240 | L297: 642 | M297: =IF(OR(K297="",L297=""),"",K297*L297) -> 154080
A298: 294 | C298: น้ำยาปรับผ้านุ่ม ขนาดบรรจุ 20ลิตร | D298: งานบ้าน+น้ำดื่ม | E298: ถัง | K298: 503 | L298: 832.46 | M298: =IF(OR(K298="",L298=""),"",K298*L298) -> 418727.38
... A408: 404 | C408: สก็อตไบร์ทมีฟองน้ำ | D408: งานบ้าน+น้ำดื่ม | E408: ชิ้น | K408: 10000 | L408: 5 | M408: =IF(OR(K408="",L408=""),"",K408*L408) -> 50000
A409: 405 | C409: สก๊อตไบร์ทมีฟองน้ำ3เอ็ม แผ่นใหญ่ ขนาด3.5x6นิ้ว | D409: งานบ้าน+น้ำดื่ม | K409: 1200 | L409: 13.91 | M409: =IF(OR(K409="",L409=""),"",K409*L409) -> 16692
A410: 406 | C410: สก๊อตไบร์ทหน้าเดียว 3เอ็ม ขนาด6x9นิ้ว | D410: งานบ้าน+น้ำดื่ม | K410: 800 | L410: 19.26 | M410: =IF(OR(K410="",L410=""),"",K410*L410) -> 15408
A411: 407 | C411: สบู่ซันไลต์ | D411: งานบ้าน+น้ำดื่ม | E411: ก้อน | K411: 120 | L411: 20 | M411: =IF(OR(K411="",L411=""),"",K411*L411) -> 2400
A412: 408 | C412: สบู่ดินฮาลคลีน 5ลิตร | D412: งานบ้าน+น้ำดื่ม | E412: แกลลอน | K412: 0 | L412: 642 | M412: =IF(OR(K412="",L412=""),"",K412*L412) -> 0
A413: 409 | C413: สบู่ล้างมือ ขนาดบรรจุ 3.5ลิตร | D413: งานบ้าน+น้ำดื่ม | E413: แกลลอน | K413: 250 | L413: 422.65 | M413: =IF(OR(K413="",L413=""),"",K413*L413) -> 105662.5
A414: 410 | C414: สายยางรัดของเส้นเล็ก | D414: งานบ้าน+น้ำดื่ม | E414: ถุง | K414: 50 | L414: 75 | M414: =IF(OR(K414="",L414=""),"",K414*L414) -> 3750
A415: 411 | C415: สายยางรัดของเส้นใหญ่ | D415: งานบ้าน+น้ำดื่ม | E415: ถุง | K415: 1000 | L415: 75 | M415: =IF(OR(K415="",L415=""),"",K415*L415) -> 75000
A416: 412 | C416: สายวัด | D416: งานบ้าน+น้ำดื่ม | E416: อัน | K416: 50 | L416: 10 | M416: =IF(OR(K416="",L416=""),"",K416*L416) -> 500
A417: 413 | C417: หมวกคลุมผม | D417: งานบ้าน+น้ำดื่ม | E417: ใบ | K417: 4 | L417: 75 | M417: =IF(OR(K417="",L417=""),"",K417*L417) -> 300
A418: 414 | C418: หมวกอาบน้ำ | D418: งานบ้าน+น้ำดื่ม | E418: ใบ | K418: 133 | L418: 211 | M418: =IF(OR(K418="",L418=""),"",K418*L418) -> 28063
A419: 415 | C419: หม้อโจ๊ก สแตนเลสใหญ่ | D419: งานบ้าน+น้ำดื่ม | E419: ใบ | K419: 0 | L419: 135 | M419: =IF(OR(K419="",L419=""),"",K419*L419) -> 0
A420: 416 | C420: หมอน | D420: งานบ้าน+น้ำดื่ม | E420: ใบ | K420: 0 | L420: 406.6 | M420: =IF(OR(K420="",L420=""),"",K420*L420) -> 0
A421: 417 | C421: หมอนใยสงเคราะห์ | D421: งานบ้าน+น้ำดื่ม | E421: ใบ | K421: 16 | L421: 130 | M421: =IF(OR(K421="",L421=""),"",K421*L421) -> 2080
A422: 418 | C422: หมอนขนห่านเทียม | D422: งานบ้าน+น้ำดื่ม | E422: ใบ | K422: 10 | L422: 513 | M422: =IF(OR(K422="",L422=""),"",K422*L422) -> 5130
... A428: 424 | C428: หวี | D428: งานบ้าน+น้ำดื่ม | E428: แพ็ค | K428: 150 | L428: 187 | M428: =IF(OR(K428="",L428=""),"",K428*L428) -> 28050
A429: 425 | C429: หัวเตาแก๊ส | D429: งานบ้าน+น้ำดื่ม | K429: 1 | L429: 580 | M429: =IF(OR(K429="",L429=""),"",K429*L429) -> 580
A430: 426 | C430: อาหารปลา | D430: งานบ้าน+น้ำดื่ม | E430: กระสอบ | K430: 0 | L430: 660 | M430: =IF(OR(K430="",L430=""),"",K430*L430) -> 0
A431: 427 | C431: อาหารปลา (ลำดับ 2) | D431: งานบ้าน+น้ำดื่ม | E431: ถุง | K431: 4 | L431: 700 | M431: =IF(OR(K431="",L431=""),"",K431*L431) -> 2800
A432: 428 | C432: อาหารปลา เล็ก | D432: งานบ้าน+น้ำดื่ม | E432: ถุง | K432: 5 | L432: 250 | M432: =IF(OR(K432="",L432=""),"",K432*L432) -> 1250
A433: รวม | K433: =SUM(K5:K432) -> 589644 | M433: =SUM(M5:M432) -> 19680885
A434: รวม 428 รายการ · DBR/2570/0005 · แท็บ งานบ้าน · หน่วยงาน หน่วยงานพัสดุ · โมเดล departmental.budget.request.material.detail · ส่งออกจากฐาน VPK-S1 วันที่ 12 ต.ค. 2569 · ต้นทางไฟล์ แบบฟอร์มที่ 3 แผนปีงบประมาณ 2570 หมวดวัสดุ.xlsx

Sheet เชื้อเพลิง
A1: โรงพยาบาลวชิระภูเก็ต · คำของบวัสดุ ปี 2570 · แท็บ เชื้อเพลิง
A2: เลขที่เอกสาร | C2: DBR/2570/0006 | D2: หน่วยงาน | E2: หน่วยงานพัสดุ | H2: แหล่งเงิน | I2: เงินบำรุง | K2: ปีงบประมาณ | L2: 2570 | N2: สถานะ | O2: ฉบับร่าง
A3: ยอดในระบบ | C3: 9633924 | D3: ผลต่างจากรายการ | E3: =M8-C3 -> 0 | F3: ช่องรหัสสินค้าสีเหลืองกรอกหรือแก้รหัสได้ แท็บยาย้ายรหัสจากหมายเหตุมาไว้ในคอลัมน์นี้ ผลยืนยันเลือก ถูกต้อง / ต้องแก้ไข / ยังไม่ครบ / ข้าม มูลค่าที่ของบคำนวณจากปริมาณที่ของบ × ราคา/หน่วยนับ ยังไม่ผูกสินค้าในระบบ
A4: ลำดับ | B4: รหัสสินค้า | C4: รายการสินค้า | D4: ประเภทวัสดุ | E4: หน่วยนับ | F4: ปริมาณใช้ปี 2567 | G4: ปริมาณใช้ปี 2568 | H4: ปริมาณใช้ปี 2569 | I4: ปริมาณคงเหลือยกมา | J4: มูลค่าคงเหลือยกมา | K4: ปริมาณที่ของบ | L4: ราคา/หน่วยนับ | M4: มูลค่าที่ของบ | N4: หมายเหตุ | O4: ผลยืนยัน
A5: 1 | C5: จำนวนประมาณการจะซื้อปี 70 แก๊ส LPG ขนาดบรรจุ 48 กิโลกรัม | D5: แก๊ส LPG | E5: ถัง | K5: 60 | L5: 455 | M5: =IF(OR(K5="",L5=""),"",K5*L5) -> 27300
A6: 2 | C6: จำนวนประมาณการจะซื้อปี 70 แก๊ส LPG ขนาดบรรจุ 48 กิโลกรัม (ลำดับ 2) | D6: แก๊ส LPG | E6: ถัง | K6: 6000 | L6: 1423 | M6: =IF(OR(K6="",L6=""),"",K6*L6) -> 8538000
A7: 3 | C7: เชื้อเพลิงยานพาหนะ | D7: เชื้อเพลิงรถยนต์ | K7: 1 | L7: 1068624 | M7: =IF(OR(K7="",L7=""),"",K7*L7) -> 1068624
A8: รวม | K8: =SUM(K5:K7) -> 6061 | M8: =SUM(M5:M7) -> 9633924
A9: รวม 3 รายการ · DBR/2570/0006 · แท็บ เชื้อเพลิง · หน่วยงาน หน่วยงานพัสดุ · โมเดล departmental.budget.request.material.detail · ส่งออกจากฐาน VPK-S1 วันที่ 12 ต.ค. 2569 · ต้นทางไฟล์ แบบฟอร์มที่ 3 แผนปีงบประมาณ 2570 หมวดวัสดุ.xlsx

Sheet เครื่องแต่งกาย
A1: โรงพยาบาลวชิระภูเก็ต · คำของบวัสดุ ปี 2570 · แท็บ เครื่องแต่งกาย
A2: เลขที่เอกสาร | C2: DBR/2570/0007 | D2: หน่วยงาน | E2: งานซักฟอกและตัดเย็บ | H2: แหล่งเงิน | I2: เงินบำรุง | K2: ปีงบประมาณ | L2: 2570 | N2: สถานะ | O2: ฉบับร่าง
A3: ยอดในระบบ | C3: 2699621.6 | D3: ผลต่างจากรายการ | E3: =M104-C3 -> 0 | F3: ช่องรหัสสินค้าสีเหลืองกรอกหรือแก้รหัสได้ แท็บยาย้ายรหัสจากหมายเหตุมาไว้ในคอลัมน์นี้ ผลยืนยันเลือก ถูกต้อง / ต้องแก้ไข / ยังไม่ครบ / ข้าม มูลค่าที่ของบคำนวณจากปริมาณที่ของบ × ราคา/หน่วยนับ ยังไม่ผูกสินค้าในระบบ
A4: ลำดับ | B4: รหัสสินค้า | C4: รายการสินค้า | D4: ประเภทวัสดุ | E4: หน่วยนับ | F4: ปริมาณใช้ปี 2567 | G4: ปริมาณใช้ปี 2568 | H4: ปริมาณใช้ปี 2569 | I4: ปริมาณคงเหลือยกมา | J4: มูลค่าคงเหลือยกมา | K4: ปริมาณที่ของบ | L4: ราคา/หน่วยนับ | M4: มูลค่าที่ของบ | N4: หมายเหตุ | O4: ผลยืนยัน
A5: 1 | C5: กางเกงผู้ป่วย มีหูรูด | D5: เครื่องแต่งกาย (ซักฟอกและตัดเย็บ) | E5: ตัว | K5: 0 | L5: 145 | M5: =IF(OR(K5="",L5=""),"",K5*L5) -> 0
A6: 2 | C6: เสื้อเด็ก+กางเกงเด็กเล็ก (3015285) | D6: เครื่องแต่งกาย (ซักฟอกและตัดเย็บ) | E6: ชุด | K6: 20 | L6: 220 | M6: =IF(OR(K6="",L6=""),"",K6*L6) -> 4400
A7: 3 | C7: เสื้อเด็ก+กางเกงเด็กโค (3015286) | D7: เครื่องแต่งกาย (ซักฟอกและตัดเย็บ) | E7: ชุด | K7: 20 | L7: 300 | M7: =IF(OR(K7="",L7=""),"",K7*L7) -> 6000
A8: 4 | C8: เสื้อเด็กและกางเกงเด็ก | D8: เครื่องแต่งกาย (ซักฟอกและตัดเย็บ) | E8: ชุด | K8: 0 | L8: 255 | M8: =IF(OR(K8="",L8=""),"",K8*L8) -> 0
A9: 5 | C9: เสื้อกั๊ก สีขาว | D9: เครื่องแต่งกาย (ซักฟอกและตัดเย็บ) | E9: ตัว | K9: 0 | L9: 604.55 | M9: =IF(OR(K9="",L9=""),"",K9*L9) -> 0
A10: 6 | C10: เสื้อกาวน์ สีเขียวอ่อน | D10: เครื่องแต่งกาย (ซักฟอกและตัดเย็บ) | E10: ตัว | K10: 0 | L10: 339 | M10: =IF(OR(K10="",L10=""),"",K10*L10) -> 0
A11: 7 | C11: เสื้อกาวน์แขนยาว | D11: เครื่องแต่งกาย (ซักฟอกและตัดเย็บ) | E11: ผืน | K11: 0 | L11: 330 | M11: =IF(OR(K11="",L11=""),"",K11*L11) -> 0
A12: 8 | C12: เสื้อกิโมโนตัวยาว (3017845) | D12: เครื่องแต่งกาย (ซักฟอกและตัดเย็บ) | E12: ตัว | K12: 20 | L12: 305 | M12: =IF(OR(K12="",L12=""),"",K12*L12) -> 6100
A13: 9 | C13: เสื้อคลุมอาบน้ำ (3013931) | D13: เครื่องแต่งกาย (ซักฟอกและตัดเย็บ) | E13: ตัว | K13: 24 | L13: 663.4 | M13: =IF(OR(K13="",L13=""),"",K13*L13) -> 15921.6
A14: 10 | C14: เสื้อผ้าผู้ป่วย (3017587) | D14: เครื่องแต่งกาย (ซักฟอกและตัดเย็บ) | E14: ตัว | K14: 300 | L14: 170 | M14: =IF(OR(K14="",L14=""),"",K14*L14) -> 51000
A15: 11 | C15: เสื้อผ้าผู้ป่วย ป้ายหน้า (3018166) | D15: เครื่องแต่งกาย (ซักฟอกและตัดเย็บ) | E15: ตัว | K15: 100 | L15: 175 | M15: =IF(OR(K15="",L15=""),"",K15*L15) -> 17500
A16: 12 | C16: เสื้อผ้าผู้ป่วย ป้ายหน้า OR (3018612) | D16: เครื่องแต่งกาย (ซักฟอกและตัดเย็บ) | E16: ตัว | K16: 50 | L16: 190 | M16: =IF(OR(K16="",L16=""),"",K16*L16) -> 9500
... A103: 99 | C103: ผ้าอ้อม สีขาว ขนาด27x34นิ้ว | D103: เครื่องแต่งกาย (ซักฟอกและตัดเย็บ) | E103: ผืน | K103: 0 | L103: 95 | M103: =IF(OR(K103="",L103=""),"",K103*L103) -> 0
A104: รวม | K104: =SUM(K5:K103) -> 26154 | M104: =SUM(M5:M103) -> 2699621.6
A105: รวม 99 รายการ · DBR/2570/0007 · แท็บ เครื่องแต่งกาย · หน่วยงาน งานซักฟอกและตัดเย็บ · โมเดล departmental.budget.request.material.detail · ส่งออกจากฐาน VPK-S1 วันที่ 12 ต.ค. 2569 · ต้นทางไฟล์ แบบฟอร์มที่ 3 แผนปีงบประมาณ 2570 หมวดวัสดุ.xlsx

Sheet ออกซิเจนเหลว
A1: โรงพยาบาลวชิระภูเก็ต · คำของบวัสดุ ปี 2570 · แท็บ ออกซิเจนเหลว
A2: เลขที่เอกสาร | C2: DBR/2570/0008 | D2: หน่วยงาน | E2: หน่วยงานพัสดุ | H2: แหล่งเงิน | I2: เงินบำรุง | K2: ปีงบประมาณ | L2: 2570 | N2: สถานะ | O2: ฉบับร่าง
A3: ยอดในระบบ | C3: 10018000 | D3: ผลต่างจากรายการ | E3: =M8-C3 -> 0 | F3: ช่องรหัสสินค้าสีเหลืองกรอกหรือแก้รหัสได้ แท็บยาย้ายรหัสจากหมายเหตุมาไว้ในคอลัมน์นี้ ผลยืนยันเลือก ถูกต้อง / ต้องแก้ไข / ยังไม่ครบ / ข้าม มูลค่าที่ของบคำนวณจากปริมาณที่ของบ × ราคา/หน่วยนับ ยังไม่ผูกสินค้าในระบบ
A4: ลำดับ | B4: รหัสสินค้า | C4: รายการสินค้า | D4: ประเภทวัสดุ | E4: หน่วยนับ | F4: ปริมาณใช้ปี 2567 | G4: ปริมาณใช้ปี 2568 | H4: ปริมาณใช้ปี 2569 | I4: ปริมาณคงเหลือยกมา | J4: มูลค่าคงเหลือยกมา | K4: ปริมาณที่ของบ | L4: ราคา/หน่วยนับ | M4: มูลค่าที่ของบ | N4: หมายเหตุ | O4: ผลยืนยัน
A5: 1 | C5: จำนวนประมาณการจะซื้อปี 70 ออกซิเจนเหลวทางการแพทย์บรรจุท่อพร้อมอุปกรณ์ลดแรงดัน ขนาด 0.7 ลูกบาศก์เมตร | D5: ออกซิเจนเหลว | E5: ถัง | K5: 4000 | L5: 294 | M5: =IF(OR(K5="",L5=""),"",K5*L5) -> 1176000
A6: 2 | C6: จำนวนประมาณการจะซื้อปี 70 แก๊สไนตรัสออกไซด์ทางการแพทย์อัดท่อแรงดันสูงขนาดบรรจุ 25 กิโลกรัม | D6: แก๊ส LPG | E6: ถัง | K6: 400 | L6: 4085 | M6: =IF(OR(K6="",L6=""),"",K6*L6) -> 1634000
A7: 3 | C7: จำนวนประมาณการจะซื้อปี 70 ออกซิเจนเหลวทางการแพทย์ | D7: ออกซิเจนเหลว | K7: 800000 | L7: 9.01 | M7: =IF(OR(K7="",L7=""),"",K7*L7) -> 7208000
A8: รวม | K8: =SUM(K5:K7) -> 804400 | M8: =SUM(M5:M7) -> 10018000
A9: รวม 3 รายการ · DBR/2570/0008 · แท็บ ออกซิเจนเหลว · หน่วยงาน หน่วยงานพัสดุ · โมเดล departmental.budget.request.material.detail · ส่งออกจากฐาน VPK-S1 วันที่ 12 ต.ค. 2569 · ต้นทางไฟล์ แบบฟอร์มที่ 3 แผนปีงบประมาณ 2570 หมวดวัสดุ.xlsx

Sheet Lab
A1: โรงพยาบาลวชิระภูเก็ต · คำของบวัสดุ ปี 2570 · แท็บ Lab
A2: เลขที่เอกสาร | C2: DBR/2570/0009 | D2: หน่วยงาน | E2: กลุ่มงานเทคนิคการแพทย์ฯ | H2: แหล่งเงิน | I2: เงินบำรุง | K2: ปีงบประมาณ | L2: 2570 | N2: สถานะ | O2: ฉบับร่าง
A3: ยอดในระบบ | C3: 53413677 | D3: ผลต่างจากรายการ | E3: =M298-C3 -> 0 | F3: ช่องรหัสสินค้าสีเหลืองกรอกหรือแก้รหัสได้ แท็บยาย้ายรหัสจากหมายเหตุมาไว้ในคอลัมน์นี้ ผลยืนยันเลือก ถูกต้อง / ต้องแก้ไข / ยังไม่ครบ / ข้าม มูลค่าที่ของบคำนวณจากปริมาณที่ของบ × ราคา/หน่วยนับ ยังไม่ผูกสินค้าในระบบ
A4: ลำดับ | B4: รหัสสินค้า | C4: รายการสินค้า | D4: ประเภทวัสดุ | E4: หน่วยนับ | F4: ปริมาณใช้ปี 2567 | G4: ปริมาณใช้ปี 2568 | H4: ปริมาณใช้ปี 2569 | I4: ปริมาณคงเหลือยกมา | J4: มูลค่าคงเหลือยกมา | K4: ปริมาณที่ของบ | L4: ราคา/หน่วยนับ | M4: มูลค่าที่ของบ | N4: หมายเหตุ | O4: ผลยืนยัน
A5: 1 | C5: EDTA K3 Tube 3 ml. | D5: LAB (ทั่วไป) | K5: 1 | L5: 504000 | M5: =IF(OR(K5="",L5=""),"",K5*L5) -> 504000 | N5: เงินบำรุงรพ.งบ 70 e-bidding
A6: 2 | C6: Lithium Heparin Tube 4 ml. | D6: LAB (ทั่วไป) | K6: 1 | L6: 540000 | M6: =IF(OR(K6="",L6=""),"",K6*L6) -> 540000 | N6: เงินบำรุงรพ.งบ 70 e-bidding
A7: 3 | C7: Serum Clot Activator Tube 4 ml. | D7: LAB (ทั่วไป) | K7: 1 | L7: 196000 | M7: =IF(OR(K7="",L7=""),"",K7*L7) -> 196000 | N7: เงินบำรุงรพ.งบ 70 e-bidding
A8: 4 | C8: Sodium Citrate Tube 3 ml. | D8: LAB (ทั่วไป) | K8: 1 | L8: 118800 | M8: =IF(OR(K8="",L8=""),"",K8*L8) -> 118800 | N8: เงินบำรุงรพ.งบ 70 e-bidding
A9: 5 | C9: Sodium Fluoride Tube 2 ml. | D9: LAB (ทั่วไป) | K9: 1 | L9: 465000 | M9: =IF(OR(K9="",L9=""),"",K9*L9) -> 465000 | N9: เงินบำรุงรพ.งบ 70 e-bidding
A10: 6 | C10: แถบตรวจน้ำตาลในเลือดปลายนิ้ว (Blood Glucose Strip) | D10: LAB (ทั่วไป) | K10: 1 | L10: 1572000 | M10: =IF(OR(K10="",L10=""),"",K10*L10) -> 1572000 | N10: เงินบำรุงรพ.งบ 70 e-bidding
A11: 7 | C11: BUN | D11: LAB (ทั่วไป) | K11: 1 | L11: 466092 | M11: =IF(OR(K11="",L11=""),"",K11*L11) -> 466092 | N11: เงินบำรุงรพ.งบ 70 e-bidding แผนการ 3 ปี (แผนการใช้ปีงบ 70)
A12: 8 | C12: Creatinine (enzymatic) | D12: LAB (ทั่วไป) | K12: 1 | L12: 755492 | M12: =IF(OR(K12="",L12=""),"",K12*L12) -> 755492 | N12: เงินบำรุงรพ.งบ 70 e-bidding แผนการ 3 ปี (แผนการใช้ปีงบ 70)
A13: 9 | C13: Sodium | D13: LAB (ทั่วไป) | K13: 1 | L13: 517880 | M13: =IF(OR(K13="",L13=""),"",K13*L13) -> 517880 | N13: เงินบำรุงรพ.งบ 70 e-bidding แผนการ 3 ปี (แผนการใช้ปีงบ 70)
A14: 10 | C14: Potassium | D14: LAB (ทั่วไป) | K14: 1 | L14: 569668 | M14: =IF(OR(K14="",L14=""),"",K14*L14) -> 569668 | N14: เงินบำรุงรพ.งบ 70 e-bidding แผนการ 3 ปี (แผนการใช้ปีงบ 70)
A15: 11 | C15: Chloride | D15: LAB (ทั่วไป) | K15: 1 | L15: 517880 | M15: =IF(OR(K15="",L15=""),"",K15*L15) -> 517880 | N15: เงินบำรุงรพ.งบ 70 e-bidding แผนการ 3 ปี (แผนการใช้ปีงบ 70)
A16: 12 | C16: ECO2 | D16: LAB (ทั่วไป) | K16: 1 | L16: 479039 | M16: =IF(OR(K16="",L16=""),"",K16*L16) -> 479039 | N16: เงินบำรุงรพ.งบ 70 e-bidding แผนการ 3 ปี (แผนการใช้ปีงบ 70)
... A297: 293 | C297: Urinanalysis Control Levels 1 and 2 12X12 ml. | D297: LAB (ทั่วไป) | K297: 1 | L297: 9000 | M297: =IF(OR(K297="",L297=""),"",K297*L297) -> 9000 | N297: เงินบำรุงรพ.งบ 70 เฉพาะเจาะจง
A298: รวม | K298: =SUM(K5:K297) -> 293 | M298: =SUM(M5:M297) -> 53413677
A299: รวม 293 รายการ · DBR/2570/0009 · แท็บ Lab · หน่วยงาน กลุ่มงานเทคนิคการแพทย์ฯ · โมเดล departmental.budget.request.material.detail · ส่งออกจากฐาน VPK-S1 วันที่ 12 ต.ค. 2569 · ต้นทางไฟล์ แบบฟอร์มที่ 3 แผนปีงบประมาณ 2570 หมวดวัสดุ.xlsx

Sheet LabCOVID
A1: โรงพยาบาลวชิระภูเก็ต · คำของบวัสดุ ปี 2570 · แท็บ LabCOVID
A2: เลขที่เอกสาร | C2: DBR/2570/0010 | D2: หน่วยงาน | E2: กลุ่มงานเทคนิคการแพทย์ฯ | H2: แหล่งเงิน | I2: เงินบำรุง | K2: ปีงบประมาณ | L2: 2570 | N2: สถานะ | O2: ฉบับร่าง
A3: ยอดในระบบ | C3: 998960 | D3: ผลต่างจากรายการ | E3: =M7-C3 -> 0 | F3: ช่องรหัสสินค้าสีเหลืองกรอกหรือแก้รหัสได้ แท็บยาย้ายรหัสจากหมายเหตุมาไว้ในคอลัมน์นี้ ผลยืนยันเลือก ถูกต้อง / ต้องแก้ไข / ยังไม่ครบ / ข้าม มูลค่าที่ของบคำนวณจากปริมาณที่ของบ × ราคา/หน่วยนับ ยังไม่ผูกสินค้าในระบบ
A4: ลำดับ | B4: รหัสสินค้า | C4: รายการสินค้า | D4: ประเภทวัสดุ | E4: หน่วยนับ | F4: ปริมาณใช้ปี 2567 | G4: ปริมาณใช้ปี 2568 | H4: ปริมาณใช้ปี 2569 | I4: ปริมาณคงเหลือยกมา | J4: มูลค่าคงเหลือยกมา | K4: ปริมาณที่ของบ | L4: ราคา/หน่วยนับ | M4: มูลค่าที่ของบ | N4: หมายเหตุ | O4: ผลยืนยัน
A5: 1 | C5: ชุดทดสอบหาแอนติเจนต่อเชื้อ SARS-CoV-2 แบบรวดเร็ว (SARS-CoV-2 Rapid Antigen Test) | D5: LAB-COVID | K5: 1 | L5: 500000 | M5: =IF(OR(K5="",L5=""),"",K5*L5) -> 500000 | N5: เงินบำรุงรพ.งบ 70 เฉพาะเจาะจง
A6: 2 | C6: ชุดน้ำยาตรวจหาเชื้อไวรัสโคโรนา 2019-nCoV Ag และเชื้อไวรัสไข้หวัดใหญ่ ชนิดเอ, เชื้อไวรัสไข้หวัดใหญ่ ชนิดบี แบบรวดเร็ว | D6: LAB-COVID | K6: 1 | L6: 498960 | M6: =IF(OR(K6="",L6=""),"",K6*L6) -> 498960 | N6: เงินบำรุงรพ.งบ 70 เฉพาะเจาะจง
A7: รวม | K7: =SUM(K5:K6) -> 2 | M7: =SUM(M5:M6) -> 998960
A8: รวม 2 รายการ · DBR/2570/0010 · แท็บ LabCOVID · หน่วยงาน กลุ่มงานเทคนิคการแพทย์ฯ · โมเดล departmental.budget.request.material.detail · ส่งออกจากฐาน VPK-S1 วันที่ 12 ต.ค. 2569 · ต้นทางไฟล์ แบบฟอร์มที่ 3 แผนปีงบประมาณ 2570 หมวดวัสดุ.xlsx

Sheet พยาธิกายวิภาค
A1: โรงพยาบาลวชิระภูเก็ต · คำของบวัสดุ ปี 2570 · แท็บ พยาธิกายวิภาค
A2: เลขที่เอกสาร | C2: DBR/2570/0011 | D2: หน่วยงาน | E2: กลุ่มงานเทคนิคการแพทย์ฯ | H2: แหล่งเงิน | I2: เงินบำรุง | K2: ปีงบประมาณ | L2: 2570 | N2: สถานะ | O2: ฉบับร่าง
A3: ยอดในระบบ | C3: 1199640 | D3: ผลต่างจากรายการ | E3: =M28-C3 -> 0 | F3: ช่องรหัสสินค้าสีเหลืองกรอกหรือแก้รหัสได้ แท็บยาย้ายรหัสจากหมายเหตุมาไว้ในคอลัมน์นี้ ผลยืนยันเลือก ถูกต้อง / ต้องแก้ไข / ยังไม่ครบ / ข้าม มูลค่าที่ของบคำนวณจากปริมาณที่ของบ × ราคา/หน่วยนับ ยังไม่ผูกสินค้าในระบบ
A4: ลำดับ | B4: รหัสสินค้า | C4: รายการสินค้า | D4: ประเภทวัสดุ | E4: หน่วยนับ | F4: ปริมาณใช้ปี 2567 | G4: ปริมาณใช้ปี 2568 | H4: ปริมาณใช้ปี 2569 | I4: ปริมาณคงเหลือยกมา | J4: มูลค่าคงเหลือยกมา | K4: ปริมาณที่ของบ | L4: ราคา/หน่วยนับ | M4: มูลค่าที่ของบ | N4: หมายเหตุ | O4: ผลยืนยัน
A5: 1 | C5: 15 ml. Centrifuge Tube Bulk Sterile (500 pcs.) | D5: พยาธิกายวิภาค | K5: 1 | L5: 12000 | M5: =IF(OR(K5="",L5=""),"",K5*L5) -> 12000 | N5: เงินบำรุงรพ.งบ 70 เฉพาะเจาะจง
A6: 2 | C6: Absolute Alcohol 2.5 L. | D6: พยาธิกายวิภาค | K6: 1 | L6: 23400 | M6: =IF(OR(K6="",L6=""),"",K6*L6) -> 23400 | N6: เงินบำรุงรพ.งบ 70 เฉพาะเจาะจง
A7: 3 | C7: Cover Glass 24 x 60 mm. (10X100 pcs.) | D7: พยาธิกายวิภาค | K7: 1 | L7: 4800 | M7: =IF(OR(K7="",L7=""),"",K7*L7) -> 4800 | N7: เงินบำรุงรพ.งบ 70 เฉพาะเจาะจง
A8: 4 | C8: Cytorich red,standard 3.8 L. | D8: พยาธิกายวิภาค | K8: 1 | L8: 69550 | M8: =IF(OR(K8="",L8=""),"",K8*L8) -> 69550 | N8: เงินบำรุงรพ.งบ 70 เฉพาะเจาะจง
A9: 5 | C9: EZ Megafunnel (25 EA) | D9: พยาธิกายวิภาค | K9: 1 | L9: 337050 | M9: =IF(OR(K9="",L9=""),"",K9*L9) -> 337050 | N9: เงินบำรุงรพ.งบ 70 เฉพาะเจาะจง
A10: 6 | C10: EZ Cytofunnel single (40 EA) | D10: พยาธิกายวิภาค | K10: 1 | L10: 192600 | M10: =IF(OR(K10="",L10=""),"",K10*L10) -> 192600 | N10: เงินบำรุงรพ.งบ 70 เฉพาะเจาะจง
A11: 7 | C11: Hydrochloric Acid 37% AR 2.5 ลิตร | D11: พยาธิกายวิภาค | K11: 1 | L11: 1000 | M11: =IF(OR(K11="",L11=""),"",K11*L11) -> 1000 | N11: เงินบำรุงรพ.งบ 70 เฉพาะเจาะจง
A12: 8 | C12: Microscope Slide Frosted (72 pcs.) | D12: พยาธิกายวิภาค | K12: 1 | L12: 3900 | M12: =IF(OR(K12="",L12=""),"",K12*L12) -> 3900 | N12: เงินบำรุงรพ.งบ 70 เฉพาะเจาะจง
A13: 9 | C13: PAP1 Hematoxyline Solution 1,000 ml. (CV LAB) | D13: พยาธิกายวิภาค | K13: 1 | L13: 10000 | M13: =IF(OR(K13="",L13=""),"",K13*L13) -> 10000 | N13: เงินบำรุงรพ.งบ 70 เฉพาะเจาะจง
A14: 10 | C14: PAP1 Hematoxyline Solution 2,500 ml. (MERCK) | D14: พยาธิกายวิภาค | K14: 1 | L14: 18000 | M14: =IF(OR(K14="",L14=""),"",K14*L14) -> 18000 | N14: เงินบำรุงรพ.งบ 70 เฉพาะเจาะจง
A15: 11 | C15: PAP2 OG-6 1,000 ml. (CV LAB) | D15: พยาธิกายวิภาค | K15: 1 | L15: 8800 | M15: =IF(OR(K15="",L15=""),"",K15*L15) -> 8800 | N15: เงินบำรุงรพ.งบ 70 เฉพาะเจาะจง
A16: 12 | C16: PAP2 OG-6 2,500 ml. (MERCK) | D16: พยาธิกายวิภาค | K16: 1 | L16: 16500 | M16: =IF(OR(K16="",L16=""),"",K16*L16) -> 16500 | N16: เงินบำรุงรพ.งบ 70 เฉพาะเจาะจง
... A27: 23 | C27: Sticker Barcode 50x20 mm. (2,000 pcs.) มีรอยปรุ (ขนาดแกน 1.5 นิ้ว) | D27: พยาธิกายวิภาค | K27: 1 | L27: 4800 | M27: =IF(OR(K27="",L27=""),"",K27*L27) -> 4800 | N27: เงินบำรุงรพ.งบ 70 เฉพาะเจาะจง
A28: รวม | K28: =SUM(K5:K27) -> 23 | M28: =SUM(M5:M27) -> 1199640
A29: รวม 23 รายการ · DBR/2570/0011 · แท็บ พยาธิกายวิภาค · หน่วยงาน กลุ่มงานเทคนิคการแพทย์ฯ · โมเดล departmental.budget.request.material.detail · ส่งออกจากฐาน VPK-S1 วันที่ 12 ต.ค. 2569 · ต้นทางไฟล์ แบบฟอร์มที่ 3 แผนปีงบประมาณ 2570 หมวดวัสดุ.xlsx

Sheet ธนาคารเลือด
A1: โรงพยาบาลวชิระภูเก็ต · คำของบวัสดุ ปี 2570 · แท็บ ธนาคารเลือด
A2: เลขที่เอกสาร | C2: DBR/2570/0012 | D2: หน่วยงาน | E2: งานธนาคารเลือด | H2: แหล่งเงิน | I2: เงินบำรุง | K2: ปีงบประมาณ | L2: 2570 | N2: สถานะ | O2: ฉบับร่าง
A3: ยอดในระบบ | C3: 17933878 | D3: ผลต่างจากรายการ | E3: =M82-C3 -> 0 | F3: ช่องรหัสสินค้าสีเหลืองกรอกหรือแก้รหัสได้ แท็บยาย้ายรหัสจากหมายเหตุมาไว้ในคอลัมน์นี้ ผลยืนยันเลือก ถูกต้อง / ต้องแก้ไข / ยังไม่ครบ / ข้าม มูลค่าที่ของบคำนวณจากปริมาณที่ของบ × ราคา/หน่วยนับ ยังไม่ผูกสินค้าในระบบ
A4: ลำดับ | B4: รหัสสินค้า | C4: รายการสินค้า | D4: ประเภทวัสดุ | E4: หน่วยนับ | F4: ปริมาณใช้ปี 2567 | G4: ปริมาณใช้ปี 2568 | H4: ปริมาณใช้ปี 2569 | I4: ปริมาณคงเหลือยกมา | J4: มูลค่าคงเหลือยกมา | K4: ปริมาณที่ของบ | L4: ราคา/หน่วยนับ | M4: มูลค่าที่ของบ | N4: หมายเหตุ | O4: ผลยืนยัน
A5: 1 | C5: ถุงสำหรับบรรจุโลหิตชนิด 2 ถุง ขนาด 350 มิลลิลิตร | D5: ธนาคารเลือด | K5: 1 | L5: 240364.8 | M5: =IF(OR(K5="",L5=""),"",K5*L5) -> 240364.8 | N5: เงินบำรุงรพ.งบ 70 E-Bidding
A6: 2 | C6: ถุงสำหรับบรรจุโลหิตชนิด 2 ถุง ขนาด 450 มิลลิลิตร | D6: ธนาคารเลือด | K6: 1 | L6: 300456 | M6: =IF(OR(K6="",L6=""),"",K6*L6) -> 300456 | N6: เงินบำรุงรพ.งบ 70 E-Bidding
A7: 3 | C7: ถุงสำหรับบรรจุโลหิตชนิด 3 ถุง ขนาด 450 มิลลิลิตร | D7: ธนาคารเลือด | K7: 1 | L7: 332812.8 | M7: =IF(OR(K7="",L7=""),"",K7*L7) -> 332812.8 | N7: เงินบำรุงรพ.งบ 70 E-Bidding
A8: 4 | C8: ถุงสำหรับบรรจุโลหิตชนิด 4 ถุง ขนาด 450 มิลลิลิตร | D8: ธนาคารเลือด | K8: 1 | L8: 1309680 | M8: =IF(OR(K8="",L8=""),"",K8*L8) -> 1309680 | N8: เงินบำรุงรพ.งบ 70 E-Bidding
A9: 5 | C9: ถุงเจาะเลือดสำหรับกรองเม็ดเลือดขาวออกจากเม็ดเลือดแดง ชนิด 5 ถุง | D9: ธนาคารเลือด | K9: 1 | L9: 5007600 | M9: =IF(OR(K9="",L9=""),"",K9*L9) -> 5007600 | N9: เงินบำรุงรพ.งบ 70 E-Bidding
A10: 6 | C10: ชุดอุปกรณ์ตัดและเชื่อมสายถุงเลือดอัตโนมัติแบบปราศจากเชื้อ | D10: ธนาคารเลือด | K10: 1 | L10: 667680 | M10: =IF(OR(K10="",L10=""),"",K10*L10) -> 667680 | N10: เงินบำรุงรพ.งบ 70 E-Bidding
A11: 7 | C11: ชุดกรองเม็ดเลือดขาวออกจากเม็ดเลือดแดง | D11: ธนาคารเลือด | K11: 1 | L11: 500760 | M11: =IF(OR(K11="",L11=""),"",K11*L11) -> 500760 | N11: เงินบำรุงรพ.งบ 70 E-Bidding
A12: 8 | C12: น้ำยา Anti-Lea 1x2 ml. | D12: ธนาคารเลือด | K12: 1 | L12: 132000 | M12: =IF(OR(K12="",L12=""),"",K12*L12) -> 132000 | N12: เงินบำรุงรพ.งบ 70 E-Bidding
A13: 9 | C13: น้ำยา Anti-Leb 1x2 ml | D13: ธนาคารเลือด | K13: 1 | L13: 96000 | M13: =IF(OR(K13="",L13=""),"",K13*L13) -> 96000 | N13: เงินบำรุงรพ.งบ 70 E-Bidding
A14: 10 | C14: น้ำยา Anti-Jka 1x2 ml. | D14: ธนาคารเลือด | K14: 1 | L14: 139200 | M14: =IF(OR(K14="",L14=""),"",K14*L14) -> 139200 | N14: เงินบำรุงรพ.งบ 70 E-Bidding
A15: 11 | C15: น้ำยา Anti-Jkb 1x2 ml. | D15: ธนาคารเลือด | K15: 1 | L15: 139200 | M15: =IF(OR(K15="",L15=""),"",K15*L15) -> 139200 | N15: เงินบำรุงรพ.งบ 70 E-Bidding
A16: 12 | C16: น้ำยา Anti-C 1x5 ml. | D16: ธนาคารเลือด | K16: 1 | L16: 81600 | M16: =IF(OR(K16="",L16=""),"",K16*L16) -> 81600 | N16: เงินบำรุงรพ.งบ 70 E-Bidding
... A81: 77 | C81: Heat Treated Freeze Dried Cryoprecipitate (HTFDC) (200 IU/Bottle) | D81: ธนาคารเลือด | K81: 1 | L81: 360000 | M81: =IF(OR(K81="",L81=""),"",K81*L81) -> 360000 | N81: เงินบำรุงรพ.งบ 70 ศูนย์บริการโลหิตแห่งชาติ สภากาชาดไทย
A82: รวม | K82: =SUM(K5:K81) -> 77 | M82: =SUM(M5:M81) -> 17933878
A83: รวม 77 รายการ · DBR/2570/0012 · แท็บ ธนาคารเลือด · หน่วยงาน งานธนาคารเลือด · โมเดล departmental.budget.request.material.detail · ส่งออกจากฐาน VPK-S1 วันที่ 12 ต.ค. 2569 · ต้นทางไฟล์ แบบฟอร์มที่ 3 แผนปีงบประมาณ 2570 หมวดวัสดุ.xlsx

Sheet ยา
A1: โรงพยาบาลวชิระภูเก็ต · คำของบวัสดุ ปี 2570 · แท็บ ยา
A2: เลขที่เอกสาร | C2: DBR/2570/0013 | D2: หน่วยงาน | E2: กลุ่มงานเภสัชกรรม | H2: แหล่งเงิน | I2: เงินบำรุง | K2: ปีงบประมาณ | L2: 2570 | N2: สถานะ | O2: ฉบับร่าง
A3: ยอดในระบบ | C3: 5.7251695e+08 | D3: ผลต่างจากรายการ | E3: =M1064-C3 -> 0 | F3: ช่องรหัสสินค้าสีเหลืองกรอกหรือแก้รหัสได้ แท็บยาย้ายรหัสจากหมายเหตุมาไว้ในคอลัมน์นี้ ผลยืนยันเลือก ถูกต้อง / ต้องแก้ไข / ยังไม่ครบ / ข้าม มูลค่าที่ของบคำนวณจากปริมาณที่ของบ × ราคา/หน่วยนับ ยังไม่ผูกสินค้าในระบบ
A4: ลำดับ | B4: รหัสสินค้า | C4: รายการสินค้า | D4: ประเภทวัสดุ | E4: หน่วยนับ | F4: ปริมาณใช้ปี 2567 | G4: ปริมาณใช้ปี 2568 | H4: ปริมาณใช้ปี 2569 | I4: ปริมาณคงเหลือยกมา | J4: มูลค่าคงเหลือยกมา | K4: ปริมาณที่ของบ | L4: ราคา/หน่วยนับ | M4: มูลค่าที่ของบ | N4: หมายเหตุ | O4: ผลยืนยัน
A5: 1 | C5: [ตลับ50g] UREA in TA1 cream 20% ตลับ50g | D5: ยา + ยาเอกซเรย์ | K5: 0 | L5: 76 | M5: =IF(OR(K5="",L5=""),"",K5*L5) -> 0
A6: 2 | B6: 13933 | C6: DOTAREM 10 mL (gadolinium contrast media) [X-RAY] 0.5 mmol/mL VIAL | D6: ยา + ยาเอกซเรย์ | K6: 0 | L6: 684.8 | M6: =IF(OR(K6="",L6=""),"",K6*L6) -> 0
A7: 3 | B7: 135 | C7: Ergotamine 1 mg +Caffeine 100 mg tablet | D7: ยา + ยาเอกซเรย์ | K7: 0 | L7: 0 | M7: =IF(OR(K7="",L7=""),"",K7*L7) -> 0
A8: 4 | B8: 858 | C8: LIDOCAINE 1% + EPINEPHRINE 50ML INJ.(1:200000) 1%+(1:200,000) VIAL | D8: ยา + ยาเอกซเรย์ | K8: 0 | L8: 64.2 | M8: =IF(OR(K8="",L8=""),"",K8*L8) -> 0
A9: 5 | B9: 857 | C9: LIDOCAINE 2%+ EPINEPHRINE 50ML INJ. 2%+(1:200,000) VIAL | D9: ยา + ยาเอกซเรย์ | K9: 0 | L9: 0 | M9: =IF(OR(K9="",L9=""),"",K9*L9) -> 0
A10: 6 | B10: 13861 | C10: Posaconazole 100 mg tablet | D10: ยา + ยาเอกซเรย์ | K10: 0 | L10: 0 | M10: =IF(OR(K10="",L10=""),"",K10*L10) -> 0
A11: 7 | B11: 784 | C11: Ribavirin เฉพาะอายุรแพทย์ทางเดินอาหาร 200 mg TABLET | D11: ยา + ยาเอกซเรย์ | K11: 0 | L11: 0 | M11: =IF(OR(K11="",L11=""),"",K11*L11) -> 0
A12: 8 | B12: 662 | C12: Vincristine 2 mg/2 mL injection | D12: ยา + ยาเอกซเรย์ | K12: 0 | L12: 0 | M12: =IF(OR(K12="",L12=""),"",K12*L12) -> 0
A13: 9 | B13: 916 | C13: Voriconazole (VFEND) [งข1] 200 mg TABLET | D13: ยา + ยาเอกซเรย์ | K13: 0 | L13: 0 | M13: =IF(OR(K13="",L13=""),"",K13*L13) -> 0
A14: 10 | B14: 90 | C14: Chlorpheniramine 4 mg tablet | D14: ยา + ยาเอกซเรย์ | K14: 2 | L14: 59.92 | M14: =IF(OR(K14="",L14=""),"",K14*L14) -> 119.84
A15: 11 | B15: 931 | C15: CLOTRIMAZOLE EAR DROPS 15 mL (CANDID) 1%w/v BOTTLE | D15: ยา + ยาเอกซเรย์ | K15: 5 | L15: 60 | M15: =IF(OR(K15="",L15=""),"",K15*L15) -> 300
A16: 12 | B16: 736 | C16: Nevirapine 10 mg/mL suspension, 60 mL | D16: ยา + ยาเอกซเรย์ | K16: 5 | L16: 65 | M16: =IF(OR(K16="",L16=""),"",K16*L16) -> 325
A17: 13 | B17: 603 | C17: Methylene blue 1%, 5 mL injection | D17: ยา + ยาเอกซเรย์ | K17: 1 | L17: 500 | M17: =IF(OR(K17="",L17=""),"",K17*L17) -> 500
... A692: 688 | B692: 551 | C692: Simvastatin 20 mg tablet | D692: ยา + ยาเอกซเรย์ | K692: 32000 | L692: 48.15 | M692: =IF(OR(K692="",L692=""),"",K692*L692) -> 1540800
A693: 689 | C693: [ตลับ50g] UREA in TA1 cream 10% ตลับ50g | D693: ยา + ยาเอกซเรย์ | K693: 22000 | L693: 72 | M693: =IF(OR(K693="",L693=""),"",K693*L693) -> 1584000
A694: 690 | B694: 13284 | C694: Ceftriaxone 2 g injection | D694: ยา + ยาเอกซเรย์ | K694: 30000 | L694: 53.5 | M694: =IF(OR(K694="",L694=""),"",K694*L694) -> 1605000
A695: 691 | B695: 151 | C695: Levodopa 200 mg + Benseraside 50 mg tablet | D695: ยา + ยาเอกซเรย์ | K695: 3000 | L695: 535 | M695: =IF(OR(K695="",L695=""),"",K695*L695) -> 1605000
A696: 692 | B696: 477 | C696: Peritoneal dialysis (1.5% CAPD2), 2 L | D696: ยา + ยาเอกซเรย์ | K696: 10000 | L696: 160.5 | M696: =IF(OR(K696="",L696=""),"",K696*L696) -> 1605000
A697: 693 | B697: 13150 | C697: Adalimumab 40 mg/0.8 mL injection | D697: ยา + ยาเอกซเรย์ | K697: 460 | L697: 3560 | M697: =IF(OR(K697="",L697=""),"",K697*L697) -> 1637600
A698: 694 | B698: 15234 | C698: Nilotinib 200 mg capsule | D698: ยา + ยาเอกซเรย์ | K698: 40 | L698: 41623 | M698: =IF(OR(K698="",L698=""),"",K698*L698) -> 1664920
A699: 695 | B699: 13268 | C699: Budesonide 1 mg/2 mL nebuliser suspension | D699: ยา + ยาเอกซเรย์ | K699: 2000 | L699: 854.93 | M699: =IF(OR(K699="",L699=""),"",K699*L699) -> 1709860
A700: 696 | B700: 13793 | C700: Brinzolamide 1% +Timolol 0.5% ED, 5 mL bottle | D700: ยา + ยาเอกซเรย์ | K700: 9000 | L700: 192.6 | M700: =IF(OR(K700="",L700=""),"",K700*L700) -> 1733400
A701: 697 | B701: 519 | C701: Clopidogrel 75 mg tablet | D701: ยา + ยาเอกซเรย์ | K701: 9000 | L701: 195 | M701: =IF(OR(K701="",L701=""),"",K701*L701) -> 1755000
A702: 698 | B702: 12 | C702: Omeprazole 20 mg capsule | D702: ยา + ยาเอกซเรย์ | K702: 33000 | L702: 55 | M702: =IF(OR(K702="",L702=""),"",K702*L702) -> 1815000
A703: 699 | B703: 873 | C703: Ertapenem sodium 1 g injection | D703: ยา + ยาเอกซเรย์ | K703: 2000 | L703: 935.18 | M703: =IF(OR(K703="",L703=""),"",K703*L703) -> 1870360
A704: 700 | B704: 242 | C704: Desmopressin 0.1 mg tablet | D704: ยา + ยาเอกซเรย์ | K704: 1000 | L704: 1887.48 | M704: =IF(OR(K704="",L704=""),"",K704*L704) -> 1887480
A705: 701 | B705: 101 | C705: ยาระบายมะขามแขก | D705: ยา + ยาเอกซเรย์ | K705: 21000 | L705: 90 | M705: =IF(OR(K705="",L705=""),"",K705*L705) -> 1890000
... A1063: 1059 | B1063: 21 | C1063: Castor oil (น้ำมันระหุ่ง) 450 mL | D1063: ยา + ยาเอกซเรย์ | K1063: 0 | L1063: 0 | M1063: =IF(OR(K1063="",L1063=""),"",K1063*L1063) -> 0
A1064: รวม | K1064: =SUM(K5:K1063) -> 2760254 | M1064: =SUM(M5:M1063) -> 5.7251695e+08
A1065: รวม 1059 รายการ · DBR/2570/0013 · แท็บ ยา · หน่วยงาน กลุ่มงานเภสัชกรรม · โมเดล departmental.budget.request.material.detail · ส่งออกจากฐาน VPK-S1 วันที่ 12 ต.ค. 2569 · ต้นทางไฟล์ แบบฟอร์มที่ 3 แผนปีงบประมาณ 2570 หมวดวัสดุ.xlsx

Sheet วัสดุเภสัชกรรม
A1: โรงพยาบาลวชิระภูเก็ต · คำของบวัสดุ ปี 2570 · แท็บ วัสดุเภสัชกรรม
A2: เลขที่เอกสาร | C2: DBR/2570/0014 | D2: หน่วยงาน | E2: กลุ่มงานเภสัชกรรม | H2: แหล่งเงิน | I2: เงินบำรุง | K2: ปีงบประมาณ | L2: 2570 | N2: สถานะ | O2: ฉบับร่าง
A3: ยอดในระบบ | C3: 11563021 | D3: ผลต่างจากรายการ | E3: =M113-C3 -> 0 | F3: ช่องรหัสสินค้าสีเหลืองกรอกหรือแก้รหัสได้ แท็บยาย้ายรหัสจากหมายเหตุมาไว้ในคอลัมน์นี้ ผลยืนยันเลือก ถูกต้อง / ต้องแก้ไข / ยังไม่ครบ / ข้าม มูลค่าที่ของบคำนวณจากปริมาณที่ของบ × ราคา/หน่วยนับ ยังไม่ผูกสินค้าในระบบ
A4: ลำดับ | B4: รหัสสินค้า | C4: รายการสินค้า | D4: ประเภทวัสดุ | E4: หน่วยนับ | F4: ปริมาณใช้ปี 2567 | G4: ปริมาณใช้ปี 2568 | H4: ปริมาณใช้ปี 2569 | I4: ปริมาณคงเหลือยกมา | J4: มูลค่าคงเหลือยกมา | K4: ปริมาณที่ของบ | L4: ราคา/หน่วยนับ | M4: มูลค่าที่ของบ | N4: หมายเหตุ | O4: ผลยืนยัน
A5: 1 | C5: 70% Sorbitol | D5: เวชภัณฑ์เภสัช | E5: ขวด | K5: 80 | L5: 35.31 | M5: =IF(OR(K5="",L5=""),"",K5*L5) -> 2824.8
A6: 2 | C6: CMC Sodium 1500 (450 gm.) | D6: เวชภัณฑ์เภสัช | E6: กรัม | K6: 2 | L6: 353.1 | M6: =IF(OR(K6="",L6=""),"",K6*L6) -> 706.2
A7: 3 | C7: Cethyl Alcohol | D7: เวชภัณฑ์เภสัช | E7: กล่อง | K7: 0 | L7: 192.6 | M7: =IF(OR(K7="",L7=""),"",K7*L7) -> 0
A8: 4 | C8: Cetomacrogol (1 kg.) | D8: เวชภัณฑ์เภสัช | E8: กล่อง | K8: 0 | L8: 642 | M8: =IF(OR(K8="",L8=""),"",K8*L8) -> 0
A9: 5 | C9: Chloral Hydrate 500 mg | D9: เวชภัณฑ์เภสัช | E9: กล่อง | K9: 5 | L9: 10165 | M9: =IF(OR(K9="",L9=""),"",K9*L9) -> 50825
A10: 6 | C10: Chlorhexidine Cream 50 gm. | D10: เวชภัณฑ์เภสัช | E10: หลอด | K10: 300 | L10: 250 | M10: =IF(OR(K10="",L10=""),"",K10*L10) -> 75000
A11: 7 | C11: Cidex OPA 0.55% | D11: เวชภัณฑ์เภสัช | E11: แกลลอน | K11: 600 | L11: 2750 | M11: =IF(OR(K11="",L11=""),"",K11*L11) -> 1650000
A12: 8 | C12: Citric Acid (450 gm.) | D12: เวชภัณฑ์เภสัช | E12: กระปุก | K12: 25 | L12: 107 | M12: =IF(OR(K12="",L12=""),"",K12*L12) -> 2675
A13: 9 | C13: Coal Tar (450 ml.) | D13: เวชภัณฑ์เภสัช | E13: ขวด | K13: 40 | L13: 963 | M13: =IF(OR(K13="",L13=""),"",K13*L13) -> 38520
A14: 10 | C14: Dettol | D14: เวชภัณฑ์เภสัช | E14: ขวด | K14: 15 | L14: 662.3 | M14: =IF(OR(K14="",L14=""),"",K14*L14) -> 9934.5
A15: 11 | C15: Dimethyl sulphoxide ( DMSO) | D15: เวชภัณฑ์เภสัช | E15: ขวด | K15: 1 | L15: 2996 | M15: =IF(OR(K15="",L15=""),"",K15*L15) -> 2996
A16: 12 | C16: Disodium hydrogen phosphate anhydrous AR | D16: เวชภัณฑ์เภสัช | E16: กระปุก | K16: 40 | L16: 1712 | M16: =IF(OR(K16="",L16=""),"",K16*L16) -> 68480
... A24: 20 | C24: Methyl Paraben (450 gm.) | D24: เวชภัณฑ์เภสัช | E24: กล่อง | K24: 8 | L24: 342.4 | M24: =IF(OR(K24="",L24=""),"",K24*L24) -> 2739.2
A25: 21 | C25: Normaline (ผงเกลือล้างจมูกนอร์มาลีน) | D25: เวชภัณฑ์เภสัช | E25: กล่อง | I25: 2060 | K25: 4000 | L25: 79.18 | M25: =IF(OR(K25="",L25=""),"",K25*L25) -> 316720
A26: 22 | C26: Parafilm 4 x 125 | D26: เวชภัณฑ์เภสัช | E26: ม้วน | K26: 15 | L26: 2300 | M26: =IF(OR(K26="",L26=""),"",K26*L26) -> 34500
A27: 23 | C27: Phosphoric acid 85% AR | D27: เวชภัณฑ์เภสัช | E27: ขวด | K27: 5 | L27: 1819 | M27: =IF(OR(K27="",L27=""),"",K27*L27) -> 9095
A28: 24 | C28: Potassium Chloride | D28: เวชภัณฑ์เภสัช | E28: กล่อง | K28: 2 | L28: 107 | M28: =IF(OR(K28="",L28=""),"",K28*L28) -> 214
A29: 25 | C29: Potassium Iodide | D29: เวชภัณฑ์เภสัช | E29: กล่อง | K29: 2 | L29: 3210 | M29: =IF(OR(K29="",L29=""),"",K29*L29) -> 6420
A30: 26 | C30: Propyl Paraben | D30: เวชภัณฑ์เภสัช | E30: กล่อง | K30: 6 | L30: 374.5 | M30: =IF(OR(K30="",L30=""),"",K30*L30) -> 2247
A31: 27 | C31: Propylene Glycol | D31: เวชภัณฑ์เภสัช | E31: ขวด | K31: 150 | L31: 74.9 | M31: =IF(OR(K31="",L31=""),"",K31*L31) -> 11235
A32: 28 | C32: Q-Bac 2%- 400ml Chlorhexidine Gluconate | D32: เวชภัณฑ์เภสัช | E32: ขวด | K32: 8000 | L32: 150 | M32: =IF(OR(K32="",L32=""),"",K32*L32) -> 1200000
A33: 29 | C33: Q-Bac 4% Liquid soap (Hibiscrb) | D33: เวชภัณฑ์เภสัช | E33: แกลลอน | K33: 400 | L33: 750 | M33: =IF(OR(K33="",L33=""),"",K33*L33) -> 300000
A34: 30 | C34: Red Cap Combi Stopper | D34: เวชภัณฑ์เภสัช | E34: กล่อง | K34: 10 | L34: 2675 | M34: =IF(OR(K34="",L34=""),"",K34*L34) -> 26750
A35: 31 | C35: Saccharin Sodium | D35: เวชภัณฑ์เภสัช | E35: กล่อง | K35: 1 | L35: 1498 | M35: =IF(OR(K35="",L35=""),"",K35*L35) -> 1498
A36: 32 | C36: Salicylic Acid | D36: เวชภัณฑ์เภสัช | E36: กล่อง | K36: 40 | L36: 299.6 | M36: =IF(OR(K36="",L36=""),"",K36*L36) -> 11984
A37: 33 | C37: Silver Nitrate | D37: เวชภัณฑ์เภสัช | E37: ขวด | K37: 3 | L37: 7490 | M37: =IF(OR(K37="",L37=""),"",K37*L37) -> 22470
... A40: 36 | C40: Sodium Citrate | D40: เวชภัณฑ์เภสัช | E40: กล่อง | K40: 10 | L40: 107 | M40: =IF(OR(K40="",L40=""),"",K40*L40) -> 1070
A41: 37 | C41: Soft paraffin (White Vaselin) 50 กรัม | D41: เวชภัณฑ์เภสัช | E41: กระปุก | I41: 3400 | K41: 15000 | L41: 17.2 | M41: =IF(OR(K41="",L41=""),"",K41*L41) -> 258000
A42: 38 | C42: Stearyl Alcohol | D42: เวชภัณฑ์เภสัช | E42: กล่อง | K42: 50 | L42: 214 | M42: =IF(OR(K42="",L42=""),"",K42*L42) -> 10700
A43: 39 | C43: Syrup Simplex | D43: เวชภัณฑ์เภสัช | E43: ขวด | K43: 50 | L43: 520 | M43: =IF(OR(K43="",L43=""),"",K43*L43) -> 26000
A44: 40 | C44: Trichloroacetic Acid | D44: เวชภัณฑ์เภสัช | E44: ขวด | K44: 2 | L44: 1819 | M44: =IF(OR(K44="",L44=""),"",K44*L44) -> 3638
A45: 41 | C45: Urea FK | D45: เวชภัณฑ์เภสัช | E45: กล่อง | K45: 5 | L45: 428 | M45: =IF(OR(K45="",L45=""),"",K45*L45) -> 2140
A46: 42 | C46: Urea 10%+TA0.1% Cream (50 กรัม) | D46: เวชภัณฑ์เภสัช | E46: กระปุก | K46: 24200 | L46: 72 | M46: =IF(OR(K46="",L46=""),"",K46*L46) -> 1742400
A47: 43 | C47: Urea 20%+TA0.1% Cream (50 กรัม) | D47: เวชภัณฑ์เภสัช | E47: กระปุก | K47: 3400 | L47: 76 | M47: =IF(OR(K47="",L47=""),"",K47*L47) -> 258400
A48: 44 | C48: Zinc Oxide Powder | D48: เวชภัณฑ์เภสัช | E48: กล่อง | K48: 20 | L48: 160.5 | M48: =IF(OR(K48="",L48=""),"",K48*L48) -> 3210
A49: 45 | C49: กรวยสแตนเลส 5 นิ้ว แบบไม่มีกรอง | D49: เวชภัณฑ์เภสัช | E49: ใบ | K49: 0 | L49: 250 | M49: =IF(OR(K49="",L49=""),"",K49*L49) -> 0
A50: 46 | C50: กระบอกตวงแก้ว 100ml. | D50: เวชภัณฑ์เภสัช | E50: ใบ | K50: 0 | L50: 420 | M50: =IF(OR(K50="",L50=""),"",K50*L50) -> 0
A51: 47 | C51: กระบอกตวงแก้ว 50ml. | D51: เวชภัณฑ์เภสัช | E51: ใบ | K51: 0 | L51: 400 | M51: =IF(OR(K51="",L51=""),"",K51*L51) -> 0
A52: 48 | C52: กระบอกตวงแก้วสเกลสีฟ้า 250ml. | D52: เวชภัณฑ์เภสัช | E52: ใบ | K52: 0 | L52: 620 | M52: =IF(OR(K52="",L52=""),"",K52*L52) -> 0
A53: 49 | C53: กระปุกยาครีม 150 กรัม | D53: เวชภัณฑ์เภสัช | E53: ใบ | I53: 2000 | K53: 1000 | L53: 10 | M53: =IF(OR(K53="",L53=""),"",K53*L53) -> 10000
A54: 50 | C54: กระปุกใส่ครีม 500 กรัม | D54: เวชภัณฑ์เภสัช | E54: ใบ | K54: 2000 | L54: 18 | M54: =IF(OR(K54="",L54=""),"",K54*L54) -> 36000
A55: 51 | C55: กลิ่นรส Sala Cider SDF 998 (flavor) | D55: เวชภัณฑ์เภสัช | E55: ขวด | K55: 1 | L55: 588.5 | M55: =IF(OR(K55="",L55=""),"",K55*L55) -> 588.5
A56: 52 | C56: กลิ่นรส Sweet Orange No.1 EA(flavor)(500 Ml.) | D56: เวชภัณฑ์เภสัช | E56: ขวด | K56: 1 | L56: 535 | M56: =IF(OR(K56="",L56=""),"",K56*L56) -> 535
A57: 53 | C57: โกร่งบดยา ขนาด 10 ซม. | D57: เวชภัณฑ์เภสัช | E57: ใบ | K57: 0 | L57: 5 | M57: =IF(OR(K57="",L57=""),"",K57*L57) -> 0
A58: 54 | C58: โกร่งบดยา ขนาด 13 ซม. | D58: เวชภัณฑ์เภสัช | E58: ใบ | K58: 0 | L58: 5 | M58: =IF(OR(K58="",L58=""),"",K58*L58) -> 0
A59: 55 | C59: โกร่งบดยา ขนาด 8 ซม. | D59: เวชภัณฑ์เภสัช | E59: ใบ | K59: 0 | L59: 10 | M59: =IF(OR(K59="",L59=""),"",K59*L59) -> 0
A60: 56 | C60: ขวดน้ำพลาสติก ขนาด 120 ซีซี | D60: เวชภัณฑ์เภสัช | E60: ใบ | I60: 800 | K60: 3000 | L60: 1.45 | M60: =IF(OR(K60="",L60=""),"",K60*L60) -> 4350
A61: 57 | C61: ขวดน้ำพลาสติก ขนาด 240 ซีซี | D61: เวชภัณฑ์เภสัช | E61: ใบ | K61: 40000 | L61: 2.6 | M61: =IF(OR(K61="",L61=""),"",K61*L61) -> 104000
A62: 58 | C62: ขวดน้ำพลาสติก ขนาด 30 ซีซี | D62: เวชภัณฑ์เภสัช | E62: ใบ | I62: 5000 | K62: 50000 | L62: 1.4 | M62: =IF(OR(K62="",L62=""),"",K62*L62) -> 70000
A63: 59 | C63: ขวดน้ำพลาสติก ขนาด 60 ซีซี | D63: เวชภัณฑ์เภสัช | E63: ใบ | I63: 10000 | K63: 20000 | L63: 1.6 | M63: =IF(OR(K63="",L63=""),"",K63*L63) -> 32000
A64: 60 | C64: ขวดยา 500 cc. ( 120 ใบ) | D64: เวชภัณฑ์เภสัช | E64: ห่อ | K64: 20 | L64: 540 | M64: =IF(OR(K64="",L64=""),"",K64*L64) -> 10800
A65: 61 | C65: ขวดยาฉีด TYPE II ขนาด 8 ซีซี | D65: เวชภัณฑ์เภสัช | E65: ห่อ | K65: 1000 | L65: 1.32 | M65: =IF(OR(K65="",L65=""),"",K65*L65) -> 1320
A66: 62 | C66: ขวดยาหยอดตา ( แบบพลาสติก) ขนาด 10 ml. | D66: เวชภัณฑ์เภสัช | E66: ชุด | K66: 13000 | L66: 9 | M66: =IF(OR(K66="",L66=""),"",K66*L66) -> 117000
A67: 63 | C67: ขวดหัวปั้ม size 300 cc | D67: เวชภัณฑ์เภสัช | E67: ขวด | K67: 1000 | L67: 26.95 | M67: =IF(OR(K67="",L67=""),"",K67*L67) -> 26950
A68: 64 | C68: ขวดหัวปั้ม size 600 cc | D68: เวชภัณฑ์เภสัช | E68: ขวด | K68: 200 | L68: 150 | M68: =IF(OR(K68="",L68=""),"",K68*L68) -> 30000
A69: 65 | C69: ขวดแก้วสีชา 30 ซีซี พร้อมจุกและฝา | D69: เวชภัณฑ์เภสัช | E69: ใบ | K69: 1000 | L69: 3.6 | M69: =IF(OR(K69="",L69=""),"",K69*L69) -> 3600
A70: 66 | C70: ขวดแก้วสีชา 60 ซีซี พร้อมฝาเกลียว | D70: เวชภัณฑ์เภสัช | E70: ใบ | K70: 2500 | L70: 4 | M70: =IF(OR(K70="",L70=""),"",K70*L70) -> 10000
A71: 67 | C71: ขวดแก้วสีชา มีด๊อปเปอร์ 10 ซีซี | D71: เวชภัณฑ์เภสัช | E71: ใบ | K71: 5000 | L71: 10 | M71: =IF(OR(K71="",L71=""),"",K71*L71) -> 50000
A72: 68 | C72: จุกยางปิดขวด ขนาด 50 ซีซี (20 MM) | D72: เวชภัณฑ์เภสัช | E72: อัน | K72: 2000 | L72: 1.21 | M72: =IF(OR(K72="",L72=""),"",K72*L72) -> 2420
A73: 69 | C73: ซองซิปทึบแสงขนาด 12x22 ซม.พิมพ์ยาเสี่ยงสูง (5,000ใบ/ห่อ) | D73: เวชภัณฑ์เภสัช | E73: ห่อ | I73: 1 | K73: 0 | L73: 4250 | M73: =IF(OR(K73="",L73=""),"",K73*L73) -> 0
A74: 70 | C74: ซองซิปทึบแสงขนาด 16x26 ซม.พิมพ์ยาเสี่ยงสูง (2,500ใบ/ห่อ) | D74: เวชภัณฑ์เภสัช | E74: ห่อ | I74: 11 | K74: 5 | L74: 2950 | M74: =IF(OR(K74="",L74=""),"",K74*L74) -> 14750
A75: 71 | C75: ซองซิปทึบแสงขนาด 9x13 ซม. พิมพ์ยาเสี่ยงสูง | D75: เวชภัณฑ์เภสัช | E75: ห่อ | I75: 3 | K75: 2 | L75: 6250 | M75: =IF(OR(K75="",L75=""),"",K75*L75) -> 12500
A76: 72 | C76: ซองซิปสีชา 9*13 ไม่มีแถบ | D76: เวชภัณฑ์เภสัช | E76: ห่อ | I76: 10 | K76: 30 | L76: 3000 | M76: =IF(OR(K76="",L76=""),"",K76*L76) -> 90000
A77: 73 | C77: ซองซิปสีชา ขนาด 18X28cm | D77: เวชภัณฑ์เภสัช | E77: ห่อ | I77: 3 | K77: 10 | L77: 2700 | M77: =IF(OR(K77="",L77=""),"",K77*L77) -> 27000
A78: 74 | C78: ซองซิปสีชา ขนาด12 X20 | D78: เวชภัณฑ์เภสัช | E78: ห่อ | K78: 10 | L78: 2700 | M78: =IF(OR(K78="",L78=""),"",K78*L78) -> 27000
A79: 75 | C79: ซองซิปสีแดงพิมพ์ High Alert Drug 12x22 ซม. | D79: เวชภัณฑ์เภสัช | E79: ห่อ | I79: 2 | K79: 20 | L79: 4750 | M79: =IF(OR(K79="",L79=""),"",K79*L79) -> 95000
A80: 76 | C80: ซองซิปสีแดงพิมพ์ High Alert Drug 25x35 ซม. | D80: เวชภัณฑ์เภสัช | E80: ห่อ | I80: 15 | K80: 20 | L80: 7050 | M80: =IF(OR(K80="",L80=""),"",K80*L80) -> 141000
A81: 77 | C81: ซองซิปใส 12X20 CM. | D81: เวชภัณฑ์เภสัช | E81: ห่อ | I81: 16 | K81: 200 | L81: 1900 | M81: =IF(OR(K81="",L81=""),"",K81*L81) -> 380000
A82: 78 | C82: ซองซิปใส 12x20 CM. (แถบสีฟ้า ยาชนิดเดียวกัน) | D82: เวชภัณฑ์เภสัช | E82: ห่อ | I82: 5 | K82: 10 | L82: 3961.54 | M82: =IF(OR(K82="",L82=""),"",K82*L82) -> 39615.4
A83: 79 | C83: ซองซิปใส 16X26cm (แช่เย็น) | D83: เวชภัณฑ์เภสัช | E83: ห่อ | I83: 3 | K83: 10 | L83: 7700 | M83: =IF(OR(K83="",L83=""),"",K83*L83) -> 77000
A84: 80 | C84: ซองซิปใส 16x26 CM (แถบสีฟ้า ยาชนิดเดียวกัน) | D84: เวชภัณฑ์เภสัช | E84: ห่อ | I84: 4 | K84: 10 | L84: 7431.82 | M84: =IF(OR(K84="",L84=""),"",K84*L84) -> 74318.2
A85: 81 | C85: ซองซิปใส 16x26 ซม. | D85: เวชภัณฑ์เภสัช | E85: ห่อ | K85: 200 | L85: 1900 | M85: =IF(OR(K85="",L85=""),"",K85*L85) -> 380000
A86: 82 | C86: ซองซิปใส 16x26 ซม.(พิมพ์ยาด่วน) | D86: เวชภัณฑ์เภสัช | E86: ห่อ | K86: 5 | L86: 7700 | M86: =IF(OR(K86="",L86=""),"",K86*L86) -> 38500
A87: 83 | C87: ซองซิปใส 18 x 28 ซม. | D87: เวชภัณฑ์เภสัช | E87: ห่อ | K87: 5 | L87: 1900 | M87: =IF(OR(K87="",L87=""),"",K87*L87) -> 9500
A88: 84 | C88: ซองซิปใส 20x30 ซม. | D88: เวชภัณฑ์เภสัช | E88: ห่อ | I88: 10 | K88: 200 | L88: 950 | M88: =IF(OR(K88="",L88=""),"",K88*L88) -> 190000
A89: 85 | C89: ซองซิปใส 23x35 ซม. | D89: เวชภัณฑ์เภสัช | E89: ห่อ | I89: 6 | K89: 120 | L89: 950 | M89: =IF(OR(K89="",L89=""),"",K89*L89) -> 114000
A90: 86 | C90: ซองซิปใส 5X7cm | D90: เวชภัณฑ์เภสัช | E90: ห่อ | I90: 7 | K90: 10 | L90: 1900 | M90: =IF(OR(K90="",L90=""),"",K90*L90) -> 19000
A91: 87 | C91: ซองซิปใส 9x13 CM. ไม่มีแถบ | D91: เวชภัณฑ์เภสัช | E91: ห่อ | I91: 2 | K91: 150 | L91: 1900 | M91: =IF(OR(K91="",L91=""),"",K91*L91) -> 285000
A92: 88 | C92: ซองยา (Cellophane Paper) | D92: เวชภัณฑ์เภสัช | E92: ห่อ | K92: 150 | L92: 3150 | M92: =IF(OR(K92="",L92=""),"",K92*L92) -> 472500
A93: 89 | C93: ซีลล์รัดคอขวด ขนาด 240 cc.(ขนาดใหญ่) | D93: เวชภัณฑ์เภสัช | E93: ห่อ | K93: 50 | L93: 900 | M93: =IF(OR(K93="",L93=""),"",K93*L93) -> 45000
A94: 90 | C94: ซีลล์รัดคอขวด ขนาด 60 cc. (ขนาดเล็ก) | D94: เวชภัณฑ์เภสัช | E94: ห่อ | K94: 100 | L94: 900 | M94: =IF(OR(K94="",L94=""),"",K94*L94) -> 90000
A95: 91 | C95: ตลับยาครีม ขนาด 10 กรัม | D95: เวชภัณฑ์เภสัช | E95: ตลับ | I95: 300 | K95: 1000 | L95: 1.9 | M95: =IF(OR(K95="",L95=""),"",K95*L95) -> 1900
A96: 92 | C96: ตลับยาครีม ขนาด 30 กรัม | D96: เวชภัณฑ์เภสัช | E96: ตลับ | I96: 29300 | K96: 30000 | L96: 3.5 | M96: =IF(OR(K96="",L96=""),"",K96*L96) -> 105000
A97: 93 | C97: ถุงกระดาษสีน้ำตาลเข้มหนา 50 แกรมไม่พิมพ์ 13x8x22 ซม.( 2000 ใบ ) | D97: เวชภัณฑ์เภสัช | E97: ห่อ | K97: 0 | L97: 2900 | M97: =IF(OR(K97="",L97=""),"",K97*L97) -> 0
A98: 94 | C98: น้ำหอมกลิ่น Rose White | D98: เวชภัณฑ์เภสัช | E98: ขวด | K98: 0 | L98: 963 | M98: =IF(OR(K98="",L98=""),"",K98*L98) -> 0
A99: 95 | C99: บีกเกอร์แก้ว 1000 ml. | D99: เวชภัณฑ์เภสัช | E99: อัน | K99: 0 | L99: 500 | M99: =IF(OR(K99="",L99=""),"",K99*L99) -> 0
A100: 96 | C100: บีกเกอร์แก้ว 100 ml. | D100: เวชภัณฑ์เภสัช | E100: ใบ | K100: 0 | L100: 110 | M100: =IF(OR(K100="",L100=""),"",K100*L100) -> 0
A101: 97 | C101: บีกเกอร์แก้ว 2000 ml. | D101: เวชภัณฑ์เภสัช | E101: อัน | K101: 0 | L101: 780 | M101: =IF(OR(K101="",L101=""),"",K101*L101) -> 0
A102: 98 | C102: บีกเกอร์แก้ว 200 ml. | D102: เวชภัณฑ์เภสัช | E102: ใบ | K102: 0 | L102: 120 | M102: =IF(OR(K102="",L102=""),"",K102*L102) -> 0
A103: 99 | C103: บีกเกอร์แก้ว 30 ml. | D103: เวชภัณฑ์เภสัช | E103: ใบ | K103: 0 | L103: 120 | M103: =IF(OR(K103="",L103=""),"",K103*L103) -> 0
A104: 100 | C104: บีกเกอร์แก้ว 600 ml. | D104: เวชภัณฑ์เภสัช | E104: ใบ | K104: 0 | L104: 330 | M104: =IF(OR(K104="",L104=""),"",K104*L104) -> 0
A105: 101 | C105: บีกเกอร์แก้ว ขนาด 250 ซีซี | D105: เวชภัณฑ์เภสัช | E105: อัน | K105: 0 | L105: 220 | M105: =IF(OR(K105="",L105=""),"",K105*L105) -> 0
A106: 102 | C106: สติ๊กเกอร์ต่อเนื่อง Prepack ขนาด 8.5x4.8 / 6 พิมพ์สีน้ำเงินกระดาษขาวด้าน | D106: เวชภัณฑ์เภสัช | E106: กล่อง | I106: 4 | K106: 5 | L106: 3600 | M106: =IF(OR(K106="",L106=""),"",K106*L106) -> 18000
A107: 103 | C107: สติ๊กเกอร์ม้วน ขนาด 8.5x8 ซม. กระดาษไดเร็กซ์ | D107: เวชภัณฑ์เภสัช | E107: กล่อง | I107: 13 | K107: 350 | L107: 4160 | M107: =IF(OR(K107="",L107=""),"",K107*L107) -> 1456000
A108: 104 | C108: สติ๊กเกอร์ไดเร็ทเทอร์มอล ขนาด8.5x6.1 (หยี่เต้ง) | D108: เวชภัณฑ์เภสัช | E108: กล่อง | I108: 2 | K108: 2 | L108: 4800 | M108: =IF(OR(K108="",L108=""),"",K108*L108) -> 9600
A109: 105 | C109: หัวปั้ม size 300 cc. | D109: เวชภัณฑ์เภสัช | E109: อัน | K109: 500 | L109: 13.95 | M109: =IF(OR(K109="",L109=""),"",K109*L109) -> 6975
...

Sheet ทันตกรรม
A1: โรงพยาบาลวชิระภูเก็ต · คำของบวัสดุ ปี 2570 · แท็บ ทันตกรรม
A2: เลขที่เอกสาร | C2: DBR/2570/0015 | D2: หน่วยงาน | E2: กลุ่มงานทันตกรรม | H2: แหล่งเงิน | I2: เงินบำรุง | K2: ปีงบประมาณ | L2: 2570 | N2: สถานะ | O2: ฉบับร่าง
A3: ยอดในระบบ | C3: 5187197.4 | D3: ผลต่างจากรายการ | E3: =M555-C3 -> 0 | F3: ช่องรหัสสินค้าสีเหลืองกรอกหรือแก้รหัสได้ แท็บยาย้ายรหัสจากหมายเหตุมาไว้ในคอลัมน์นี้ ผลยืนยันเลือก ถูกต้อง / ต้องแก้ไข / ยังไม่ครบ / ข้าม มูลค่าที่ของบคำนวณจากปริมาณที่ของบ × ราคา/หน่วยนับ ยังไม่ผูกสินค้าในระบบ
A4: ลำดับ | B4: รหัสสินค้า | C4: รายการสินค้า | D4: ประเภทวัสดุ | E4: หน่วยนับ | F4: ปริมาณใช้ปี 2567 | G4: ปริมาณใช้ปี 2568 | H4: ปริมาณใช้ปี 2569 | I4: ปริมาณคงเหลือยกมา | J4: มูลค่าคงเหลือยกมา | K4: ปริมาณที่ของบ | L4: ราคา/หน่วยนับ | M4: มูลค่าที่ของบ | N4: หมายเหตุ | O4: ผลยืนยัน
A5: 1 | C5: DIAMOND BUR FG 861EF/010 | D5: ทันตกรรม | K5: 1 | L5: 2850 | M5: =IF(OR(K5="",L5=""),"",K5*L5) -> 2850
A6: 2 | C6: DIAMOND BUR FG 862EF/012 | D6: ทันตกรรม | K6: 1 | L6: 1140 | M6: =IF(OR(K6="",L6=""),"",K6*L6) -> 1140
A7: 3 | C7: DIAMOND BUR FG 862F/014 | D7: ทันตกรรม | K7: 1 | L7: 1710 | M7: =IF(OR(K7="",L7=""),"",K7*L7) -> 1710
A8: 4 | C8: DIAMOND BUR FG 862G/014 | D8: ทันตกรรม | K8: 1 | L8: 1710 | M8: =IF(OR(K8="",L8=""),"",K8*L8) -> 1710
A9: 5 | C9: DIAMOND BUR FG 862G/016 | D9: ทันตกรรม | K9: 1 | L9: 1710 | M9: =IF(OR(K9="",L9=""),"",K9*L9) -> 1710
A10: 6 | C10: DIAMOND BUR FG 862EF/014 | D10: ทันตกรรม | K10: 1 | L10: 1710 | M10: =IF(OR(K10="",L10=""),"",K10*L10) -> 1710
A11: 7 | C11: DIAMOND BUR FG 858EF/012 | D11: ทันตกรรม | K11: 1 | L11: 1710 | M11: =IF(OR(K11="",L11=""),"",K11*L11) -> 1710
A12: 8 | C12: DIAMOND BUR FG 858EF/014 | D12: ทันตกรรม | K12: 1 | L12: 1710 | M12: =IF(OR(K12="",L12=""),"",K12*L12) -> 1710
A13: 9 | C13: DIAMOND BUR FG 858F/014 | D13: ทันตกรรม | K13: 1 | L13: 1710 | M13: =IF(OR(K13="",L13=""),"",K13*L13) -> 1710
A14: 10 | C14: DIAMOND BUR FG 858F/012 | D14: ทันตกรรม | K14: 1 | L14: 1710 | M14: =IF(OR(K14="",L14=""),"",K14*L14) -> 1710
A15: 11 | C15: DIAMOND BUR FG 858/012 | D15: ทันตกรรม | K15: 1 | L15: 1710 | M15: =IF(OR(K15="",L15=""),"",K15*L15) -> 1710
A16: 12 | C16: DIAMOND BUR FG 858/010 | D16: ทันตกรรม | K16: 1 | L16: 1710 | M16: =IF(OR(K16="",L16=""),"",K16*L16) -> 1710
... A554: 550 | C554: ZOOM CHAIRSDE | D554: ทันตกรรม | K554: 1 | L554: 25200 | M554: =IF(OR(K554="",L554=""),"",K554*L554) -> 25200
A555: รวม | K555: =SUM(K5:K554) -> 481 | M555: =SUM(M5:M554) -> 5187197.4
A556: รวม 550 รายการ · DBR/2570/0015 · แท็บ ทันตกรรม · หน่วยงาน กลุ่มงานทันตกรรม · โมเดล departmental.budget.request.material.detail · ส่งออกจากฐาน VPK-S1 วันที่ 12 ต.ค. 2569 · ต้นทางไฟล์ แบบฟอร์มที่ 3 แผนปีงบประมาณ 2570 หมวดวัสดุ.xlsx

Sheet โภชนาการ
A1: โรงพยาบาลวชิระภูเก็ต · คำของบวัสดุ ปี 2570 · แท็บ โภชนาการ
A2: เลขที่เอกสาร | C2: DBR/2570/0016 | D2: หน่วยงาน | E2: งานโภชนาการ กลุ่มงาน โภชนศาตร์ | H2: แหล่งเงิน | I2: เงินบำรุง | K2: ปีงบประมาณ | L2: 2570 | N2: สถานะ | O2: ฉบับร่าง
A3: ยอดในระบบ | C3: 50403620 | D3: ผลต่างจากรายการ | E3: =M331-C3 -> 0 | F3: ช่องรหัสสินค้าสีเหลืองกรอกหรือแก้รหัสได้ แท็บยาย้ายรหัสจากหมายเหตุมาไว้ในคอลัมน์นี้ ผลยืนยันเลือก ถูกต้อง / ต้องแก้ไข / ยังไม่ครบ / ข้าม มูลค่าที่ของบคำนวณจากปริมาณที่ของบ × ราคา/หน่วยนับ ยังไม่ผูกสินค้าในระบบ
A4: ลำดับ | B4: รหัสสินค้า | C4: รายการสินค้า | D4: ประเภทวัสดุ | E4: หน่วยนับ | F4: ปริมาณใช้ปี 2567 | G4: ปริมาณใช้ปี 2568 | H4: ปริมาณใช้ปี 2569 | I4: ปริมาณคงเหลือยกมา | J4: มูลค่าคงเหลือยกมา | K4: ปริมาณที่ของบ | L4: ราคา/หน่วยนับ | M4: มูลค่าที่ของบ | N4: หมายเหตุ | O4: ผลยืนยัน
A5: 1 | C5: ข้าวกล้องหอมมะลิ | D5: โภชนศาสตร์ | E5: กิโลกรัม | K5: 1860 | L5: 230 | M5: =IF(OR(K5="",L5=""),"",K5*L5) -> 427800
A6: 2 | C6: วัสดุบริโภคหมวดขนมหวาน | D6: โภชนศาสตร์ | K6: 1 | L6: 26500 | M6: =IF(OR(K6="",L6=""),"",K6*L6) -> 26500 | N6: สัญญาจะซื้อจะขายฯ
A7: 3 | C7: แป้งบัวลอยสำเร็จรูป | D7: โภชนศาสตร์ | K7: 0 | L7: 75 | M7: =IF(OR(K7="",L7=""),"",K7*L7) -> 0 | N7: วงเงินคงเหลือ ณ สิงหาคม 2569 10,600.00 บาท
A8: 4 | C8: แป้งครองแครง | D8: โภชนศาสตร์ | K8: 0 | L8: 65 | M8: =IF(OR(K8="",L8=""),"",K8*L8) -> 0
A9: 5 | C9: เม็ดทับทิมกรอบสำเร็จรูป | D9: โภชนศาสตร์ | K9: 0 | L9: 175 | M9: =IF(OR(K9="",L9=""),"",K9*L9) -> 0
A10: 6 | C10: มะพร้าวขูด | D10: โภชนศาสตร์ | K10: 0 | L10: 110 | M10: =IF(OR(K10="",L10=""),"",K10*L10) -> 0
A11: 7 | C11: วัสดุบริโภคหมวดของแห้ง | D11: โภชนศาสตร์ | K11: 1 | L11: 2500000 | M11: =IF(OR(K11="",L11=""),"",K11*L11) -> 2500000
A12: 8 | C12: กระเทียมเจียว 500ก. | D12: โภชนศาสตร์ | E12: ถุง | K12: 600 | L12: 55 | M12: =IF(OR(K12="",L12=""),"",K12*L12) -> 33000
A13: 9 | C13: กะปิแกง | D13: โภชนศาสตร์ | E13: กก. | K13: 30 | L13: 60 | M13: =IF(OR(K13="",L13=""),"",K13*L13) -> 1800 | N13: สัญญาจะซื้อจะขายฯ วัสดุบริโภค 20 รายการ
A14: 10 | C14: กะปิพริก | D14: โภชนศาสตร์ | E14: กก. | K14: 110 | L14: 60 | M14: =IF(OR(K14="",L14=""),"",K14*L14) -> 6600 | N14: สัญญาจะซื้อจะขายฯ วัสดุบริโภค 20 รายการ
A15: 11 | C15: กุ้งแห้ง (ขนาดเล็ก) | D15: โภชนศาสตร์ | E15: กก. | K15: 40 | L15: 510 | M15: =IF(OR(K15="",L15=""),"",K15*L15) -> 20400
A16: 12 | C16: ขนมปัง ฟาร์มเฮ้าส์ โฮลวีต | D16: โภชนศาสตร์ | E16: ถุง | K16: 75 | L16: 46.25 | M16: =IF(OR(K16="",L16=""),"",K16*L16) -> 3468.75
A17: 13 | C17: ขนมปัง ฟาร์มเฮ้าส์ | D17: โภชนศาสตร์ | E17: ถุง | K17: 140 | L17: 43 | M17: =IF(OR(K17="",L17=""),"",K17*L17) -> 6020
A18: 14 | C18: ข้าวเหนียวดำ | D18: โภชนศาสตร์ | E18: ถุง | K18: 50 | L18: 80 | M18: =IF(OR(K18="",L18=""),"",K18*L18) -> 4000 | N18: สัญญาจะซื้อจะขายฯ วัสดุบริโภค 20 รายการ
A19: 15 | C19: ขิงชง สูตรต้นตำรับ | D19: โภชนศาสตร์ | E19: ถุง | K19: 1350 | L19: 357 | M19: =IF(OR(K19="",L19=""),"",K19*L19) -> 481950
A20: 16 | C20: ขิงชง สูตรไม่ผสมน้ำตาล | D20: โภชนศาสตร์ | E20: ถุง | K20: 50 | L20: 357 | M20: =IF(OR(K20="",L20=""),"",K20*L20) -> 17850
A21: 17 | C21: เครื่องตุ๋นยาจีน | D21: โภชนศาสตร์ | E21: แพ็ค | K21: 40 | L21: 35 | M21: =IF(OR(K21="",L21=""),"",K21*L21) -> 1400
A22: 18 | C22: เครื่องแกง ผัดเผ็ด | D22: โภชนศาสตร์ | K22: 0 | L22: 95 | M22: =IF(OR(K22="",L22=""),"",K22*L22) -> 0
A23: 19 | C23: เครื่องแกง ข้าวหมก | D23: โภชนศาสตร์ | E23: กก. | K23: 120 | L23: 95 | M23: =IF(OR(K23="",L23=""),"",K23*L23) -> 11400 | N23: สัญญาจะซื้อจะขายฯ วัสดุบริโภค 20 รายการ
A24: 20 | C24: เครื่องแกง กะทิ | D24: โภชนศาสตร์ | E24: กก. | K24: 400 | L24: 92 | M24: =IF(OR(K24="",L24=""),"",K24*L24) -> 36800 | N24: สัญญาจะซื้อจะขายฯ วัสดุบริโภค 20 รายการ
A25: 21 | C25: เครื่องแกง กะหรี่ | D25: โภชนศาสตร์ | E25: กก. | K25: 20 | L25: 95 | M25: =IF(OR(K25="",L25=""),"",K25*L25) -> 1900 | N25: สัญญาจะซื้อจะขายฯ วัสดุบริโภค 20 รายการ
A26: 22 | C26: เครื่องแกง เขียวหวาน | D26: โภชนศาสตร์ | E26: กก. | K26: 100 | L26: 95 | M26: =IF(OR(K26="",L26=""),"",K26*L26) -> 9500 | N26: สัญญาจะซื้อจะขายฯ วัสดุบริโภค 20 รายการ
A27: 23 | C27: เครื่องแกง คั่วกลิ้ง | D27: โภชนศาสตร์ | E27: กก. | K27: 200 | L27: 100 | M27: =IF(OR(K27="",L27=""),"",K27*L27) -> 20000 | N27: สัญญาจะซื้อจะขายฯ วัสดุบริโภค 20 รายการ
A28: 24 | C28: เครื่องแกง พริก | D28: โภชนศาสตร์ | E28: กก. | K28: 250 | L28: 92 | M28: =IF(OR(K28="",L28=""),"",K28*L28) -> 23000 | N28: สัญญาจะซื้อจะขายฯ วัสดุบริโภค 20 รายการ
A29: 25 | C29: เครื่องแกง พะแนง | D29: โภชนศาสตร์ | E29: กก. | K29: 100 | L29: 100 | M29: =IF(OR(K29="",L29=""),"",K29*L29) -> 10000 | N29: สัญญาจะซื้อจะขายฯ วัสดุบริโภค 20 รายการ
A30: 26 | C30: เครื่องแกง มัสมั่น | D30: โภชนศาสตร์ | E30: กก. | K30: 100 | L30: 140 | M30: =IF(OR(K30="",L30=""),"",K30*L30) -> 14000 | N30: สัญญาจะซื้อจะขายฯ วัสดุบริโภค 20 รายการ
A31: 27 | C31: เครื่องแกง ส้ม | D31: โภชนศาสตร์ | E31: กก. | K31: 300 | L31: 92 | M31: =IF(OR(K31="",L31=""),"",K31*L31) -> 27600 | N31: สัญญาจะซื้อจะขายฯ วัสดุบริโภค 20 รายการ
A32: 28 | C32: เครื่องแกง ฉู่ฉี่ | D32: โภชนศาสตร์ | E32: กก. | K32: 10 | L32: 95 | M32: =IF(OR(K32="",L32=""),"",K32*L32) -> 950 | N32: สัญญาจะซื้อจะขายฯ วัสดุบริโภค 20 รายการ
A33: 29 | C33: ซุปครีมไก่ | D33: โภชนศาสตร์ | K33: 55 | L33: 65 | M33: =IF(OR(K33="",L33=""),"",K33*L33) -> 3575
A34: 30 | C34: ซุปครีมข้าวโพด | D34: โภชนศาสตร์ | K34: 100 | L34: 69 | M34: =IF(OR(K34="",L34=""),"",K34*L34) -> 6900
A35: 31 | C35: ซุปมะเขือเทศ | D35: โภชนศาสตร์ | E35: กล่อง | K35: 20 | L35: 57 | M35: =IF(OR(K35="",L35=""),"",K35*L35) -> 1140
A36: 32 | C36: เต้าหู้ห่อใบตอง | D36: โภชนศาสตร์ | E36: ก้อน | K36: 4000 | L36: 8 | M36: =IF(OR(K36="",L36=""),"",K36*L36) -> 32000
A37: 33 | C37: เต้าหู้ไข่ไก่ | D37: โภชนศาสตร์ | E37: หลอด | K37: 40 | L37: 11 | M37: =IF(OR(K37="",L37=""),"",K37*L37) -> 440
A38: 34 | C38: เต้าหู้ปลา | D38: โภชนศาสตร์ | E38: แพ็ค | K38: 535 | L38: 98 | M38: =IF(OR(K38="",L38=""),"",K38*L38) -> 52430
A39: 35 | C39: เต้าหู้เหลือง | D39: โภชนศาสตร์ | E39: ก้อน | K39: 2800 | L39: 8 | M39: =IF(OR(K39="",L39=""),"",K39*L39) -> 22400
A40: 36 | C40: ถั่วเขียว | D40: โภชนศาสตร์ | E40: ถุง | K40: 90 | L40: 60 | M40: =IF(OR(K40="",L40=""),"",K40*L40) -> 5400 | N40: สัญญาจะซื้อจะขายฯ วัสดุบริโภค 20 รายการ
A41: 37 | C41: ถั่วเขียวซีก | D41: โภชนศาสตร์ | E41: ถุง | K41: 40 | L41: 70 | M41: =IF(OR(K41="",L41=""),"",K41*L41) -> 2800 | N41: สัญญาจะซื้อจะขายฯ วัสดุบริโภค 20 รายการ
A42: 38 | C42: ถั่วดำ | D42: โภชนศาสตร์ | E42: ถุง | K42: 40 | L42: 90 | M42: =IF(OR(K42="",L42=""),"",K42*L42) -> 3600 | N42: สัญญาจะซื้อจะขายฯ วัสดุบริโภค 20 รายการ
A43: 39 | C43: ถั่วแดงหลวง | D43: โภชนศาสตร์ | E43: ถุง | K43: 50 | L43: 104 | M43: =IF(OR(K43="",L43=""),"",K43*L43) -> 5200 | N43: สัญญาจะซื้อจะขายฯ วัสดุบริโภค 20 รายการ
A44: 40 | C44: น้ำมันมะกอก | D44: โภชนศาสตร์ | E44: ขวด | K44: 48 | L44: 712 | M44: =IF(OR(K44="",L44=""),"",K44*L44) -> 34176
A45: 41 | C45: ถั่วนางแดง | D45: โภชนศาสตร์ | E45: ถุง | K45: 5 | L45: 74 | M45: =IF(OR(K45="",L45=""),"",K45*L45) -> 370 | N45: สัญญาจะซื้อจะขายฯ วัสดุบริโภค 20 รายการ
A46: 42 | C46: ถั่วลิสงคั่ว | D46: โภชนศาสตร์ | E46: ถุง | K46: 40 | L46: 55 | M46: =IF(OR(K46="",L46=""),"",K46*L46) -> 2200 | N46: สัญญาจะซื้อจะขายฯ วัสดุบริโภค 20 รายการ
A47: 43 | C47: ทอดมันปลา | D47: โภชนศาสตร์ | E47: กก. | K47: 320 | L47: 90 | M47: =IF(OR(K47="",L47=""),"",K47*L47) -> 28800
A48: 44 | C48: น้ำจิ้มไก่ | D48: โภชนศาสตร์ | K48: 10 | L48: 332 | M48: =IF(OR(K48="",L48=""),"",K48*L48) -> 3320
A49: 45 | C49: น้ำจิ้มสุกี้ | D49: โภชนศาสตร์ | K49: 45 | L49: 103 | M49: =IF(OR(K49="",L49=""),"",K49*L49) -> 4635
A50: 46 | C50: น้ำสลัด งาคั่วญี่ปุ่น | D50: โภชนศาสตร์ | E50: ขวด | K50: 50 | L50: 232.5 | M50: =IF(OR(K50="",L50=""),"",K50*L50) -> 11625
A51: 47 | C51: น้ำสลัด ซีอิ๊วญี่ปุ่น | D51: โภชนศาสตร์ | E51: ขวด | K51: 45 | L51: 192 | M51: =IF(OR(K51="",L51=""),"",K51*L51) -> 8640
A52: 48 | C52: น้ำสลัด เมโยเมจิก | D52: โภชนศาสตร์ | E52: ถุง | K52: 45 | L52: 124 | M52: =IF(OR(K52="",L52=""),"",K52*L52) -> 5580
A53: 49 | C53: น้ำสลัดครีม | D53: โภชนศาสตร์ | E53: ถุง | K53: 50 | L53: 173 | M53: =IF(OR(K53="",L53=""),"",K53*L53) -> 8650
A54: 50 | C54: น้ำสลัดใส | D54: โภชนศาสตร์ | E54: ขวด | K54: 10 | L54: 98 | M54: =IF(OR(K54="",L54=""),"",K54*L54) -> 980
A55: 51 | C55: เนยก้อน | D55: โภชนศาสตร์ | E55: ก้อน | K55: 5 | L55: 119 | M55: =IF(OR(K55="",L55=""),"",K55*L55) -> 595
A56: 52 | C56: ใบกระวาน | D56: โภชนศาสตร์ | E56: ถุง | K56: 20 | L56: 25 | M56: =IF(OR(K56="",L56=""),"",K56*L56) -> 500
A57: 53 | C57: ปูนแดง | D57: โภชนศาสตร์ | E57: กก. | K57: 20 | L57: 15 | M57: =IF(OR(K57="",L57=""),"",K57*L57) -> 300
A58: 54 | C58: ปูอัด | D58: โภชนศาสตร์ | E58: แพ็ค | K58: 60 | L58: 72 | M58: =IF(OR(K58="",L58=""),"",K58*L58) -> 4320
A59: 55 | C59: ผงกะหรี่ | D59: โภชนศาสตร์ | E59: ขวด | K59: 65 | L59: 120 | M59: =IF(OR(K59="",L59=""),"",K59*L59) -> 7800
A60: 56 | C60: ผงวุ้นนางเงือก | D60: โภชนศาสตร์ | E60: ซอง | K60: 60 | L60: 80 | M60: =IF(OR(K60="",L60=""),"",K60*L60) -> 4800
A61: 57 | C61: ผงวุ้นนางเงือก25ก. | D61: โภชนศาสตร์ | E61: ซอง | K61: 0 | L61: 0 | M61: =IF(OR(K61="",L61=""),"",K61*L61) -> 0
... A84: 80 | C84: วุ้นดำ (เฉาก๊วย) | D84: โภชนศาสตร์ | E84: ถุง | K84: 120 | L84: 35 | M84: =IF(OR(K84="",L84=""),"",K84*L84) -> 4200
A85: 81 | C85: สาคู คลองแงะ | D85: โภชนศาสตร์ | E85: ถุง | K85: 20 | L85: 50 | M85: =IF(OR(K85="",L85=""),"",K85*L85) -> 1000 | N85: สัญญาจะซื้อจะขายฯ วัสดุบริโภค 20 รายการ
A86: 82 | C86: สาคูเม็ดเล็ก | D86: โภชนศาสตร์ | E86: ถุง | K86: 10 | L86: 25 | M86: =IF(OR(K86="",L86=""),"",K86*L86) -> 250
A87: 83 | C87: เส้นก๋วยเตี๊ยว | D87: โภชนศาสตร์ | E87: กก. | K87: 660 | L87: 24 | M87: =IF(OR(K87="",L87=""),"",K87*L87) -> 15840
A88: 84 | C88: เส้นเล็ก | D88: โภชนศาสตร์ | E88: กก. | K88: 190 | L88: 240 | M88: =IF(OR(K88="",L88=""),"",K88*L88) -> 45600
A89: 85 | C89: เส้นหมี่ขาว | D89: โภชนศาสตร์ | E89: ลัง | K89: 5 | L89: 255 | M89: =IF(OR(K89="",L89=""),"",K89*L89) -> 1275
A90: 86 | C90: เส้นหมี่กลาง | D90: โภชนศาสตร์ | E90: ลัง | K90: 0 | L90: 0 | M90: =IF(OR(K90="",L90=""),"",K90*L90) -> 0
A91: 87 | C91: ไส้กรอกไก่ | D91: โภชนศาสตร์ | E91: แพ็ค | K91: 530 | L91: 71 | M91: =IF(OR(K91="",L91=""),"",K91*L91) -> 37630
A92: 88 | C92: หมี่เหลือง | D92: โภชนศาสตร์ | E92: กก. | K92: 130 | L92: 31 | M92: =IF(OR(K92="",L92=""),"",K92*L92) -> 4030
A93: 89 | C93: หอมเจียว500ก. | D93: โภชนศาสตร์ | E93: ถุง | K93: 60 | L93: 89 | M93: =IF(OR(K93="",L93=""),"",K93*L93) -> 5340
A94: 90 | C94: เห็ดหอมแห้ง เล็ก | D94: โภชนศาสตร์ | E94: ถุง | K94: 20 | L94: 195 | M94: =IF(OR(K94="",L94=""),"",K94*L94) -> 3900
A95: 91 | C95: เห็ดหอมแห้ง กลาง | D95: โภชนศาสตร์ | E95: ถุง | K95: 0 | L95: 0 | M95: =IF(OR(K95="",L95=""),"",K95*L95) -> 0
A96: 92 | C96: เห็ดหูหนูขาว | D96: โภชนศาสตร์ | E96: ถุง | K96: 200 | L96: 168 | M96: =IF(OR(K96="",L96=""),"",K96*L96) -> 33600
A97: 93 | C97: แฮมไก่ | D97: โภชนศาสตร์ | E97: ถุง | K97: 50 | L97: 79 | M97: =IF(OR(K97="",L97=""),"",K97*L97) -> 3950
... A103: 99 | C103: เบกกิ้งโซดา | D103: โภชนศาสตร์ | E103: ลัง | K103: 5 | L103: 1282 | M103: =IF(OR(K103="",L103=""),"",K103*L103) -> 6410
A104: 100 | C104: น้ำส้มสายชู | D104: โภชนศาสตร์ | K104: 0 | L104: 230 | M104: =IF(OR(K104="",L104=""),"",K104*L104) -> 0
A105: 101 | C105: ผัก (พื้นถิ่น) | D105: โภชนศาสตร์ | K105: 1 | L105: 248500 | M105: =IF(OR(K105="",L105=""),"",K105*L105) -> 248500
A106: 102 | C106: ดอกแค | D106: โภชนศาสตร์ | K106: 0 | L106: 90 | M106: =IF(OR(K106="",L106=""),"",K106*L106) -> 0 | N106: สัญญาจะซื้อจะขายฯ
A107: 103 | C107: ใบชะพลู | D107: โภชนศาสตร์ | K107: 0 | L107: 100 | M107: =IF(OR(K107="",L107=""),"",K107*L107) -> 0 | N107: วงเงินคงเหลือ ณ สิงหาคม 2569 92,650.00 บาท
A108: 104 | C108: ใบชะมวง | D108: โภชนศาสตร์ | K108: 0 | L108: 90 | M108: =IF(OR(K108="",L108=""),"",K108*L108) -> 0
A109: 105 | C109: ผักเหลียง | D109: โภชนศาสตร์ | K109: 0 | L109: 150 | M109: =IF(OR(K109="",L109=""),"",K109*L109) -> 0
A110: 106 | C110: ยอดมะขาม | D110: โภชนศาสตร์ | K110: 0 | L110: 200 | M110: =IF(OR(K110="",L110=""),"",K110*L110) -> 0
A111: 107 | C111: ยอดส้มปอย | D111: โภชนศาสตร์ | K111: 0 | L111: 150 | M111: =IF(OR(K111="",L111=""),"",K111*L111) -> 0
A112: 108 | C112: หยวกอ่อน | D112: โภชนศาสตร์ | K112: 0 | L112: 40 | M112: =IF(OR(K112="",L112=""),"",K112*L112) -> 0
A113: 109 | C113: วัสดุบริโภคหมวดเครื่องดื่ม | D113: โภชนศาสตร์ | K113: 1 | L113: 1000000 | M113: =IF(OR(K113="",L113=""),"",K113*L113) -> 1000000
A114: 110 | C114: วัสดุบริโภคหมวดเครื่องดื่ม จำนวน 17 รายการ | D114: โภชนศาสตร์ | K114: 1 | L114: 400875 | M114: =IF(OR(K114="",L114=""),"",K114*L114) -> 400875 | N114: สัญญาจะซื้อจะขายฯ
A115: 111 | C115: น้ำผลไม้กล่อง 100 % สตรอเบอรี่ผสมผลไม้รวม ขนาด 200 ml | D115: โภชนศาสตร์ | E115: ลัง | K115: 80 | L115: 480 | M115: =IF(OR(K115="",L115=""),"",K115*L115) -> 38400 | N115: ส.ค.69-มิ.ย.70
A116: 112 | C116: น้ำผลไม้กล่อง 100 %แอปเปิ้ล ขนาด 200 ml | D116: โภชนศาสตร์ | E116: ลัง | K116: 80 | L116: 480 | M116: =IF(OR(K116="",L116=""),"",K116*L116) -> 38400
A117: 113 | C117: น้ำผลไม้กล่อง 100 %องุ่นแดง ขนาด 200 ml | D117: โภชนศาสตร์ | E117: ลัง | K117: 80 | L117: 480 | M117: =IF(OR(K117="",L117=""),"",K117*L117) -> 38400
A118: 114 | C118: น้ำผลไม้กล่อง 100 %สับปะรด ขนาด 200 ml | D118: โภชนศาสตร์ | E118: ลัง | K118: 80 | L118: 480 | M118: =IF(OR(K118="",L118=""),"",K118*L118) -> 38400
A119: 115 | C119: น้ำผลไม้กล่อง 100 %ทับทิมผสมผลไม้รวม ขนาด 200 ml | D119: โภชนศาสตร์ | E119: ลัง | K119: 80 | L119: 480 | M119: =IF(OR(K119="",L119=""),"",K119*L119) -> 38400
A120: 116 | C120: น้ำผลไม้กล่อง 100 %ส้มเขียวหวาน ขนาด 200 ml | D120: โภชนศาสตร์ | E120: ลัง | K120: 80 | L120: 480 | M120: =IF(OR(K120="",L120=""),"",K120*L120) -> 38400
A121: 117 | C121: น้ำผลไม้กล่อง 100 %ส้มสายน้ำผึ้ง ขนาด 200 ml | D121: โภชนศาสตร์ | E121: ลัง | K121: 80 | L121: 480 | M121: =IF(OR(K121="",L121=""),"",K121*L121) -> 38400
A122: 118 | C122: น้ำผลไม้กล่อง องุ่นขาวผสมเสาวรส ขนาด 180 ml | D122: โภชนศาสตร์ | E122: ลัง | K122: 30 | L122: 350 | M122: =IF(OR(K122="",L122=""),"",K122*L122) -> 10500
A123: 119 | C123: น้ำผลไม้กล่อง ลิ้นจี่ ขนาด 180 ml | D123: โภชนศาสตร์ | E123: ลัง | K123: 20 | L123: 350 | M123: =IF(OR(K123="",L123=""),"",K123*L123) -> 7000
A124: 120 | C124: น้ำผลไม้กล่อง สตรอเบอรี่ ขนาด 180 ml | D124: โภชนศาสตร์ | E124: ลัง | K124: 20 | L124: 350 | M124: =IF(OR(K124="",L124=""),"",K124*L124) -> 7000
A125: 121 | C125: นมถั่วเหลือง UHT | D125: โภชนศาสตร์ | E125: ลัง | K125: 10 | L125: 405 | M125: =IF(OR(K125="",L125=""),"",K125*L125) -> 4050
A126: 122 | C126: นมถั่วเหลือง โลชูการ์ | D126: โภชนศาสตร์ | E126: ลัง | K126: 20 | L126: 305 | M126: =IF(OR(K126="",L126=""),"",K126*L126) -> 6100
A127: 123 | C127: นม UHT จืด | D127: โภชนศาสตร์ | E127: ลัง | K127: 80 | L127: 435 | M127: =IF(OR(K127="",L127=""),"",K127*L127) -> 34800
...

Sheet แบบพิมพ์
A1: โรงพยาบาลวชิระภูเก็ต · คำของบวัสดุ ปี 2570 · แท็บ แบบพิมพ์
A2: เลขที่เอกสาร | C2: DBR/2570/0017 | D2: หน่วยงาน | E2: หน่วยงานพัสดุ | H2: แหล่งเงิน | I2: เงินบำรุง | K2: ปีงบประมาณ | L2: 2570 | N2: สถานะ | O2: ฉบับร่าง
A3: ยอดในระบบ | C3: 1869950.7 | D3: ผลต่างจากรายการ | E3: =M142-C3 -> 0 | F3: ช่องรหัสสินค้าสีเหลืองกรอกหรือแก้รหัสได้ แท็บยาย้ายรหัสจากหมายเหตุมาไว้ในคอลัมน์นี้ ผลยืนยันเลือก ถูกต้อง / ต้องแก้ไข / ยังไม่ครบ / ข้าม มูลค่าที่ของบคำนวณจากปริมาณที่ของบ × ราคา/หน่วยนับ ยังไม่ผูกสินค้าในระบบ
A4: ลำดับ | B4: รหัสสินค้า | C4: รายการสินค้า | D4: ประเภทวัสดุ | E4: หน่วยนับ | F4: ปริมาณใช้ปี 2567 | G4: ปริมาณใช้ปี 2568 | H4: ปริมาณใช้ปี 2569 | I4: ปริมาณคงเหลือยกมา | J4: มูลค่าคงเหลือยกมา | K4: ปริมาณที่ของบ | L4: ราคา/หน่วยนับ | M4: มูลค่าที่ของบ | N4: หมายเหตุ | O4: ผลยืนยัน
A5: 1 | C5: กระดาษรองถาดอาหาร ข้อพึ่งปฎิบัติ 12ประการ | D5: แบบพิมพ์ | E5: แผ่น | K5: 1 | L5: 20000 | M5: =IF(OR(K5="",L5=""),"",K5*L5) -> 20000
A6: 2 | C6: กระดาษรองถาดอาหาร โรคเก๊าท์ | D6: แบบพิมพ์ | E6: แผ่น | K6: 1 | L6: 20000 | M6: =IF(OR(K6="",L6=""),"",K6*L6) -> 20000
A7: 3 | C7: กระดาษรองถาดอาหาร โรคความดันโลหิต | D7: แบบพิมพ์ | E7: แผ่น | K7: 1 | L7: 40000 | M7: =IF(OR(K7="",L7=""),"",K7*L7) -> 40000
A8: 4 | C8: กระดาษรองถาดอาหาร โรคไต | D8: แบบพิมพ์ | E8: แผ่น | K8: 1 | L8: 40000 | M8: =IF(OR(K8="",L8=""),"",K8*L8) -> 40000
A9: 5 | C9: กระดาษรองถาดอาหาร โรคเบาหวาน | D9: แบบพิมพ์ | E9: แผ่น | K9: 1 | L9: 40000 | M9: =IF(OR(K9="",L9=""),"",K9*L9) -> 40000
A10: 6 | C10: กระดาษรองถาดอาหาร โรคมะเร็ง | D10: แบบพิมพ์ | E10: แผ่น | K10: 1 | L10: 20000 | M10: =IF(OR(K10="",L10=""),"",K10*L10) -> 20000
A11: 7 | C11: กระดาษรองถาดอาหาร โรคหัวใจขาดเลือด | D11: แบบพิมพ์ | E11: แผ่น | K11: 1 | L11: 20000 | M11: =IF(OR(K11="",L11=""),"",K11*L11) -> 20000
A12: 8 | C12: กินให้ครบทุกกลุ่มให้สัดส่วนที่เหมาะสมของแต่ละคน | D12: แบบพิมพ์ | E12: แผ่น | K12: 1 | L12: 20000 | M12: =IF(OR(K12="",L12=""),"",K12*L12) -> 20000
A13: 9 | C13: การ์ดยา สีชมพู | D13: แบบพิมพ์ | E13: แผ่น | K13: 0 | L13: 0 | M13: =IF(OR(K13="",L13=""),"",K13*L13) -> 0
A14: 10 | C14: การ์ดยา สีฟ้า | D14: แบบพิมพ์ | E14: แผ่น | K14: 0 | L14: 0 | M14: =IF(OR(K14="",L14=""),"",K14*L14) -> 0
A15: 11 | C15: การ์ดยา สีเหลือง | D15: แบบพิมพ์ | E15: แผ่น | K15: 0 | L15: 0 | M15: =IF(OR(K15="",L15=""),"",K15*L15) -> 0
A16: 12 | C16: แบบบันทึกข้อมูลเฝ้าระวังการบาดเจ็บ | D16: แบบพิมพ์ | E16: แผ่น | K16: 1 | L16: 14600 | M16: =IF(OR(K16="",L16=""),"",K16*L16) -> 14600
... A141: 137 | C141: สุขภาพดีด้วยวิธีง่ายๆ | D141: แบบพิมพ์ | E141: แผ่น | K141: 1 | L141: 20000 | M141: =IF(OR(K141="",L141=""),"",K141*L141) -> 20000
A142: รวม | K142: =SUM(K5:K141) -> 57 | M142: =SUM(M5:M141) -> 1869950.7
A143: รวม 137 รายการ · DBR/2570/0017 · แท็บ แบบพิมพ์ · หน่วยงาน หน่วยงานพัสดุ · โมเดล departmental.budget.request.material.detail · ส่งออกจากฐาน VPK-S1 วันที่ 12 ต.ค. 2569 · ต้นทางไฟล์ แบบฟอร์มที่ 3 แผนปีงบประมาณ 2570 หมวดวัสดุ.xlsx

Sheet ซ่อมเครื่องมือแพทย์
A1: โรงพยาบาลวชิระภูเก็ต · คำของบวัสดุ ปี 2570 · แท็บ ซ่อมเครื่องมือแพทย์
A2: เลขที่เอกสาร | C2: DBR/2570/0018 | D2: หน่วยงาน | E2: ศูนย์เครื่องมือแพทย์ | H2: แหล่งเงิน | I2: เงินบำรุง | K2: ปีงบประมาณ | L2: 2570 | N2: สถานะ | O2: ฉบับร่าง
A3: ยอดในระบบ | C3: 10970000 | D3: ผลต่างจากรายการ | E3: =M37-C3 -> 0 | F3: ช่องรหัสสินค้าสีเหลืองกรอกหรือแก้รหัสได้ แท็บยาย้ายรหัสจากหมายเหตุมาไว้ในคอลัมน์นี้ ผลยืนยันเลือก ถูกต้อง / ต้องแก้ไข / ยังไม่ครบ / ข้าม มูลค่าที่ของบคำนวณจากปริมาณที่ของบ × ราคา/หน่วยนับ ยังไม่ผูกสินค้าในระบบ
A4: ลำดับ | B4: รหัสสินค้า | C4: รายการสินค้า | D4: ประเภทวัสดุ | E4: หน่วยนับ | F4: ปริมาณใช้ปี 2567 | G4: ปริมาณใช้ปี 2568 | H4: ปริมาณใช้ปี 2569 | I4: ปริมาณคงเหลือยกมา | J4: มูลค่าคงเหลือยกมา | K4: ปริมาณที่ของบ | L4: ราคา/หน่วยนับ | M4: มูลค่าที่ของบ | N4: หมายเหตุ | O4: ผลยืนยัน
A5: 1 | C5: จ้างซ่อมกรรไกรห้องผ่าตัด/ตัดชิ้นเนื้อกระดูกงู,ข้อต่อด้ามกรอเร็ว,คมตัดชิ้นเนื้อ,คีมจับชิ้นเนื้อ,คีมขนตา,ด้ามกรอเร็ว,ช้า, ตัดกระดูกขนาดเล็ก,ครื่องมือเจาะกระดูกขนาดเล็ก,ชุดระบบการผ่าตัดรวม,มอเตอร์แฮนพีช,ปืนมอเตอร์,ปืนเจาะกระดูก,เครื่องสเปรย์หัวกรอ,สายลม | D5: วัสดุการแพทย์ (ซ่อม) | K5: 1 | L5: 1000000 | M5: =IF(OR(K5="",L5=""),"",K5*L5) -> 1000000
A6: 2 | C6: จ้างซ่อมเครื่องฆ่าเชื้อด้วยระบบไอน้ำ,นึ่งฆ่าเชื้อจุลินทรีย์,นึ่งฆ่าเชื้อด้วยระบบไอน้ำ,เครื่องอบฆ่าเชื้อด้วยรังสียูวี,หม้อต้มเครื่องมือ}เครื่องเผาลูบไฟฟ้า | D6: วัสดุการแพทย์ (ซ่อม) | K6: 1 | L6: 300000 | M6: =IF(OR(K6="",L6=""),"",K6*L6) -> 300000
A7: 3 | C7: จ้างซ่อมกล้องส่องทางเดินปัสสาวะ,ภายในช่องท้อง,กระเพาะอาหาร,เครื่องมือผ่าตัดผ่านกล้อง,เครื่องส่องตรวจท่อน้ำดี,กล้องส่องตรวจทางจักษุ,กล้องสำหรับผ่าตัดตาส่วน,เลนส์กล้องส่องตรวจข้อต่อ | D7: วัสดุการแพทย์ (ซ่อม) | K7: 1 | L7: 1600000 | M7: =IF(OR(K7="",L7=""),"",K7*L7) -> 1600000
A8: 4 | C8: จ้างซ่อมเครื่องกระตุกหัวใจด้วยไฟฟ้า | D8: วัสดุการแพทย์ (ซ่อม) | K8: 1 | L8: 100000 | M8: =IF(OR(K8="",L8=""),"",K8*L8) -> 100000
A9: 5 | C9: จ้างซ่อมเครื่องควบคุมการให้สารละลายทางหลอดเลือดดำ | D9: วัสดุการแพทย์ (ซ่อม) | K9: 1 | L9: 700000 | M9: =IF(OR(K9="",L9=""),"",K9*L9) -> 700000
A10: 6 | C10: จ้างซ่อมเครื่องจิ้และตัดความไฟฟ้า,ตัดเนื้อเยือ,ผ่าตัดสมอง | D10: วัสดุการแพทย์ (ซ่อม) | K10: 1 | L10: 200000 | M10: =IF(OR(K10="",L10=""),"",K10*L10) -> 200000
A11: 7 | C11: จ้างซ่อมเครื่องช่วยหายใจ | D11: วัสดุการแพทย์ (ซ่อม) | K11: 1 | L11: 1500000 | M11: =IF(OR(K11="",L11=""),"",K11*L11) -> 1500000
A12: 8 | C12: จ้างซ่อมเครื่องตรวจวิเคราะห์คลื่นไฟฟ้า,วิเคราะห์การไหลเวียนเครื่องให้การรักษาด้วนคลื่นหัวใจ12}500 | D12: วัสดุการแพทย์ (ซ่อม) | K12: 1 | L12: 200000 | M12: =IF(OR(K12="",L12=""),"",K12*L12) -> 200000
A13: 9 | C13: จ้างซ่อมเครื่องติดตามการทำงานของหัวใจและสัญญาณชีพ ,เฝ้าระวังติดตามสัญญาณชีพ | D13: วัสดุการแพทย์ (ซ่อม) | K13: 1 | L13: 800000 | M13: =IF(OR(K13="",L13=""),"",K13*L13) -> 800000
A14: 10 | C14: จ้างซ่อมเครื่องไตเทียม | D14: วัสดุการแพทย์ (ซ่อม) | K14: 1 | L14: 200000 | M14: =IF(OR(K14="",L14=""),"",K14*L14) -> 200000
A15: 11 | C15: จ้างซ่อมเครื่องบันทึกการบีบตัวของมดลูก | D15: วัสดุการแพทย์ (ซ่อม) | K15: 1 | L15: 100000 | M15: =IF(OR(K15="",L15=""),"",K15*L15) -> 100000
A16: 12 | C16: จ้างซ่อมเครื่องปั่นเหวี่ยงตกตะกอน,แยกสาร | D16: วัสดุการแพทย์ (ซ่อม) | K16: 1 | L16: 200000 | M16: =IF(OR(K16="",L16=""),"",K16*L16) -> 200000
... A36: 32 | C36: จ้างซ่อมครุภัณฑ์ | D36: วัสดุการแพทย์ (ซ่อม) | K36: 1 | L36: 1000000 | M36: =IF(OR(K36="",L36=""),"",K36*L36) -> 1000000
A37: รวม | K37: =SUM(K5:K36) -> 29 | M37: =SUM(M5:M36) -> 10970000
A38: รวม 32 รายการ · DBR/2570/0018 · แท็บ ซ่อมเครื่องมือแพทย์ · หน่วยงาน ศูนย์เครื่องมือแพทย์ · โมเดล departmental.budget.request.material.detail · ส่งออกจากฐาน VPK-S1 วันที่ 12 ต.ค. 2569 · ต้นทางไฟล์ แบบฟอร์มที่ 3 แผนปีงบประมาณ 2570 หมวดวัสดุ.xlsx

Sheet ผ่าตัด
A1: โรงพยาบาลวชิระภูเก็ต · คำของบวัสดุ ปี 2570 · แท็บ ผ่าตัด
A2: เลขที่เอกสาร | C2: DBR/2570/0019 | D2: หน่วยงาน | E2: งานห้องผ่าตัด | H2: แหล่งเงิน | I2: เงินบำรุง | K2: ปีงบประมาณ | L2: 2570 | N2: สถานะ | O2: ฉบับร่าง
A3: ยอดในระบบ | C3: 3.6291941e+08 | D3: ผลต่างจากรายการ | E3: =M879-C3 -> 0 | F3: ช่องรหัสสินค้าสีเหลืองกรอกหรือแก้รหัสได้ แท็บยาย้ายรหัสจากหมายเหตุมาไว้ในคอลัมน์นี้ ผลยืนยันเลือก ถูกต้อง / ต้องแก้ไข / ยังไม่ครบ / ข้าม มูลค่าที่ของบคำนวณจากปริมาณที่ของบ × ราคา/หน่วยนับ ยังไม่ผูกสินค้าในระบบ
A4: ลำดับ | B4: รหัสสินค้า | C4: รายการสินค้า | D4: ประเภทวัสดุ | E4: หน่วยนับ | F4: ปริมาณใช้ปี 2567 | G4: ปริมาณใช้ปี 2568 | H4: ปริมาณใช้ปี 2569 | I4: ปริมาณคงเหลือยกมา | J4: มูลค่าคงเหลือยกมา | K4: ปริมาณที่ของบ | L4: ราคา/หน่วยนับ | M4: มูลค่าที่ของบ | N4: หมายเหตุ | O4: ผลยืนยัน
A5: 1 | C5: วัสดุห้ามเลือดแบบขี้ผึ้ง (1029754 BONE WAX2.5G) | D5: การแพทย์ผ่าตัด | E5: กล่อง | F5: 20 | G5: 35 | H5: 40 | K5: 70 | L5: 2311.2 | M5: =IF(OR(K5="",L5=""),"",K5*L5) -> 161784
A6: 2 | C6: แผ่นตาข่ายสำหรับซ่อมและปิดหน้าท้อง (1065040 OPTILENE MESH10X15CM) | D6: การแพทย์ผ่าตัด | E6: กล่อง | F6: 4 | G6: 6 | H6: 22 | K6: 50 | L6: 8025 | M6: =IF(OR(K6="",L6=""),"",K6*L6) -> 401250
A7: 3 | C7: วัสดุห้ามเลือดชนิดคอลลาเจน (1069152 LYOSTYPT 5X8CM) | D7: การแพทย์ผ่าตัด | E7: กล่อง | F7: 120 | G7: 89 | H7: 116 | I7: 10 | K7: 200 | L7: 2051.19 | M7: =IF(OR(K7="",L7=""),"",K7*L7) -> 410238
A8: 4 | C8: กาวทางการแพทย์สำหรับศัลยกรรม (1050052 HISTOACRYL B 0,5ML) | D8: การแพทย์ผ่าตัด | E8: กล่อง | F8: 3 | G8: 5 | H8: 5 | K8: 10 | L8: 5350 | M8: =IF(OR(K8="",L8=""),"",K8*L8) -> 53500
A9: 5 | C9: วัสดุเย็บแผลสังเคราะห์ชนิดไม่ละลายแบบเส้นเดี่ยว เบอร์ 10/0 เข็มคู่ ขนาด 6 มิลลิเมตร (G1118765 DAFLON BK10/0 30 2DLM6S) | D9: การแพทย์ผ่าตัด | E9: กล่อง | F9: 28 | G9: 40 | H9: 30 | K9: 50 | L9: 4280 | M9: =IF(OR(K9="",L9=""),"",K9*L9) -> 214000
A10: 6 | C10: วัสดุเย็บแผลสังเคราะห์ชนิดไม่ละลายแบบเส้นเดี่ยว เบอร์ 4/0 เข็มคัตติ้ง ขนาด 19 มิลลิเมตร (C0936731 DAFILON B 4/0 75 DSMP19) | D10: การแพทย์ผ่าตัด | E10: กล่อง | F10: 45 | G10: 50 | H10: 90 | K10: 150 | L10: 2140 | M10: =IF(OR(K10="",L10=""),"",K10*L10) -> 321000
A11: 7 | C11: วัสดุเย็บแผลสังเคราะห์ชนิดไม่ละลายแบบเส้นเดี่ยว เบอร์ 2/0 เข็มคัตติ้ง ขนาด 39 มิลลิเมตร (C0932558 DAFILON B 2/0 75CM DS39) | D11: การแพทย์ผ่าตัด | E11: กล่อง | F11: 10 | G11: 10 | H11: 10 | I11: 5 | K11: 30 | L11: 2051.19 | M11: =IF(OR(K11="",L11=""),"",K11*L11) -> 61535.7
A12: 8 | C12: วัสดุเย็บแผลจากธรรมชาติ ชนิดไม่ละลายแบบเส้นถัก เบอร์ 2/0 เข็มกลม ขนาด 26 มิลลิเมตร (C0760420 SILKAM BK 2/0 75CM HR26) | D12: การแพทย์ผ่าตัด | E12: กล่อง | F12: 25 | G12: 50 | H12: 40 | K12: 60 | L12: 2086.5 | M12: =IF(OR(K12="",L12=""),"",K12*L12) -> 125190
A13: 9 | C13: วัสดุเย็บแผลจากธรรมชาติ ชนิดไม่ละลายแบบเส้นถัก เบอร์ 3/0 เข็มกลม ขนาด 22 มิลลิเมตร (C0760307 SILKAM BK 3/0 75CM HR22) | D13: การแพทย์ผ่าตัด | E13: กล่อง | F13: 20 | G13: 40 | H13: 40 | K13: 60 | L13: 2086.5 | M13: =IF(OR(K13="",L13=""),"",K13*L13) -> 125190
A14: 10 | C14: วัสดุเย็บแผลจากธรรมชาติชนิดไม่ละลายแบบเส้นถัก เบอร์ 4/0 เข็มกลม ขนาด 17 มิลลิเมตร (C0760137 SILKAM BK 4/0 75CM HR17) | D14: การแพทย์ผ่าตัด | E14: กล่อง | F14: 10 | H14: 20 | K14: 30 | L14: 2086.5 | M14: =IF(OR(K14="",L14=""),"",K14*L14) -> 62595
A15: 11 | C15: วัสดุเย็บแผลจากธรรมชาติ ชนิดไม่ละลายแบบเส้นถัก เบอร์ 3-0 ชนิดไม่ติดเข็ม (C0284858 SILKAM BK 3/0 15X60CM) | D15: การแพทย์ผ่าตัด | E15: กล่อง | F15: 40 | G15: 40 | H15: 40 | K15: 60 | L15: 2086.5 | M15: =IF(OR(K15="",L15=""),"",K15*L15) -> 125190
A16: 12 | C16: วัสดุเย็บแผลจากธรรมชาติ ชนิดไม่ละลายแบบเส้นถัก เบอร์ 4-0 ชนิดไม่ติดเข็ม (C0284840 SILKAM BK 4/0 15X60CM) | D16: การแพทย์ผ่าตัด | E16: กล่อง | H16: 40 | K16: 80 | L16: 2086.5 | M16: =IF(OR(K16="",L16=""),"",K16*L16) -> 166920
A17: 13 | C17: วัสดุเย็บแผลจากธรรมชาติ ชนิดไม่ละลายแบบเส้นถัก เบอร์ 2-0 ชนิดไม่ติดเข็ม (B0284866 SILKAM BK 2/0 15X60CM) | D17: การแพทย์ผ่าตัด | E17: กล่อง | F17: 50 | G17: 45 | H17: 120 | K17: 150 | L17: 1391 | M17: =IF(OR(K17="",L17=""),"",K17*L17) -> 208650
A18: 14 | C18: วัสดุเย็บแผลจากธรรมชาติ ชนิดไม่ละลายแบบเส้นถัก เบอร์ 1 ชนิดไม่ติดเข็ม (B0284890 SILKAM BK 1 15X60CM) | D18: การแพทย์ผ่าตัด | E18: กล่อง | F18: 30 | G18: 60 | H18: 60 | K18: 100 | L18: 1391 | M18: =IF(OR(K18="",L18=""),"",K18*L18) -> 139100
A19: 15 | C19: วัสดุเย็บแผลสังเคราะห์ชนิดละลายได้ แบบเส้นเดี่ยว ชนิดเข็มคัตติ้ง (C0022141 MONOSYN V4/0 70CM DSMP19) | D19: การแพทย์ผ่าตัด | E19: กล่อง | F19: 76 | G19: 60 | H19: 80 | K19: 150 | L19: 4815 | M19: =IF(OR(K19="",L19=""),"",K19*L19) -> 722250
A20: 16 | C20: วัสดุเย็บแผลสังเคราะห์ชนิดละลายได้ แบบเส้นถักเกลียว ชนิดเคลือบด้วยสารต้านแบคทีเรีย เข็มราวด์ ขนาด 40 มิลลิเมตร (1068557 NOVOSYN C V 1 90CM HR40S) | D20: การแพทย์ผ่าตัด | E20: กล่อง | F20: 150 | G20: 165 | H20: 170 | I20: 20 | K20: 500 | L20: 2568 | M20: =IF(OR(K20="",L20=""),"",K20*L20) -> 1284000
A21: 17 | C21: วัสดุเย็บแผลสังเคราะห์ชนิดละลายได้ แบบเส้นถักเกลียว เบอร์ 2/0 เข็มราวด์ ขนาด 26 มิลลิเมตร (C0068542N1 NOVO V 2/0 90 HR26) | D21: การแพทย์ผ่าตัด | E21: กล่อง | F21: 105 | G21: 60 | H21: 105 | K21: 120 | L21: 3852 | M21: =IF(OR(K21="",L21=""),"",K21*L21) -> 462240
A22: 18 | C22: วัสดุเย็บแผลสังเคราะห์ชนิดละลายได้ แบบเส้นถักเกลียว เบอร์ 3/0 เข็มราวด์ ขนาด 26 มิลลิเมตร (C0068041N1 NOVO V 3/0 70 HR26) | D22: การแพทย์ผ่าตัด | E22: กล่อง | F22: 85 | G22: 60 | H22: 55 | K22: 80 | L22: 3852 | M22: =IF(OR(K22="",L22=""),"",K22*L22) -> 308160
A23: 19 | C23: วัสดุเย็บแผลสังเคราะห์ชนิดละลายได้ แบบเส้นถักเกลียว เบอร์ 4/0 เข็มราวด์ ขนาด 17 มิลลิเมตร (C0068013 NOVOSYN V 4/0 70CM HR17) | D23: การแพทย์ผ่าตัด | E23: กล่อง | F23: 20 | G23: 30 | H23: 35 | K23: 50 | L23: 4173 | M23: =IF(OR(K23="",L23=""),"",K23*L23) -> 208650
A24: 20 | C24: วัสดุเย็บแผลสังเคราะห์ชนิดละลายได้ แบบเส้นถักเกลียว เบอร์ 2/0 เข็มคัตติ้ง ขนาด 24 มิลลิเมตร (C0068865 NOVOSYN V 2/0 70 DSMP24) | D24: การแพทย์ผ่าตัด | E24: กล่อง | F24: 45 | G24: 40 | H24: 40 | K24: 60 | L24: 3852 | M24: =IF(OR(K24="",L24=""),"",K24*L24) -> 231120
A25: 21 | C25: วัสดุเย็บแผลสังเคราะห์ชนิดละลายได้ แบบเส้นถักเกลียว เบอร์ 3/0 เข็มคัตติ้ง ขนาด 24 มิลลิเมตร (C0069556 NOVOSYN U3/0 DSMP24 70CM) | D25: การแพทย์ผ่าตัด | E25: กล่อง | F25: 30 | G25: 20 | H25: 65 | K25: 80 | L25: 3852 | M25: =IF(OR(K25="",L25=""),"",K25*L25) -> 308160
A26: 22 | C26: วัสดุเย็บแผลสังเคราะห์ชนิดละลายได้ แบบเส้นถักเกลียว ชนิดเข็มคัตติ้ง (C0069326 NOVOSYN U4/0 DSMP16 70CM) | D26: การแพทย์ผ่าตัด | E26: กล่อง | F26: 40 | G26: 60 | H26: 70 | K26: 80 | L26: 3852 | M26: =IF(OR(K26="",L26=""),"",K26*L26) -> 308160
A27: 23 | C27: วัสดุเย็บแผลสังเคราะห์ชนิดละลายได้แบบเส้นถักเกลียว ชนิดเคลือบด้วยสารต้านแบคทีเรีย เข็มคัตติ้ง ขนาด 40 มิลลิเมตร (B1068487 NOVOSYN C V 1 90CM HS40) | D27: การแพทย์ผ่าตัด | E27: กล่อง | F27: 35 | G27: 45 | H27: 60 | K27: 200 | L27: 2568 | M27: =IF(OR(K27="",L27=""),"",K27*L27) -> 513600
A28: 24 | C28: วัสดุเย็บแผลสังเคราะห์ชนิดละลายได้ แบบเส้นถักเกลียว เบอร์ 5/0 เข็มคัตติ้ง ขนาด 11 มิลลิเมตร (C0069608 NOVOSYN U5/045CMDSMP11) | D28: การแพทย์ผ่าตัด | E28: กล่อง | H28: 20 | I28: 5 | K28: 30 | L28: 4494 | M28: =IF(OR(K28="",L28=""),"",K28*L28) -> 134820
A29: 25 | C29: วัสดุเย็บแผลจากธรรมชาติ ชนิดละลายได้ เบอร์ 1 เข็มราวด์ ขนาด 37 มิลลิเมตร (CHROMIC #1 37MM 1/2 ROUND C137) | D29: การแพทย์ผ่าตัด | E29: กล่อง | F29: 60 | G29: 60 | H29: 80 | K29: 80 | L29: 535 | M29: =IF(OR(K29="",L29=""),"",K29*L29) -> 42800
A30: 26 | C30: วัสดุเย็บแผลจากธรรมชาติ ชนิดละลายได้ เบอร์ 2 เข็มราวด์ ขนาด 30 มิลลิเมตร (CHROMIC 2/0 30MM 1/2 ROUND C2030) | D30: การแพทย์ผ่าตัด | E30: กล่อง | F30: 80 | G30: 80 | H30: 40 | K30: 80 | L30: 535 | M30: =IF(OR(K30="",L30=""),"",K30*L30) -> 42800
A31: 27 | C31: วัสดุเย็บแผลจากธรรมชาติ ชนิดละลายได้ เบอร์ 2 เข็มราวด์ ขนาด 26 มิลลิเมตร (CHROMIC 2/0 26MM 1/2 ROUND C2026) | D31: การแพทย์ผ่าตัด | E31: กล่อง | H31: 55 | K31: 60 | L31: 802.5 | M31: =IF(OR(K31="",L31=""),"",K31*L31) -> 48150
A32: 28 | C32: วัสดุเย็บแผลจากธรรมชาติ ชนิดละลายได้ เบอร์ 3 เข็มราวด์ ขนาด 26 มิลลิเมตร (CHROMIC 3/0 26MM 1/2 ROUND C3026) | D32: การแพทย์ผ่าตัด | E32: กล่อง | H32: 30 | K32: 50 | L32: 642 | M32: =IF(OR(K32="",L32=""),"",K32*L32) -> 32100
A33: 29 | C33: วัสดุเย็บแผลสังเคราะห์เส้นเดี่ยวชนิดไม่ละลาย เบอร์ 10/0 เข็ม C-3 ยาว 30 เซนติเมตร (SUTURE ๑๐-0 NYLON C-3 12) | D33: การแพทย์ผ่าตัด | E33: กล่อง | F33: 30 | G33: 30 | H33: 30 | K33: 50 | L33: 4654.5 | M33: =IF(OR(K33="",L33=""),"",K33*L33) -> 232725
A34: 30 | C34: วัสดุเย็บแผลสังเคราะห์ ชนิดละลายเร็ว แบบเส้นถัก เบอร์ 4 เข็มคัตติ้ง ขนาด 16 มิลลิเมตร (NOVASORB QUICK 4/0 16MM 3/8 REV CUT Q4016P-U) | D34: การแพทย์ผ่าตัด | E34: กล่อง | G34: 30 | H34: 10 | K34: 20 | L34: 1070 | M34: =IF(OR(K34="",L34=""),"",K34*L34) -> 21400
A35: 31 | C35: วัสดุเย็บแผลแบบสังเคราะห์เส้นเดี่ยว ชนิดไม่ละลาย เบอร์ 3 เข็มคัตติ้ง ขนาด 24 มิลลิเมตร (SOFILON 3/0 24MM 3/8 REV CUT N3024) | D35: การแพทย์ผ่าตัด | E35: กล่อง | F35: 550 | G35: 480 | H35: 580 | K35: 600 | L35: 535 | M35: =IF(OR(K35="",L35=""),"",K35*L35) -> 321000
A36: 32 | C36: วัสดุเย็บแผลสังเคราะห์ ชนิดละลายเร็ว แบบเส้นถัก เบอร์ 5 เข็มคัตติ้ง ขนาด 11 มิลลิเมตร (NOVASORB QUICK 5/0 11MM 3/8 REV CUT Q5011P-U) | D36: การแพทย์ผ่าตัด | E36: กล่อง | H36: 15 | K36: 20 | L36: 1284 | M36: =IF(OR(K36="",L36=""),"",K36*L36) -> 25680
A37: 33 | C37: เข็มสำหรับดูดระบายชนิดปลายอ่อนนุ่ม ขนาดเส้นผ่านศูนย์กลาง 0.3 มิลลิเมตร (SOFT TIP NEED ๒๓GA) | D37: การแพทย์ผ่าตัด | E37: กล่อง | F37: 20 | G37: 20 | H37: 20 | K37: 20 | L37: 3959 | M37: =IF(OR(K37="",L37=""),"",K37*L37) -> 79180
A38: 34 | C38: เข็มสำหรับดูดระบายชนิดปลายอ่อนนุ่ม ขนาดเส้นผ่านศูนย์กลาง 0.5 มิลลิเมตร (SOFT TIP NEED ๒5GA) | D38: การแพทย์ผ่าตัด | E38: กล่อง | F38: 20 | G38: 20 | H38: 20 | K38: 20 | L38: 3959 | M38: =IF(OR(K38="",L38=""),"",K38*L38) -> 79180
A39: 35 | C39: วัสดุเย็บเเผลสังเคราะห์ชนิดไม่ละลาย เเบบเส้นถัก ขนาด ๔/๐ ความยาว ๔๕ เซนติเมตร เข็มคู่ ๘ มิลลิเมตร (เอทธิบอนด์ 4/0 45 เซนติเมตร เข็มคู่ 8 มิลลิเมตร สเปททูลา W882) | D39: การแพทย์ผ่าตัด | E39: กล่อง | F39: 25 | G39: 25 | H39: 30 | K39: 30 | L39: 6270.2 | M39: =IF(OR(K39="",L39=""),"",K39*L39) -> 188106
A40: 36 | C40: ไหมเย็บแผลสังเคราะห์เส้นถัก ชนิดละลายได้ เบอร์ 6/0 เข็ม 1/4 8.0 มิลลิเมตร ความยาวไหม 45 เซนติเมตร (Ophthalmic PGA ๖/๐ Violet ๔๕cm ๒xVLZ-๘ ๐-๓๐๐) | D40: การแพทย์ผ่าตัด | E40: กล่อง | H40: 15 | K40: 30 | L40: 5311.29 | M40: =IF(OR(K40="",L40=""),"",K40*L40) -> 159338.7
A41: 37 | C41: ไหมเย็บแผลสังเคราะห์เส้นถัก ชนิดละลายได้ เบอร์ 8/0 เข็ม 3/8 6.4 มิลลิเมตร ความยาวไหม 30 เซนติเมตร (Ophthalmic PGA 8/0,Violet,30cm,2xDLZ-6.4-200) | D41: การแพทย์ผ่าตัด | E41: กล่อง | F41: 10 | G41: 10 | H41: 17 | K41: 20 | L41: 5680 | M41: =IF(OR(K41="",L41=""),"",K41*L41) -> 113600
A42: 38 | C42: ไหมเย็บเเผลสังเคราะห์เเบบเส้นถัก ชนิดละลายได้ เบอร์ ๒/๐ เข็มเดี่ยวขนาด ๑/๒ เทเปอร์คัท ๓๖ มิลลิเมตร ความยาวไหม ๙๐ เซนติเมตร (Optime R 2/0, Undyed 1/2KL 36mm 90cm) | D42: การแพทย์ผ่าตัด | E42: กล่อง | F42: 33 | G42: 15 | H42: 40 | K42: 80 | L42: 4500 | M42: =IF(OR(K42="",L42=""),"",K42*L42) -> 360000
A43: 39 | C43: วัสดุห้ามเลือดเเบบแผ่นถัก (W1913T) | D43: การแพทย์ผ่าตัด | E43: กล่อง | F43: 70 | G43: 100 | H43: 150 | K43: 200 | L43: 7768.2 | M43: =IF(OR(K43="",L43=""),"",K43*L43) -> 1553640
A44: 40 | C44: วัสดุห้ามเลือดชนิดไม่ถักไม่ทอชนิดลอกออกได้เป็นชิ้นบางๆ ขนาด 1x2 นิ้ว (fibilar 1*2 (1961) | D44: การแพทย์ผ่าตัด | E44: กล่อง | F44: 50 | G44: 80 | H44: 100 | K44: 160 | L44: 11770 | M44: =IF(OR(K44="",L44=""),"",K44*L44) -> 1883200
A45: 41 | C45: วัสดุห้ามเลือดชนิดไม่ถักไม่ทอชนิดลอกออกได้เป็นชิ้นบางๆ ขนาด 2x4 นิ้ว (fibilar 2*4 (1962) | D45: การแพทย์ผ่าตัด | E45: กล่อง | F45: 50 | G45: 80 | H45: 100 | K45: 160 | L45: 22470 | M45: =IF(OR(K45="",L45=""),"",K45*L45) -> 3595200
A46: 42 | C46: วัสดุห้ามเลือดแบบแผ่นไม่ถักไม่ทอชนิดโครงสร้างเส้นใยแบบสอดประสาน ขนาด 1x2 นิ้ว (snow 1*2 (2081) | D46: การแพทย์ผ่าตัด | E46: กล่อง | F46: 10 | G46: 15 | H46: 15 | K46: 40 | L46: 16050 | M46: =IF(OR(K46="",L46=""),"",K46*L46) -> 642000
A47: 43 | C47: วัสดุห้ามเลือดแบบแผ่นไม่ถักไม่ทอชนิดโครงสร้างเส้นใยแบบสอดประสาน ขนาด 2x4 นิ้ว (snow 2*4 (2082) | D47: การแพทย์ผ่าตัด | E47: กล่อง | F47: 10 | G47: 15 | H47: 15 | K47: 40 | L47: 22470 | M47: =IF(OR(K47="",L47=""),"",K47*L47) -> 898800
A48: 44 | C48: วัสดุเย็บแผลสังเคราะห์แบบถัก ชนิดละลายได้ เบอร์ 1, ยาว 75 ชม. ขนาดเข็ม 31 มม เจ เทปเปอร์คัท (W9335) | D48: การแพทย์ผ่าตัด | E48: กล่อง | F48: 150 | G48: 150 | H48: 150 | K48: 200 | L48: 2803.4 | M48: =IF(OR(K48="",L48=""),"",K48*L48) -> 560680
A49: 45 | C49: วัสดุเย็บแผลสังเคราะห์ชนิดไม่ละลาย แบบเส้นถัก เบอร์ 2-0 เข็ม 26 มม เทเปอร์คัท (W6977) | D49: การแพทย์ผ่าตัด | E49: กล่อง | F49: 20 | G49: 20 | H49: 20 | K49: 40 | L49: 2824.8 | M49: =IF(OR(K49="",L49=""),"",K49*L49) -> 112992
A50: 46 | C50: วัสดุเย็บแผล ชนิดไม่ละลายแบบเส้นเดี่ยว เบอร์ 8/0, ยาว 13 ซม. เข็ม 4.7 มม ราวด์ (W2812) | D50: การแพทย์ผ่าตัด | E50: กล่อง | F50: 10 | G50: 10 | H50: 10 | K50: 10 | L50: 6056.2 | M50: =IF(OR(K50="",L50=""),"",K50*L50) -> 60562
A51: 47 | C51: วัสดุเย็บแผล ชนิดไม่ละลายแบบเส้นเดี่ยว เบอร์ 10/0, ยาว 13 ซม เข็ม 4.70 มม ราวด์ (W2860) | D51: การแพทย์ผ่าตัด | E51: กล่อง | F51: 10 | G51: 10 | H51: 10 | K51: 10 | L51: 12947 | M51: =IF(OR(K51="",L51=""),"",K51*L51) -> 129470
A52: 48 | C52: วัสดุเย็บแผล ชนิดไม่ละลายแบบเส้นเดี่ยว เบอร์ 4/0 ยาว 90 ซม. เข็ม 17 มม ราวค์ (8557H) | D52: การแพทย์ผ่าตัด | E52: กล่อง | F52: 30 | G52: 30 | H52: 30 | K52: 40 | L52: 9707.04 | M52: =IF(OR(K52="",L52=""),"",K52*L52) -> 388281.6
... A97: 93 | C97: วัสดุเย็บแผลชนิดละลายได้ เบอร์ ๑ เข็มราวด์ปลายทู่ ขนาด ๖๔ มิลลิเมตร (MONOSYN V ๑ ๙๐CM DRN๖๔ B๐๐๒๒๔๐๐) | D97: การแพทย์ผ่าตัด | E97: กล่อง | F97: 1 | G97: 1 | H97: 1 | K97: 2 | L97: 6184.6 | M97: =IF(OR(K97="",L97=""),"",K97*L97) -> 12369.2
A98: 94 | C98: วัสดุเย็บแผลสังเคราะห์ชนิดไม่ละลาย แบบเส้นเดี่ยว เบอร์ 10-0 (ETHILON BV75-3 2870G) | D98: การแพทย์ผ่าตัด | E98: กล่อง | H98: 1 | K98: 3 | L98: 20629.6 | M98: =IF(OR(K98="",L98=""),"",K98*L98) -> 61888.8
A99: 95 | C99: ลวดเย็บกระดูกหน้าอกชนิดไม่ละลาย เบอร์ 3 เข็มเดี่ยว ๑/๒ เทเปอร์คัท 40 มิลลิเมตร ยาว ๔๕ เซนติเมตร (Steel ๓ ๑/๒ KL๔๐ ๔๕CM P๕ (PET)) ใช้สำหรับเคสเด็กน้อย | D99: การแพทย์ผ่าตัด | E99: กล่อง | H99: 1 | K99: 2 | L99: 18189.96 | M99: =IF(OR(K99="",L99=""),"",K99*L99) -> 36379.92
A100: 96 | C100: สารป้องกันพังผืดและสารห้ามเลือด สำหรับการผ่าตัดทางสูตินรีเวช ขนาด 1.5 มิลลิลิตร (PROTESCAL 1.5ML) | D100: การแพทย์ผ่าตัด | E100: กล่อง | F100: 130 | G100: 130 | H100: 130 | K100: 200 | L100: 2140 | M100: =IF(OR(K100="",L100=""),"",K100*L100) -> 428000
A101: 97 | C101: สารป้องกันพังผืดและสารห้ามเลือด สำหรับการผ่าตัดทางสูตินรีเวช ขนาด 5.0 มิลลิลิตร (PROTESCAL 5.0ML) | D101: การแพทย์ผ่าตัด | E101: กล่อง | F101: 530 | G101: 530 | H101: 530 | K101: 800 | L101: 4280 | M101: =IF(OR(K101="",L101=""),"",K101*L101) -> 3424000
A102: 98 | C102: น้ำยาเตรียมผิวหนังก่อนการผ่าตัด ขนาด 26 มิลลิลิตร (DURAPREP) | D102: การแพทย์ผ่าตัด | E102: กล่อง | F102: 300 | G102: 300 | H102: 300 | K102: 500 | L102: 6420 | M102: =IF(OR(K102="",L102=""),"",K102*L102) -> 3210000
A103: 99 | C103: แผ่นคลุมผิวปราศจากเชื้อก่อนการผ่าตัด ชนิดมีไอโอดีน ขนาด 60 เซนติเมตร x 45 เซนติเมตร (IOBAN) | D103: การแพทย์ผ่าตัด | E103: กล่อง | F103: 500 | G103: 500 | H103: 500 | K103: 1000 | L103: 4066 | M103: =IF(OR(K103="",L103=""),"",K103*L103) -> 4066000
A104: 100 | C104: ตลับทดน้ำเเละสารน้ำใช้สำหรับการผ่าตัดต้อกระจก (ACTIVE) | D104: การแพทย์ผ่าตัด | E104: ชุด | F104: 1000 | G104: 800 | H104: 800 | K104: 2000 | L104: 1881.06 | M104: =IF(OR(K104="",L104=""),"",K104*L104) -> 3762120
A105: 101 | C105: ตลับทดน้ำใช้สำหรับผ่าตัดต้อกระจก (GRAVITY) | D105: การแพทย์ผ่าตัด | E105: ชุด | F105: 1500 | G105: 1500 | H105: 1100 | K105: 2000 | L105: 1712 | M105: =IF(OR(K105="",L105=""),"",K105*L105) -> 3424000
A106: 102 | C106: สารหนืดสำหรับผ่าตัดตา สารละลายโซเดียมไฮยาลูโรเนท ๒% (VISIOL) | D106: การแพทย์ผ่าตัด | E106: หลอด | F106: 1000 | G106: 1000 | H106: 700 | K106: 1500 | L106: 1765.5 | M106: =IF(OR(K106="",L106=""),"",K106*L106) -> 2648250
A107: 103 | C107: สารหนืดสำหรับผ่าตัดตา สารละลายโซเดียมไฮยาลูโรเนท ๑.๘% w/v (PE-HA-LURON F ๑.๘) | D107: การแพทย์ผ่าตัด | E107: หลอด | F107: 1500 | G107: 2000 | H107: 800 | K107: 2000 | L107: 1500 | M107: =IF(OR(K107="",L107=""),"",K107*L107) -> 3000000
A108: 104 | C108: สีย้อมตา (Trypan blue solution 0.06% w/v) | D108: การแพทย์ผ่าตัด | E108: กล่อง | F108: 200 | G108: 200 | H108: 250 | K108: 400 | L108: 1200.54 | M108: =IF(OR(K108="",L108=""),"",K108*L108) -> 480216
A109: 105 | C109: สีย้อมจอประสาทตา (Brilliant Blue G solution 0.05% w/v) | D109: การแพทย์ผ่าตัด | E109: กล่อง | F109: 10 | G109: 10 | H109: 20 | K109: 30 | L109: 3210 | M109: =IF(OR(K109="",L109=""),"",K109*L109) -> 96300
A110: 106 | C110: น้ำมันซิลิโคนสำหรับกดจอประสาทตา (VRL600) | D110: การแพทย์ผ่าตัด | E110: กล่อง | F110: 100 | G110: 100 | H110: 95 | K110: 200 | L110: 5350 | M110: =IF(OR(K110="",L110=""),"",K110*L110) -> 1070000
A111: 107 | C111: สารหนืดสำหรับผ่าตัดต้อกระจก (AMVICS) | D111: การแพทย์ผ่าตัด | E111: กล่อง | F111: 200 | G111: 150 | H111: 150 | K111: 300 | L111: 1200 | M111: =IF(OR(K111="",L111=""),"",K111*L111) -> 360000
... A121: 117 | C121: ท่อระบายของเหลวออกจากแผลหลังผ่าตัด (Jackson-Pratt Wound Drainage สายกลม 15fr) | D121: การแพทย์ผ่าตัด | E121: ชิ้น | F121: 200 | G121: 200 | H121: 300 | K121: 500 | L121: 470 | M121: =IF(OR(K121="",L121=""),"",K121*L121) -> 235000
A122: 118 | C122: ชุดเก็บเสมหะและสารคัดหลั่ง (Mucous Extractor) | D122: การแพทย์ผ่าตัด | E122: ชิ้น | F122: 10000 | G122: 10000 | K122: 2000 | L122: 75 | M122: =IF(OR(K122="",L122=""),"",K122*L122) -> 150000
A123: 119 | C123: อุปกรณ์สำหรับจับบริเวณก้านโคมไฟชนิดใช้แล้วทิ้ง (Light handle cover) | D123: การแพทย์ผ่าตัด | E123: ชิ้น | F123: 10000 | G123: 10000 | K123: 2000 | L123: 25 | M123: =IF(OR(K123="",L123=""),"",K123*L123) -> 50000
A124: 120 | C124: กระดาษห่อเครื่องมือแพทย์ ขนาด 75x75 เซนติเมตร | D124: การแพทย์ผ่าตัด | E124: กล่อง | F124: 150 | G124: 150 | H124: 130 | K124: 195 | L124: 2500 | M124: =IF(OR(K124="",L124=""),"",K124*L124) -> 487500
A125: 121 | C125: กระดาษห่อเครื่องมือแพทย์ ขนาด 120x120 เซนติเมตร | D125: การแพทย์ผ่าตัด | E125: กล่อง | F125: 100 | G125: 100 | H125: 90 | K125: 130 | L125: 3800 | M125: =IF(OR(K125="",L125=""),"",K125*L125) -> 494000
A126: 122 | C126: ก็อสพับขนาด ๔ นิ้ว x ๔ นิ้ว ๘ ชั้น ปราศจากเชื้อ | D126: การแพทย์ผ่าตัด | E126: ถุง | F126: 25000 | G126: 25000 | H126: 25000 | K126: 25000 | L126: 12 | M126: =IF(OR(K126="",L126=""),"",K126*L126) -> 300000
A127: 123 | C127: ก็อสพับขนาด ๔ นิ้ว x ๔ นิ้ว ๘ ชั้น มีเส้น X-Ray ปราศจากเชื้อ | D127: การแพทย์ผ่าตัด | E127: ถุง | F127: 12480 | G127: 12480 | H127: 12480 | K127: 12480 | L127: 16 | M127: =IF(OR(K127="",L127=""),"",K127*L127) -> 199680
A128: 124 | C128: ขวดสุญญากาศชนิดใช้ครั้งเดียว เเบบระบบปิด (ขวดเดรน 200,600 CC) | D128: การแพทย์ผ่าตัด | E128: ขวด | F128: 1500 | G128: 3300 | H128: 3000 | K128: 3300 | L128: 150 | M128: =IF(OR(K128="",L128=""),"",K128*L128) -> 495000
A129: 125 | C129: สายดูดเลือดและสารคัดหลั่งจากผู้ป่วย แบบระบบปิด (สายเดรน No.8-12) | D129: การแพทย์ผ่าตัด | E129: เส้น | F129: 2000 | G129: 2000 | H129: 1000 | K129: 7000 | L129: 27 | M129: =IF(OR(K129="",L129=""),"",K129*L129) -> 189000
A130: 126 | C130: ใบมีดผ่าตัดสแตนเลส (All size) (No.10,11,12,15,23) | D130: การแพทย์ผ่าตัด | E130: กล่อง | F130: 300 | G130: 400 | H130: 175 | K130: 430 | L130: 715 | M130: =IF(OR(K130="",L130=""),"",K130*L130) -> 307450
A131: 127 | C131: อุปกรณ์เจาะช่องท้องสำหรับใส่เครื่องมือผ่าตัดผ่านกล้อง (All size) (No.12x150,12x108 B+O,5x100B+O) | D131: การแพทย์ผ่าตัด | E131: ชิ้น | F131: 135 | G131: 135 | H131: 50 | K131: 135 | L131: 3700 | M131: =IF(OR(K131="",L131=""),"",K131*L131) -> 499500
A132: 128 | C132: ท่อเจาะคอผู้ใหญ่ มีคัฟ บลูซีเล็ค (All size) (No.6,7,7.5,8,8.5) | D132: การแพทย์ผ่าตัด | E132: ชิ้น | F132: 150 | G132: 250 | H132: 200 | K132: 370 | L132: 1337.5 | M132: =IF(OR(K132="",L132=""),"",K132*L132) -> 494875
A133: 129 | C133: เข็มเก็บชิ้นเนื้อแบบอัตโนมัติ (All size) (No.14x10,16x10,18x20 biopsy ตับ ไต เต้านม) | D133: การแพทย์ผ่าตัด | E133: ชิ้น | F133: 300 | G133: 300 | H133: 200 | K133: 450 | L133: 1100 | M133: =IF(OR(K133="",L133=""),"",K133*L133) -> 495000
A134: 130 | C134: สายสวนท่อไต พร้อมขดเส้นลวดนำ (All size) (No.4.7,6) | D134: การแพทย์ผ่าตัด | E134: ชิ้น | F134: 150 | G134: 150 | H134: 110 | K134: 240 | L134: 2080 | M134: =IF(OR(K134="",L134=""),"",K134*L134) -> 499200
A135: 131 | C135: คลิปหนีบเส้นเลือดโป่งพองในสมองแบบ Sugita ขนาดมาตรฐาน (All size) | D135: การแพทย์ผ่าตัด | E135: ชิ้น | F135: 50 | G135: 50 | H135: 50 | K135: 50 | L135: 8239 | M135: =IF(OR(K135="",L135=""),"",K135*L135) -> 411950
... A190: 186 | C190: สายนำของเสียออกจากปอด แบบไม่มีแกนเหล็กนำ (โธแรคสิค ทุกเบอร์) | D190: การแพทย์ผ่าตัด | E190: เส้น | F190: 430 | G190: 450 | H190: 440 | K190: 500 | L190: 140 | M190: =IF(OR(K190="",L190=""),"",K190*L190) -> 70000
A191: 187 | C191: เข็มเย็บแผล cutting Sheath (กลาง) No.๑๕๐๔-๑๑ | D191: การแพทย์ผ่าตัด | E191: โหล | F191: 100 | H191: 100 | K191: 100 | L191: 450 | M191: =IF(OR(K191="",L191=""),"",K191*L191) -> 45000
A192: 188 | C192: เข็มเย็บแผล cutting Sheath (กลาง) No.๑๕๐๔-๑๔ | D192: การแพทย์ผ่าตัด | E192: โหล | H192: 30 | K192: 100 | L192: 450 | M192: =IF(OR(K192="",L192=""),"",K192*L192) -> 45000
A193: 189 | C193: เข็มเย็บแผล cutting Sheath (กลาง) No.๑๕๐๐-๑๓ | D193: การแพทย์ผ่าตัด | E193: โหล | H193: 30 | K193: 50 | L193: 450 | M193: =IF(OR(K193="",L193=""),"",K193*L193) -> 22500
A194: 190 | C194: เข็มเย็บเเผล round ๑/๒ No.๑๕๑๒-๓๑ | D194: การแพทย์ผ่าตัด | E194: โหล | G194: 200 | K194: 100 | L194: 450 | M194: =IF(OR(K194="",L194=""),"",K194*L194) -> 45000
A195: 191 | C195: เข็มเย็บแผล cutting skin (เล็ก) No.๑๕๐๐-๑7 | D195: การแพทย์ผ่าตัด | E195: โหล | F195: 100 | K195: 100 | L195: 450 | M195: =IF(OR(K195="",L195=""),"",K195*L195) -> 45000
A196: 192 | C196: เข็มเย็บ Hernia เบอร์ 1790-4 | D196: การแพทย์ผ่าตัด | E196: โหล | F196: 30 | K196: 50 | L196: 650 | M196: =IF(OR(K196="",L196=""),"",K196*L196) -> 32500
A197: 193 | C197: เข็มเย็บแผล cutting 3/8 No.1500-7 | D197: การแพทย์ผ่าตัด | E197: โหล | F197: 60 | K197: 50 | L197: 450 | M197: =IF(OR(K197="",L197=""),"",K197*L197) -> 22500
A198: 194 | C198: วัสดุซับเลือดในโพรงจมูก (Merocel) | D198: การแพทย์ผ่าตัด | E198: กล่อง | F198: 20 | G198: 20 | H198: 20 | K198: 20 | L198: 3210 | M198: =IF(OR(K198="",L198=""),"",K198*L198) -> 64200
A199: 195 | C199: ชุดผ้าและอุปกรณ์ดรายป์สำหรับผ่าตัดสมอง/เปิดกะโหลกศีรษะ ชนิดปราศจากเชื้อ (Craniotomy Pack G) | D199: การแพทย์ผ่าตัด | E199: กล่อง | F199: 2 | G199: 1 | H199: 3 | K199: 3 | L199: 15500 | M199: =IF(OR(K199="",L199=""),"",K199*L199) -> 46500
A200: 196 | C200: แม็กซ์เย็บผิวหนังชนิดใช้ครั้งเดียวทิ้ง (Skin Stapler Wide, 35 Staples) | D200: การแพทย์ผ่าตัด | E200: ชิ้น | F200: 480 | G200: 480 | H200: 480 | K200: 480 | L200: 181.9 | M200: =IF(OR(K200="",L200=""),"",K200*L200) -> 87312
A201: 197 | C201: ผ้าคลุมผ่าตัดใต้สะโพกแบบมีถุงรองรับของเหลว ชนิดปราศจากเชื้อ (UNDER-BUTTOCKS DRAPE W/POUCH) | D201: การแพทย์ผ่าตัด | E201: ชิ้น | F201: 216 | G201: 216 | H201: 216 | K201: 216 | L201: 374.5 | M201: =IF(OR(K201="",L201=""),"",K201*L201) -> 80892
A202: 198 | C202: ใบมีดตัดกระโหลกศีรษะ ขนาดกลาง | D202: การแพทย์ผ่าตัด | E202: ชิ้น | F202: 40 | G202: 40 | H202: 50 | K202: 50 | L202: 7400 | M202: =IF(OR(K202="",L202=""),"",K202*L202) -> 370000
A203: 199 | C203: ดอกสว่านสำหรับเจาะกระดูกขนาด ๑.๕ มิลลิเมตร | D203: การแพทย์ผ่าตัด | E203: ชิ้น | F203: 30 | G203: 30 | H203: 30 | K203: 30 | L203: 3800 | M203: =IF(OR(K203="",L203=""),"",K203*L203) -> 114000
A204: 200 | C204: หัวกรอชนิดกลม แบบสั้น (ทุกขนาด) | D204: การแพทย์ผ่าตัด | E204: ชิ้น | F204: 30 | G204: 30 | K204: 50 | L204: 5500 | M204: =IF(OR(K204="",L204=""),"",K204*L204) -> 275000
A205: 201 | C205: หัวกรอชนิด Coarse Diamond แบบสั้น (ทุกขนาด) | D205: การแพทย์ผ่าตัด | E205: ชิ้น | F205: 30 | G205: 30 | K205: 50 | L205: 6600 | M205: =IF(OR(K205="",L205=""),"",K205*L205) -> 330000
A206: 202 | C206: หัวเจาะกะโหลกแบบใช้แล้วทิ้ง | D206: การแพทย์ผ่าตัด | E206: ชิ้น | F206: 10 | G206: 16 | K206: 20 | L206: 6000 | M206: =IF(OR(K206="",L206=""),"",K206*L206) -> 120000
A207: 203 | C207: ผงแป้งปราศจากเชื้อ ขนาด ๔ กรัม (steritalc F4) | D207: การแพทย์ผ่าตัด | E207: ขวด | F207: 50 | G207: 50 | H207: 50 | K207: 50 | L207: 1000 | M207: =IF(OR(K207="",L207=""),"",K207*L207) -> 50000
...

Sheet การพยาบาล
A1: โรงพยาบาลวชิระภูเก็ต · คำของบวัสดุ ปี 2570 · แท็บ การพยาบาล
A2: เลขที่เอกสาร | C2: DBR/2570/0020 | D2: หน่วยงาน | E2: กลุ่มภารกิจด้านการพยาบาล | H2: แหล่งเงิน | I2: เงินบำรุง | K2: ปีงบประมาณ | L2: 2570 | N2: สถานะ | O2: ฉบับร่าง
A3: ยอดในระบบ | C3: 62344433 | D3: ผลต่างจากรายการ | E3: =M329-C3 -> 0 | F3: ช่องรหัสสินค้าสีเหลืองกรอกหรือแก้รหัสได้ แท็บยาย้ายรหัสจากหมายเหตุมาไว้ในคอลัมน์นี้ ผลยืนยันเลือก ถูกต้อง / ต้องแก้ไข / ยังไม่ครบ / ข้าม มูลค่าที่ของบคำนวณจากปริมาณที่ของบ × ราคา/หน่วยนับ ยังไม่ผูกสินค้าในระบบ
A4: ลำดับ | B4: รหัสสินค้า | C4: รายการสินค้า | D4: ประเภทวัสดุ | E4: หน่วยนับ | F4: ปริมาณใช้ปี 2567 | G4: ปริมาณใช้ปี 2568 | H4: ปริมาณใช้ปี 2569 | I4: ปริมาณคงเหลือยกมา | J4: มูลค่าคงเหลือยกมา | K4: ปริมาณที่ของบ | L4: ราคา/หน่วยนับ | M4: มูลค่าที่ของบ | N4: หมายเหตุ | O4: ผลยืนยัน
A5: 1 | C5: Transfer BAG 300 ML / 25 Bag | D5: เวชภัณฑ์การพยาบาล | E5: กล่อง | F5: 20 | G5: 20 | H5: 12 | I5: 12 | K5: 20 | L5: 1298.98 | M5: =IF(OR(K5="",L5=""),"",K5*L5) -> 25979.6 | N5: ถุงพลาสติกสำหรับแบ่งและถ่ายแยกส่วนประกอบของเลือด ปราศจากเชื้อ ขนาด 300 มิลลิลิตร
A6: 2 | C6: Nutri-Bag 500 ml. | D6: เวชภัณฑ์การพยาบาล | E6: ใบ | F6: 103000 | G6: 100000 | H6: 150000 | K6: 200000 | L6: 5.4 | M6: =IF(OR(K6="",L6=""),"",K6*L6) -> 1080000
A7: 3 | C7: Nutriline-C | D7: เวชภัณฑ์การพยาบาล | E7: ชิ้น | F7: 12000 | G7: 10000 | H7: 36000 | I7: 8400 | K7: 37000 | L7: 16 | M7: =IF(OR(K7="",L7=""),"",K7*L7) -> 592000
A8: 4 | C8: ถุงรองรับเลือด/ตวงเลือดสำหรับห้องคลอด | D8: เวชภัณฑ์การพยาบาล | E8: ใบ | G8: 1000 | H8: 3000 | K8: 2000 | L8: 37 | M8: =IF(OR(K8="",L8=""),"",K8*L8) -> 74000
A9: 5 | C9: หมวกอาบน้ำพลาสติกป้องกันเอดส์ | D9: เวชภัณฑ์การพยาบาล | E9: ใบ | F9: 5000 | G9: 5000 | K9: 5000 | L9: 3 | M9: =IF(OR(K9="",L9=""),"",K9*L9) -> 15000
A10: 6 | C10: 5.5FRx13 CM 3- Lumen Central Venc Catheter | D10: เวชภัณฑ์การพยาบาล | E10: ชุด | F10: 100 | G10: 100 | K10: 100 | L10: 1690 | M10: =IF(OR(K10="",L10=""),"",K10*L10) -> 169000 | N10: ชุดสายสวนเข้าหลอดเลือดดำใหญ่ส่วนกลาง ชนิด 3 ช่องทาง ขนาดเส้นผ่านศูนย์กลาง 5.5 ยาว 13 ซม.
A11: 7 | C11: Careflow Double lumen 4 FR x 5 cm.(Pediatic Two-Lumen Central Venous) | D11: เวชภัณฑ์การพยาบาล | E11: ชุด | F11: 100 | G11: 100 | I11: 20 | K11: 100 | L11: 1545 | M11: =IF(OR(K11="",L11=""),"",K11*L11) -> 154500 | N11: ชุดสายสวนเข้าหลอดเลือดดำใหญ่ส่วนกลาง ชนิด 2 ช่องทาง ขนาดเส้นผ่านศูนย์กลาง 4 ยาว 5 ซม.
A12: 8 | C12: Careflow Double lumen 4 FR x 13 cm.(Pediatic Two-Lumen Central Venous) | D12: เวชภัณฑ์การพยาบาล | E12: ชุด | F12: 50 | G12: 50 | K12: 100 | L12: 1545 | M12: =IF(OR(K12="",L12=""),"",K12*L12) -> 154500 | N12: ชุดสายสวนเข้าหลอดเลือดดำใหญ่ส่วนกลาง ชนิด 2 ช่องทาง ขนาดเส้นผ่านศูนย์กลาง 4 ยาว 13 ซม.
A13: 9 | C13: Connecting Tube 1.8 m. | D13: เวชภัณฑ์การพยาบาล | E13: เส้น | H13: 41500 | K13: 45000 | L13: 29 | M13: =IF(OR(K13="",L13=""),"",K13*L13) -> 1305000 | N13: สายต่อเครื่องดูดเสมหะ ขนาดความยาว 1.8 เมตร
A14: 10 | C14: Connecting Tube 3 m. | D14: เวชภัณฑ์การพยาบาล | E14: เส้น | H14: 800 | K14: 3000 | L14: 40 | M14: =IF(OR(K14="",L14=""),"",K14*L14) -> 120000 | N14: สายต่อเครื่องดูดเสมหะ ขนาดความยาว 3 เมตร
A15: 11 | C15: Simplastic Suprapublic Puncture No.16 | D15: เวชภัณฑ์การพยาบาล | E15: ชุด | F15: 10 | G15: 10 | K15: 10 | L15: 1800 | M15: =IF(OR(K15="",L15=""),"",K15*L15) -> 18000
A16: 12 | C16: Triple Lumen Central Venous Cat. | D16: เวชภัณฑ์การพยาบาล | E16: ชิ้น | F16: 1220 | G16: 1000 | H16: 1400 | I16: 230 | K16: 1450 | L16: 640 | M16: =IF(OR(K16="",L16=""),"",K16*L16) -> 928000
A17: 13 | C17: Active Life Drain PCH 19-64 mm. | D17: เวชภัณฑ์การพยาบาล | E17: กล่อง | F17: 200 | G17: 200 | H17: 200 | K17: 350 | L17: 642 | M17: =IF(OR(K17="",L17=""),"",K17*L17) -> 224700 | N17: ถุงเก็บสิ่งขับถ่ายจากลำไส้ชนิด 1 ชิ้น
A18: 14 | C18: Little Ones drain ( แป้น+ถุง) สำหรับเด็ก | D18: เวชภัณฑ์การพยาบาล | E18: กล่อง | G18: 30 | H18: 20 | K18: 20 | L18: 1123.5 | M18: =IF(OR(K18="",L18=""),"",K18*L18) -> 22470 | N18: ชุดถุงและแป้นรองรับสิ่งขับถ่ายทางหน้าท้องที่ออกแบบเป็นพิเศษสำหรับทารกและเด็ก
A19: 15 | C19: Sur-Fit Natura Drain 32 mm. | D19: เวชภัณฑ์การพยาบาล | E19: กล่อง | F19: 10 | G19: 10 | H19: 60 | K19: 200 | L19: 481.5 | M19: =IF(OR(K19="",L19=""),"",K19*L19) -> 96300 | N19: ถุงเก็บสิ่งขับถ่ายจากลำไส้ ชนิด 2 ชิ้น เด็กเล็ก
A20: 16 | C20: Sur-Fit Natura Drain 38 mm. | D20: เวชภัณฑ์การพยาบาล | E20: กล่อง | F20: 10 | G20: 10 | H20: 6 | K20: 18 | L20: 423.72 | M20: =IF(OR(K20="",L20=""),"",K20*L20) -> 7626.96 | N20: ถุงเก็บสิ่งขับถ่ายจากลำไส้ ชนิด 2 ชิ้น ขนาด 38 มิลลิเมตร
A21: 17 | C21: Sur-Fit Natura Drain.45 mm. | D21: เวชภัณฑ์การพยาบาล | E21: กล่อง | F21: 300 | G21: 300 | H21: 400 | K21: 500 | L21: 423.72 | M21: =IF(OR(K21="",L21=""),"",K21*L21) -> 211860 | N21: ถุงเก็บสิ่งขับถ่ายจากลำไส้ ชนิด 2 ชิ้น ขนาด 45 มิลลิเมตร
A22: 18 | C22: Sur-Fit Natura Drain. 57 mm. | D22: เวชภัณฑ์การพยาบาล | E22: กล่อง | F22: 200 | G22: 200 | H22: 100 | K22: 200 | L22: 423.72 | M22: =IF(OR(K22="",L22=""),"",K22*L22) -> 84744 | N22: ถุงเก็บสิ่งขับถ่ายจากลำไส้ ชนิด 2 ชิ้น ขนาด 57 มิลลิเมตร
A23: 19 | C23: Sur-Fit Natura Drain. 70 mm. | D23: เวชภัณฑ์การพยาบาล | E23: กล่อง | F23: 30 | G23: 30 | H23: 54 | K23: 84 | L23: 423.72 | M23: =IF(OR(K23="",L23=""),"",K23*L23) -> 35592.48 | N23: ถุงเก็บสิ่งขับถ่ายจากลำไส้ ชนิด 2 ชิ้น ขนาด 70 มิลลิเมตร
A24: 20 | C24: ถุงเก็บอุจจาระหน้าท้องแบบชิ้นเดียวชนิดใส ปราศจากเชื้อ ขนาด 12-85 มิลลิเมตร | D24: เวชภัณฑ์การพยาบาล | E24: กล่อง | G24: 20 | H24: 30 | K24: 30 | L24: 856 | M24: =IF(OR(K24="",L24=""),"",K24*L24) -> 25680
A25: 21 | C25: ถุงยางอนามัย ขนาด 49mm. | D25: เวชภัณฑ์การพยาบาล | E25: กล่อง | F25: 50 | G25: 50 | K25: 20 | L25: 236 | M25: =IF(OR(K25="",L25=""),"",K25*L25) -> 4720
A26: 22 | C26: ถุงยางอนามัย ขนาด 52mm. | D26: เวชภัณฑ์การพยาบาล | E26: กล่อง | F26: 50 | G26: 50 | K26: 20 | L26: 236 | M26: =IF(OR(K26="",L26=""),"",K26*L26) -> 4720
A27: 23 | C27: ห่วงอนามัยคุมกำเนิด | D27: เวชภัณฑ์การพยาบาล | E27: ชิ้น | F27: 50 | G27: 50 | H27: 100 | K27: 100 | L27: 370 | M27: =IF(OR(K27="",L27=""),"",K27*L27) -> 37000
A28: 24 | C28: Connector 7x7 mm. ข้อต่อสายดูดเสมหะสีขาว | D28: เวชภัณฑ์การพยาบาล | E28: ชิ้น | F28: 500 | G28: 2500 | K28: 100 | L28: 44 | M28: =IF(OR(K28="",L28=""),"",K28*L28) -> 4400
A29: 25 | C29: Edward Three Way Spike (H3051) | D29: เวชภัณฑ์การพยาบาล | E29: อัน | F29: 180 | G29: 180 | I29: 35 | K29: 100 | L29: 299.6 | M29: =IF(OR(K29="",L29=""),"",K29*L29) -> 29960
A30: 26 | C30: T-Piece / 3way ด้านเท่า | D30: เวชภัณฑ์การพยาบาล | E30: ชุด | G30: 250 | K30: 100 | L30: 42 | M30: =IF(OR(K30="",L30=""),"",K30*L30) -> 4200
A31: 27 | C31: T-Piece / 3way ด้านไม่เท่า | D31: เวชภัณฑ์การพยาบาล | E31: ชุด | G31: 400 | H31: 500 | K31: 300 | L31: 42 | M31: =IF(OR(K31="",L31=""),"",K31*L31) -> 12600
A32: 28 | C32: จุกขวด Chest Drain 2 ทาง (สั้น/ยาว) | D32: เวชภัณฑ์การพยาบาล | E32: อัน | F32: 500 | G32: 500 | K32: 100 | L32: 65 | M32: =IF(OR(K32="",L32=""),"",K32*L32) -> 6500
A33: 29 | C33: จุกยาง 2 ทาง แบบปีกพร้อมหลอดแก้ว แบบ สั้น/สั้น | D33: เวชภัณฑ์การพยาบาล | E33: อัน | F33: 300 | G33: 300 | H33: 200 | K33: 100 | L33: 70 | M33: =IF(OR(K33="",L33=""),"",K33*L33) -> 7000
A34: 30 | C34: Canister 500 ml with gel infovac | D34: เวชภัณฑ์การพยาบาล | E34: ชิ้น | F34: 20 | G34: 20 | H34: 250 | K34: 100 | L34: 1945.47 | M34: =IF(OR(K34="",L34=""),"",K34*L34) -> 194547 | N34: กระปุกเก็บสารคัดหลั่งขนาด 500 มิลลิลิตร ชนิดใส่เจลเปลี่ยนของเหลวให้เป็นก้อน สำหรับเครื่องควบคุมแรงดันลบดูแลบาดแผล
A35: 31 | C35: Renasys Touch Canister 300 ml. | D35: เวชภัณฑ์การพยาบาล | E35: ชิ้น | H35: 40 | K35: 100 | L35: 1444.5 | M35: =IF(OR(K35="",L35=""),"",K35*L35) -> 144450
A36: 32 | C36: Sealed Canister 800 CC | D36: เวชภัณฑ์การพยาบาล | E36: ชิ้น | H36: 100 | K36: 200 | L36: 1551.5 | M36: =IF(OR(K36="",L36=""),"",K36*L36) -> 310300
A37: 33 | C37: ขวด CHEST DRAIN | D37: เวชภัณฑ์การพยาบาล | E37: ใบ | F37: 50 | G37: 90 | H37: 130 | I37: 40 | K37: 140 | L37: 280 | M37: =IF(OR(K37="",L37=""),"",K37*L37) -> 39200
A38: 34 | C38: Isolation Gown No.M | D38: เวชภัณฑ์การพยาบาล | E38: ชุด | F38: 2000 | G38: 2000 | H38: 1600 | K38: 2000 | L38: 35 | M38: =IF(OR(K38="",L38=""),"",K38*L38) -> 70000
A39: 35 | C39: Surgical Gown size L | D39: เวชภัณฑ์การพยาบาล | E39: ชุด | F39: 2400 | G39: 2000 | H39: 1900 | K39: 2000 | L39: 120 | M39: =IF(OR(K39="",L39=""),"",K39*L39) -> 240000
A40: 36 | C40: ผ้าห่อเครื่องมือแพทย์ สีเขียว ขนาด 30 ซม.x 30 ซม | D40: เวชภัณฑ์การพยาบาล | E40: แพ็ค | F40: 80 | G40: 80 | H40: 55 | I40: 28 | K40: 95 | L40: 1150 | M40: =IF(OR(K40="",L40=""),"",K40*L40) -> 109250 | N40: ผ้าห่อเครื่องมือแพทย์ สีเขียว ขนาด 30 ซม.x 30 ซม.
A41: 37 | C41: ผ้าห่อเครื่องมือแพทย์ สีเขียว ขนาด 40 ซม. x 40 ซม. | D41: เวชภัณฑ์การพยาบาล | E41: แพ็ค | F41: 100 | G41: 100 | H41: 7 | I41: 24 | K41: 50 | L41: 1975 | M41: =IF(OR(K41="",L41=""),"",K41*L41) -> 98750
A42: 38 | C42: ผ้าห่อเครื่องมือแพทย์ สีเขียว ขนาด 50 ซม. x 50 ซม. | D42: เวชภัณฑ์การพยาบาล | E42: แพ็ค | F42: 140 | G42: 140 | H42: 35 | K42: 10 | L42: 2400 | M42: =IF(OR(K42="",L42=""),"",K42*L42) -> 24000
A43: 39 | C43: ผ้าห่อเครื่องมือแพทย์ สีเขียว ขนาด 60 ซม. x 60 ซม. | D43: เวชภัณฑ์การพยาบาล | E43: แพ็ค | F43: 350 | G43: 350 | K43: 215 | L43: 3490 | M43: =IF(OR(K43="",L43=""),"",K43*L43) -> 750350
A44: 40 | C44: ผ้าห่อเครื่องมือแพทย์ สีเขียว ขนาด 70 ซม. x 70 ซม. | D44: เวชภัณฑ์การพยาบาล | E44: แพ็ค | F44: 300 | G44: 300 | H44: 189 | K44: 180 | L44: 3325 | M44: =IF(OR(K44="",L44=""),"",K44*L44) -> 598500
A45: 41 | C45: ผ้าห่อเครื่องมือแพทย์ สีฟ้า ขนาด 90 ซม. x 90 ซม. | D45: เวชภัณฑ์การพยาบาล | E45: แพ็ค | F45: 70 | G45: 70 | H45: 53 | I45: 10 | K45: 50 | L45: 5425 | M45: =IF(OR(K45="",L45=""),"",K45*L45) -> 271250
A46: 42 | C46: ผ้าห่อเครื่องมือแพทย์ สีฟ้า ขนาด 120 ซม. x 120 ซม. | D46: เวชภัณฑ์การพยาบาล | E46: แพ็ค | F46: 10 | G46: 10 | H46: 139 | K46: 12 | L46: 6600 | M46: =IF(OR(K46="",L46=""),"",K46*L46) -> 79200
A47: 43 | C47: ผ้าห่อเครื่องมือแพทย์ สีม่วง ขนาด 40 ซม. x 40 ซม. | D47: เวชภัณฑ์การพยาบาล | E47: แพ็ค | F47: 60 | G47: 60 | H47: 29 | I47: 6 | K47: 30 | L47: 1975 | M47: =IF(OR(K47="",L47=""),"",K47*L47) -> 59250
A48: 44 | C48: ผ้าห่อเครื่องมือแพทย์ สีม่วง ขนาด 50 ซม. x 50 ซม. | D48: เวชภัณฑ์การพยาบาล | E48: แพ็ค | F48: 70 | G48: 70 | H48: 51 | I48: 13 | K48: 80 | L48: 2400 | M48: =IF(OR(K48="",L48=""),"",K48*L48) -> 192000
A49: 45 | C49: ผ้าห่อเครื่องมือแพทย์ สีม่วง ขนาด 60 ซม. x 60 ซม. | D49: เวชภัณฑ์การพยาบาล | E49: แพ็ค | H49: 30 | K49: 75 | L49: 3490 | M49: =IF(OR(K49="",L49=""),"",K49*L49) -> 261750
A50: 46 | C50: ผ้าห่อเครื่องมือแพทย์ สีม่วง ขนาด 70 ซม. x 70 ซม. | D50: เวชภัณฑ์การพยาบาล | E50: แพ็ค | F50: 50 | G50: 50 | H50: 50 | K50: 75 | L50: 3325 | M50: =IF(OR(K50="",L50=""),"",K50*L50) -> 249375
A51: 47 | C51: ผ้าห่อเครื่องมือแพทย์ สีม่วง ขนาด 80 ซม. x 80 ซม. | D51: เวชภัณฑ์การพยาบาล | E51: แพ็ค | G51: 30 | H51: 10 | K51: 10 | L51: 4823 | M51: =IF(OR(K51="",L51=""),"",K51*L51) -> 48230
A52: 48 | C52: ผ้าห่อเครื่องมือแพทย์ สีม่วง ขนาด 90 ซม. x 90 ซม. | D52: เวชภัณฑ์การพยาบาล | E52: แพ็ค | H52: 17 | K52: 45 | L52: 5425 | M52: =IF(OR(K52="",L52=""),"",K52*L52) -> 244125
A53: 49 | C53: ผ้าห่อเครื่องมือแพทย์ สีม่วง ขนาด 120 ซม. x 120 ซม. | D53: เวชภัณฑ์การพยาบาล | E53: แพ็ค | H53: 5 | K53: 12 | L53: 6600 | M53: =IF(OR(K53="",L53=""),"",K53*L53) -> 79200
A54: 50 | C54: ผ้าห่อเครื่องมือแพทย์ สีม่วง ขนาด 150 ซม. x 150 ซม. | D54: เวชภัณฑ์การพยาบาล | E54: แพ็ค | K54: 2 | L54: 7200 | M54: =IF(OR(K54="",L54=""),"",K54*L54) -> 14400
A55: 51 | C55: ผ้าห่มส่วนบน | D55: เวชภัณฑ์การพยาบาล | E55: กล่อง | F55: 3 | G55: 3 | H55: 30 | I55: 5 | K55: 40 | L55: 3210 | M55: =IF(OR(K55="",L55=""),"",K55*L55) -> 128400 | N55: ผ้าห่มควบคุมอุณหภูมิร่างกายส่วนบน
A56: 52 | C56: ผ้าห่มเด็ก | D56: เวชภัณฑ์การพยาบาล | E56: กล่อง | F56: 3 | G56: 3 | H56: 15 | I56: 5 | K56: 20 | L56: 4280 | M56: =IF(OR(K56="",L56=""),"",K56*L56) -> 85600 | N56: ผ้าห่มควบคุมอุณหภูมิสำหรับเด็ก
A57: 53 | C57: ผ้าห่มเต็มตัว | D57: เวชภัณฑ์การพยาบาล | E57: กล่อง | F57: 20 | G57: 20 | H57: 20 | I57: 12 | K57: 50 | L57: 3210 | M57: =IF(OR(K57="",L57=""),"",K57*L57) -> 160500 | N57: ผ้าห่มควบคุมอุณหภูมิร่างกายชนิดเต็มตัว
A58: 54 | C58: Aquacel AG Extra 10X10 cm | D58: เวชภัณฑ์การพยาบาล | E58: กล่อง | F58: 40 | G58: 40 | H58: 40 | K58: 35 | L58: 2514.5 | M58: =IF(OR(K58="",L58=""),"",K58*L58) -> 88007.5 | N58: แผ่นปิดแผลไฮโดรไฟเบอร์ผสมซิลเวอร์ ขนาด 10 ซม.x10 ซม.
A59: 55 | C59: Aquacel AG Extra 20X30 cm | D59: เวชภัณฑ์การพยาบาล | E59: กล่อง | F59: 50 | G59: 50 | H59: 25 | K59: 25 | L59: 5661.37 | M59: =IF(OR(K59="",L59=""),"",K59*L59) -> 141534.25 | N59: แผ่นปิดแผลไฮโดรไฟเบอร์ผสมซิลเวอร์ ขนาด 20 ซม.x30 ซม.
A60: 56 | C60: Aqualcel AG Foam 10x10cm. | D60: เวชภัณฑ์การพยาบาล | E60: กล่อง | F60: 90 | G60: 90 | H60: 110 | K60: 160 | L60: 1444.5 | M60: =IF(OR(K60="",L60=""),"",K60*L60) -> 231120 | N60: แผ่นปิดแผลไฮโดรไฟเบอร์ชนิดโฟมผสมซิลเวอร์แบบไม่มีกาว ขนาด 10 ซม.x10 ซม.
A61: 57 | C61: Aqualcel Foam N/ADH 15x20cm. | D61: เวชภัณฑ์การพยาบาล | E61: กล่อง | F61: 74 | G61: 80 | H61: 60 | K61: 60 | L61: 1926 | M61: =IF(OR(K61="",L61=""),"",K61*L61) -> 115560 | N61: แผ่นปิดแผล ไฮโดรไฟเบอร์ชนิดโฟมผสมซิลเวอร์แบบไม่มีกาว
A62: 58 | C62: Askina Dressil 10x10 cm. | D62: เวชภัณฑ์การพยาบาล | E62: กล่อง | F62: 20 | G62: 20 | H62: 60 | K62: 10 | L62: 1391 | M62: =IF(OR(K62="",L62=""),"",K62*L62) -> 13910 | N62: วัสดุปิดแผลชนิดโฟมโพลียูรีเทนเคลือบซิลิโคน ปราศจากเชื้อ ขนาด 10x10 เซนติเมตร
A63: 59 | C63: Bactigras 10 x 10 cm. | D63: เวชภัณฑ์การพยาบาล | E63: กล่อง | H63: 300 | K63: 500 | L63: 133.75 | M63: =IF(OR(K63="",L63=""),"",K63*L63) -> 66875 | N63: ผ้าก๊อซชุบพาราฟินผสมสารฆ่าเชื้อคลอร์เฮกซิดิน ปราศจากเชื้อ ขนาด 10x10 เซนติเมตร
A64: 60 | C64: Blumembrane 20x28 cm. | D64: เวชภัณฑ์การพยาบาล | E64: กล่อง | H64: 20 | K64: 20 | L64: 2675 | M64: =IF(OR(K64="",L64=""),"",K64*L64) -> 53500 | N64: แผ่นปิดแผลนาโนไบโอเซลลูโลสเคลือบโลหะเงินนาโนสีฟ้า ขนาด 20x28 เซนติเมตร
A65: 61 | C65: Brava Elastic Tape C | D65: เวชภัณฑ์การพยาบาล | E65: กล่อง | H65: 20 | K65: 100 | L65: 856 | M65: =IF(OR(K65="",L65=""),"",K65*L65) -> 85600 | N65: แผ่นไฮโดรคอลลอยด์ยืดหยุ่นชนิดโค้งสำหรับยึดติดขอบแป้นรองถุงเก็บอุจจาระหน้าท้อง
A66: 62 | C66: Cavilon ADV Skin Protect 0.7 ml. | D66: เวชภัณฑ์การพยาบาล | E66: ชิ้น | F66: 600 | G66: 600 | H66: 400 | K66: 600 | L66: 231.12 | M66: =IF(OR(K66="",L66=""),"",K66*L66) -> 138672 | N66: ฟิล์มเหลวเคลือบป้องกันผิวหนังและเคลือบปิดแผลตื้น ชนิดปราศจากแอลกอฮอล์ ปริมาณ 0.7 มิลลิลิตร
A67: 63 | C67: Cavilon Durable Barrier 28g. | D67: เวชภัณฑ์การพยาบาล | E67: กล่อง | F67: 200 | G67: 200 | K67: 200 | L67: 185 | M67: =IF(OR(K67="",L67=""),"",K67*L67) -> 37000 | N67: ครีมเข้มข้นสูตรปกป้องผิวหนังจากการกัดเซาะและระคายเคือง ชนิดปราศจากสารพาราเบน ขนาด 28 กรัม
A68: 64 | C68: Dermodacyn Post Procedure Hydrogel 45 g. | D68: เวชภัณฑ์การพยาบาล | E68: ขวด | F68: 50 | G68: 50 | H68: 20 | K68: 30 | L68: 650 | M68: =IF(OR(K68="",L68=""),"",K68*L68) -> 19500 | N68: ไฮโดรเจลสูตรลดการอักเสบและฆ่าเชื้อ ใช้สำหรับทาบำรุงและปกป้องผิวหนังหลังทำหัตถการทางการแพทย์
A69: 65 | C69: Dermodacyn Wound Care spray 990 ml. | D69: เวชภัณฑ์การพยาบาล | E69: ขวด | F69: 50 | G69: 50 | H69: 40 | K69: 200 | L69: 950 | M69: =IF(OR(K69="",L69=""),"",K69*L69) -> 190000 | N69: สเปรย์น้ำยาทำความสะอาดและฆ่าเชื้อบริเวณบาดแผลที่มีส่วนผสมของ Hypochlorous Acid (HOCl) ช่วยขจัดแบคทีเรีย ไวรัส และสิ่งหลั่ง
A70: 66 | C70: Dermodacyn Wound Hydrogel 500 g. | D70: เวชภัณฑ์การพยาบาล | E70: ขวด | F70: 100 | G70: 100 | H70: 100 | K70: 200 | L70: 1800 | M70: =IF(OR(K70="",L70=""),"",K70*L70) -> 360000 | N70: เจลบำรุงและให้ความชุ่มชื้นแก่บาดแผลช่วยฆ่าเชื้อและเร่งกระบวนการสมานแผล
A71: 67 | C71: Duoderm CGF 4นิ้ว*4นิ้ว | D71: เวชภัณฑ์การพยาบาล | E71: กล่อง | F71: 800 | G71: 800 | H71: 500 | K71: 500 | L71: 535 | M71: =IF(OR(K71="",L71=""),"",K71*L71) -> 267500 | N71: แผ่นปิดแผลไฮโดรคอลลอยด์แบบหนา ขนาด 10 ซม.x10 ซม.
A72: 68 | C72: Duoderm Extra Thin 4x4 | D72: เวชภัณฑ์การพยาบาล | E72: กล่อง | F72: 70 | G72: 200 | K72: 50 | L72: 722.25 | M72: =IF(OR(K72="",L72=""),"",K72*L72) -> 36112.5 | N72: แผ่นปิดแผลไฮโดรคอลลอยด์ แบบบาง ขนาด 10 ซม.x10 ซม.
A73: 69 | C73: Granulox Spray 10% 12ml | D73: เวชภัณฑ์การพยาบาล | E73: ขวด | F73: 52 | G73: 52 | H73: 70 | K73: 80 | L73: 4066 | M73: =IF(OR(K73="",L73=""),"",K73*L73) -> 325280 | N73: สเปรย์ฮีโมโกลบินช่วยเพิ่มออกซิเจนให้เนื้อเยื่อบริเวณบาดแผล เหมาะสำหรับแผลเรื้อรังที่หายช้า
A74: 70 | C74: Mepilex AG 10x10 | D74: เวชภัณฑ์การพยาบาล | E74: กล่อง | H74: 200 | K74: 200 | L74: 2140 | M74: =IF(OR(K74="",L74=""),"",K74*L74) -> 428000
A75: 71 | C75: Mepilex Transfer AG | D75: เวชภัณฑ์การพยาบาล | E75: กล่อง | H75: 10 | K75: 20 | L75: 4494 | M75: =IF(OR(K75="",L75=""),"",K75*L75) -> 89880
A76: 72 | C76: Prontosan 350 ml. | D76: เวชภัณฑ์การพยาบาล | E76: ขวด | F76: 100 | G76: 100 | K76: 100 | L76: 535 | M76: =IF(OR(K76="",L76=""),"",K76*L76) -> 53500 | N76: น้ำยาล้างและทำความสะอาดแผลเรื้อรัง/แผลติดเชื้อ
A77: 73 | C77: Sensatrac, Medium Granufoam Dressing (สีดำ M) | D77: เวชภัณฑ์การพยาบาล | E77: ชิ้น | F77: 20 | G77: 20 | H77: 75 | K77: 200 | L77: 2431.84 | M77: =IF(OR(K77="",L77=""),"",K77*L77) -> 486368
A78: 74 | C78: Tegaderm 4.4x4.4 CM (1622) | D78: เวชภัณฑ์การพยาบาล | E78: กล่อง | H78: 72 | I78: 8 | K78: 80 | L78: 798.22 | M78: =IF(OR(K78="",L78=""),"",K78*L78) -> 63857.6 | N78: แผ่นฟิล์มใสกันน้ำชนิดโปร่งแสง ป้องกันน้ำและเชื้อโรค ขนาด 4.4x4.4 ซม.
A79: 75 | C79: Tegaderm 6x7 CM (1623) | D79: เวชภัณฑ์การพยาบาล | E79: กล่อง | F79: 800 | G79: 800 | H79: 780 | I79: 48 | K79: 1000 | L79: 798.22 | M79: =IF(OR(K79="",L79=""),"",K79*L79) -> 798220 | N79: แผ่นฟิล์มใสกันน้ำชนิดโปร่งแสง ป้องกันน้ำและเชื้อโรค ขนาด 6x7 ซม. ตัดแต่งช่อง
A80: 76 | C80: Tegaderm 6x7 CM (1624) | D80: เวชภัณฑ์การพยาบาล | E80: กล่อง | F80: 289 | G80: 300 | H80: 440 | I80: 32 | K80: 450 | L80: 798.22 | M80: =IF(OR(K80="",L80=""),"",K80*L80) -> 359199 | N80: แผ่นฟิล์มใสกันน้ำชนิดโปร่งแสง ป้องกันน้ำและเชื้อโรค ขนาด 6x7 ซม.
A81: 77 | C81: Tegaderm 10x12 CM (1626) | D81: เวชภัณฑ์การพยาบาล | E81: กล่อง | F81: 250 | G81: 250 | H81: 160 | I81: 36 | K81: 180 | L81: 1551.5 | M81: =IF(OR(K81="",L81=""),"",K81*L81) -> 279270 | N81: แผ่นฟิล์มใสกันน้ำชนิดโปร่งแสง ป้องกันน้ำและเชื้อโรค ขนาด 10x12 ซม.
A82: 78 | C82: Tegaderm CHG 8.5cm x 11.2cm. 1657R | D82: เวชภัณฑ์การพยาบาล | E82: กล่อง | F82: 17 | G82: 20 | H82: 92 | I82: 8 | K82: 100 | L82: 5590.75 | M82: =IF(OR(K82="",L82=""),"",K82*L82) -> 559075 | N82: แผ่นฟิล์มใสพร้อมเจล Chlorhexidine Gluconate ใช้ปิดล็อกและฆ่าเชื้อบริเวณจุดใส่สายสวนเข้าเส้นเลือดดำ
A83: 79 | C83: Urgotul Silver Box 15x20 cm. | D83: เวชภัณฑ์การพยาบาล | E83: กล่อง | F83: 10 | G83: 10 | K83: 20 | L83: 4622.4 | M83: =IF(OR(K83="",L83=""),"",K83*L83) -> 92448 | N83: ตาข่ายปิดแผลเทคโนโลยี TLC ผสมซิลเวอร์ ป้องกันแผลติดเชื้อและไม่ติดเนื้อเยื่อ
A84: 80 | C84: ชุดโฟมใช้กับเครื่องสุญญากาศ/พอร์ต-กลาง | D84: เวชภัณฑ์การพยาบาล | E84: ชุด | F84: 150 | G84: 150 | H84: 120 | K84: 150 | L84: 1872.5 | M84: =IF(OR(K84="",L84=""),"",K84*L84) -> 280875
A85: 81 | C85: ชุดทำแผล Dressing Set | D85: เวชภัณฑ์การพยาบาล | E85: ชุด | F85: 24000 | G85: 24000 | H85: 21500 | K85: 22000 | L85: 16 | M85: =IF(OR(K85="",L85=""),"",K85*L85) -> 352000
A86: 82 | C86: Red Dot Infant เด็กแรกเกิด | D86: เวชภัณฑ์การพยาบาล | E86: ห่อ | F86: 2200 | G86: 2200 | H86: 2600 | I86: 609 | K86: 4000 | L86: 64.2 | M86: =IF(OR(K86="",L86=""),"",K86*L86) -> 256800 | N86: แผ่นอิเล็กโทรดสำหรับทารกแรกเกิด
A87: 83 | C87: Red Dot Ped micropore เด็กโต | D87: เวชภัณฑ์การพยาบาล | E87: ห่อ | F87: 100 | G87: 100 | H87: 80 | I87: 17 | K87: 160 | L87: 668.75 | M87: =IF(OR(K87="",L87=""),"",K87*L87) -> 107000 | N87: แผ่นอิเล็กโทรดสำหรับเด็กโต
A88: 84 | C88: Red Dot ผู้ใหญ่ ซองละ 50 ชิ้น | D88: เวชภัณฑ์การพยาบาล | E88: ห่อ | F88: 2400 | G88: 2400 | H88: 2800 | I88: 268 | K88: 3000 | L88: 572.45 | M88: =IF(OR(K88="",L88=""),"",K88*L88) -> 1717350 | N88: แผ่นอิเล็กโทรดสำหรับผู้ใหญ่
A89: 85 | C89: Red Dot แผ่นอิเลคโทรด สำหรับเด็กแรกเกิด | D89: เวชภัณฑ์การพยาบาล | E89: กล่อง | F89: 60 | G89: 60 | H89: 80 | I89: 24 | K89: 120 | L89: 856 | M89: =IF(OR(K89="",L89=""),"",K89*L89) -> 102720 | N89: แผ่นอิเลคโทรดใช้ตรวจติดตามคลื่นไฟฟ้าหัวใจเด็ก (EKG Electrode)
A90: 86 | C90: Defibrillation Electrodes Pads | D90: เวชภัณฑ์การพยาบาล | E90: ซอง | F90: 100 | G90: 210 | H90: 100 | K90: 200 | L90: 1900 | M90: =IF(OR(K90="",L90=""),"",K90*L90) -> 380000 | N90: แผ่นนำไฟฟ้าสำหรับใช้ร่วมกับเครื่องกระตุกหัวใจด้วยไฟฟ้า (AED / Defibrillator)
A91: 87 | C91: Vaseline Gauze 4x4 นิ้วx 8 ชั้น | D91: เวชภัณฑ์การพยาบาล | E91: ห่อ | F91: 5000 | G91: 5000 | H91: 4700 | I91: 200 | K91: 4800 | L91: 42 | M91: =IF(OR(K91="",L91=""),"",K91*L91) -> 201600
A92: 88 | C92: Vaseline Gauze Drain 1นิ้วx6 หลา | D92: เวชภัณฑ์การพยาบาล | E92: ม้วน | F92: 150 | G92: 150 | H92: 300 | K92: 300 | L92: 125 | M92: =IF(OR(K92="",L92=""),"",K92*L92) -> 37500
A93: 89 | C93: Contact Gel | D93: เวชภัณฑ์การพยาบาล | E93: หลอด | F93: 40 | G93: 40 | H93: 20 | I93: 6 | K93: 40 | L93: 450 | M93: =IF(OR(K93="",L93=""),"",K93*L93) -> 18000 | N93: เจลนำไฟฟ้า
A94: 90 | C94: EKG ครีม | D94: เวชภัณฑ์การพยาบาล | E94: หลอด | F94: 100 | G94: 100 | H94: 180 | I94: 1 | K94: 100 | L94: 100 | M94: =IF(OR(K94="",L94=""),"",K94*L94) -> 10000 | N94: ครีมนำไฟฟ้าวัดคลื่นไฟฟ้าหัวใจ
A95: 91 | C95: Pose-Jel | D95: เวชภัณฑ์การพยาบาล | E95: กล่อง | F95: 240 | G95: 250 | H95: 200 | I95: 60 | K95: 300 | L95: 800 | M95: =IF(OR(K95="",L95=""),"",K95*L95) -> 240000 | N95: เจลหล่อลื่นทางการแพทย์ชนิดปราศจากเชื้อ
A96: 92 | C96: เจลอุลตร้าซาวด์ ( Ultrasound Jell ) | D96: เวชภัณฑ์การพยาบาล | E96: แกลลอน | F96: 80 | G96: 100 | H96: 134 | I96: 41 | K96: 100 | L96: 650 | M96: =IF(OR(K96="",L96=""),"",K96*L96) -> 65000 | N96: เจลอุลตร้าซาวด์
A97: 93 | C97: Artery Forceps CRILE Cvd. 14 cm. | D97: เวชภัณฑ์การพยาบาล | E97: อัน | F97: 30 | G97: 30 | K97: 10 | L97: 1200 | M97: =IF(OR(K97="",L97=""),"",K97*L97) -> 12000 | N97: คีมหนีบจับเส้นเลือดปลายโค้ง ขนาด 14 เซนติเมตร
A98: 94 | C98: Artery Forceps CRILE Str. 14 cm. | D98: เวชภัณฑ์การพยาบาล | E98: อัน | F98: 25 | G98: 25 | K98: 10 | L98: 1200 | M98: =IF(OR(K98="",L98=""),"",K98*L98) -> 12000 | N98: คีมหนีบจับเส้นเลือดปลายตรง ขนาด 14 เซนติเมตร
A99: 95 | C99: BD Surgical Clipper Blade (ใบมีดกำจัดขน) | D99: เวชภัณฑ์การพยาบาล | E99: กล่อง | F99: 20 | G99: 20 | H99: 60 | I99: 1 | K99: 0 | L99: 6000 | M99: =IF(OR(K99="",L99=""),"",K99*L99) -> 0 | N99: ใบมีดโกนขน
A100: 96 | C100: ใบมีดกำจัดขน | D100: เวชภัณฑ์การพยาบาล | E100: กล่อง | F100: 100 | G100: 100 | H100: 120 | I100: 28 | K100: 180 | L100: 6000 | M100: =IF(OR(K100="",L100=""),"",K100*L100) -> 1080000
...

Sheet เฝือก
A1: โรงพยาบาลวชิระภูเก็ต · คำของบวัสดุ ปี 2570 · แท็บ เฝือก
A2: เลขที่เอกสาร | C2: DBR/2570/0021 | D2: หน่วยงาน | E2: กลุ่มงานออร์โธปิดิกส์ | H2: แหล่งเงิน | I2: เงินบำรุง | K2: ปีงบประมาณ | L2: 2570 | N2: สถานะ | O2: ฉบับร่าง
A3: ยอดในระบบ | C3: 5117538.2 | D3: ผลต่างจากรายการ | E3: =M88-C3 -> 0 | F3: ช่องรหัสสินค้าสีเหลืองกรอกหรือแก้รหัสได้ แท็บยาย้ายรหัสจากหมายเหตุมาไว้ในคอลัมน์นี้ ผลยืนยันเลือก ถูกต้อง / ต้องแก้ไข / ยังไม่ครบ / ข้าม มูลค่าที่ของบคำนวณจากปริมาณที่ของบ × ราคา/หน่วยนับ ยังไม่ผูกสินค้าในระบบ
A4: ลำดับ | B4: รหัสสินค้า | C4: รายการสินค้า | D4: ประเภทวัสดุ | E4: หน่วยนับ | F4: ปริมาณใช้ปี 2567 | G4: ปริมาณใช้ปี 2568 | H4: ปริมาณใช้ปี 2569 | I4: ปริมาณคงเหลือยกมา | J4: มูลค่าคงเหลือยกมา | K4: ปริมาณที่ของบ | L4: ราคา/หน่วยนับ | M4: มูลค่าที่ของบ | N4: หมายเหตุ | O4: ผลยืนยัน
A5: 1 | C5: Gypsona S 10 cm. (เฝือกปูน 4นิ้ว) | D5: เฝือก | E5: กล่อง | F5: 14 | G5: 15 | H5: 20 | I5: 5 | K5: 600 | L5: 650 | M5: =IF(OR(K5="",L5=""),"",K5*L5) -> 390000
A6: 2 | C6: Gypsona S 15 cm. (เฝือกปูน 6นิ้ว) | D6: เฝือก | E6: กล่อง | F6: 23 | G6: 20 | H6: 35 | I6: 5 | K6: 800 | L6: 428 | M6: =IF(OR(K6="",L6=""),"",K6*L6) -> 342400
A7: 3 | C7: Gypsona S 5 cm. (เฝือกปูน 2นิ้ว) | D7: เฝือก | E7: กล่อง | F7: 20 | G7: 5 | H7: 15 | I7: 5 | K7: 150 | L7: 360 | M7: =IF(OR(K7="",L7=""),"",K7*L7) -> 54000
A8: 4 | C8: Gypsona S 7.5 cm. (เฝือกปูน 3นิ้ว) | D8: เฝือก | E8: กล่อง | F8: 15 | G8: 10 | H8: 10 | K8: 150 | L8: 500 | M8: =IF(OR(K8="",L8=""),"",K8*L8) -> 75000
A9: 5 | C9: Cast Comfort 200 ML. | D9: เฝือก | E9: กระป๋อง | H9: 96 | I9: 10 | K9: 50 | L9: 235.4 | M9: =IF(OR(K9="",L9=""),"",K9*L9) -> 11770
A10: 6 | C10: Adjustable Collar สำหรับผู้ใหญ่ (Collar Hard) | D10: เฝือก | E10: ชิ้น | G10: 30 | K10: 30 | L10: 750 | M10: =IF(OR(K10="",L10=""),"",K10*L10) -> 22500 | N10: เฝือกดามคอชนิดแข็งสำหรับผู้ใหญ่แบบปรับระดับได้
A11: 7 | C11: Adjustable Collar สำหรับเด็ก (Collar Hard) | D11: เฝือก | E11: ชิ้น | G11: 10 | K11: 10 | L11: 750 | M11: =IF(OR(K11="",L11=""),"",K11*L11) -> 7500 | N11: เฝือกดามคอชนิดแข็งสำหรับเด็กแบบปรับระดับได้
A12: 8 | C12: Altrasling No.L | D12: เฝือก | E12: ชุด | F12: 10 | G12: 20 | H12: 10 | I12: 2 | K12: 10 | L12: 1800 | M12: =IF(OR(K12="",L12=""),"",K12*L12) -> 18000 | N12: ผ้าคล้องแขนชนิดตาข่ายระบายอากาศได้ดี ขนาดใหญ่ (L)
A13: 9 | C13: Altrasling No.M | D13: เฝือก | E13: ชุด | F13: 10 | G13: 20 | H13: 10 | I13: 2 | K13: 10 | L13: 1800 | M13: =IF(OR(K13="",L13=""),"",K13*L13) -> 18000 | N13: ผ้าคล้องแขนชนิดตาข่ายระบายอากาศได้ดี ขนาดกลาง (M)
A14: 10 | C14: Altrasling No.S | D14: เฝือก | E14: ชุด | F14: 10 | G14: 20 | I14: 1 | K14: 10 | L14: 1800 | M14: =IF(OR(K14="",L14=""),"",K14*L14) -> 18000 | N14: ผ้าคล้องแขนชนิดตาข่ายระบายอากาศได้ดี ขนาดเล็ก (S)
A15: 11 | C15: Arm - Sling Interlocking No.L | D15: เฝือก | E15: ชิ้น | F15: 100 | G15: 100 | H15: 100 | I15: 20 | K15: 20 | L15: 30 | M15: =IF(OR(K15="",L15=""),"",K15*L15) -> 600
A16: 12 | C16: Arm -Sling Interlocking No.M | D16: เฝือก | E16: ชิ้น | F16: 100 | G16: 100 | H16: 100 | I16: 20 | K16: 20 | L16: 30 | M16: =IF(OR(K16="",L16=""),"",K16*L16) -> 600
A17: 13 | C17: Arm - Sling Interlocking No.S | D17: เฝือก | E17: ชิ้น | I17: 5 | K17: 10 | L17: 30 | M17: =IF(OR(K17="",L17=""),"",K17*L17) -> 300
A18: 14 | C18: Arm - Sling No. L | D18: เฝือก | E18: ชุด | F18: 600 | G18: 600 | H18: 800 | I18: 40 | K18: 150 | L18: 25 | M18: =IF(OR(K18="",L18=""),"",K18*L18) -> 3750
A19: 15 | C19: Arm - Sling No. M | D19: เฝือก | E19: ชุด | F19: 400 | G19: 400 | H19: 500 | I19: 20 | K19: 150 | L19: 25 | M19: =IF(OR(K19="",L19=""),"",K19*L19) -> 3750
A20: 16 | C20: Arm - Sling No. S | D20: เฝือก | E20: ชุด | G20: 100 | I20: 5 | K20: 30 | L20: 25 | M20: =IF(OR(K20="",L20=""),"",K20*L20) -> 750
A21: 17 | C21: Arm - Sling No. XS | D21: เฝือก | E21: ชุด | G21: 100 | H21: 150 | I21: 10 | K21: 20 | L21: 25 | M21: =IF(OR(K21="",L21=""),"",K21*L21) -> 500
A22: 18 | C22: Finger Splint 3/4 นิ้ว | D22: เฝือก | E22: ชิ้น | F22: 58 | G22: 48 | I22: 10 | K22: 20 | L22: 45 | M22: =IF(OR(K22="",L22=""),"",K22*L22) -> 900
A23: 19 | C23: Finger Splint 1 นิ้ว | D23: เฝือก | E23: ชิ้น | F23: 20 | G23: 60 | H23: 60 | K23: 20 | L23: 45 | M23: =IF(OR(K23="",L23=""),"",K23*L23) -> 900
A24: 20 | C24: Finger Splint 1/2 นิ้ว | D24: เฝือก | E24: ชิ้น | F24: 28 | G24: 60 | H24: 60 | K24: 10 | L24: 45 | M24: =IF(OR(K24="",L24=""),"",K24*L24) -> 450
A25: 21 | C25: Ankle Support (ปรับขนาด) =Adjustable Ankle ( Futuro ) | D25: เฝือก | E25: ชิ้น | F25: 60 | G25: 60 | H25: 20 | I25: 10 | K25: 30 | L25: 428 | M25: =IF(OR(K25="",L25=""),"",K25*L25) -> 12840
A26: 22 | C26: Ankle Support No.L (เซฟฟ่า) | D26: เฝือก | E26: ชิ้น | F26: 150 | G26: 150 | H26: 100 | I26: 15 | K26: 100 | L26: 140 | M26: =IF(OR(K26="",L26=""),"",K26*L26) -> 14000
A27: 23 | C27: Ankle Support No.M (เซฟฟา) | D27: เฝือก | E27: ชิ้น | F27: 230 | G27: 250 | H27: 100 | I27: 12 | K27: 100 | L27: 140 | M27: =IF(OR(K27="",L27=""),"",K27*L27) -> 14000
A28: 24 | C28: Ankle Support No.S (เซฟฟ่า) | D28: เฝือก | H28: 100 | K28: 100 | L28: 140 | M28: =IF(OR(K28="",L28=""),"",K28*L28) -> 14000
A29: 25 | C29: Clavicle Support No.L | D29: เฝือก | E29: ชุด | F29: 50 | G29: 50 | H29: 50 | K29: 20 | L29: 180 | M29: =IF(OR(K29="",L29=""),"",K29*L29) -> 3600
A30: 26 | C30: Clavicle Support No.M | D30: เฝือก | E30: ชุด | F30: 150 | G30: 150 | H30: 50 | I30: 5 | K30: 40 | L30: 180 | M30: =IF(OR(K30="",L30=""),"",K30*L30) -> 7200
A31: 27 | C31: Clavicle Support No.S | D31: เฝือก | E31: ชุด | H31: 50 | I31: 5 | K31: 20 | L31: 180 | M31: =IF(OR(K31="",L31=""),"",K31*L31) -> 3600
A32: 28 | C32: Clavicle Support No.XL | D32: เฝือก | E32: ชุด | K32: 10 | L32: 180 | M32: =IF(OR(K32="",L32=""),"",K32*L32) -> 1800
A33: 29 | C33: Soffban Natural 2นิ้ว (สำลีรองเฝือก) | D33: เฝือก | E33: ห่อ | H33: 20 | K33: 50 | L33: 584.96 | M33: =IF(OR(K33="",L33=""),"",K33*L33) -> 29248
A34: 30 | C34: Soffban Natural 4นิ้ว (สำลีรองเฝือก) | D34: เฝือก | E34: ห่อ | F34: 160 | G34: 160 | H34: 200 | I34: 10 | K34: 400 | L34: 385.2 | M34: =IF(OR(K34="",L34=""),"",K34*L34) -> 154080
A35: 31 | C35: Soffban Natural 6นิ้ว (สำลีรองเฝือก) | D35: เฝือก | E35: ห่อ | F35: 100 | G35: 100 | H35: 250 | I35: 10 | K35: 300 | L35: 276.06 | M35: =IF(OR(K35="",L35=""),"",K35*L35) -> 82818
A36: 32 | C36: D1 Walker size L (ยาว) | D36: เฝือก | E36: ชิ้น | K36: 2 | L36: 3400 | M36: =IF(OR(K36="",L36=""),"",K36*L36) -> 6800
A37: 33 | C37: D1 Walker size L (สั้น) | D37: เฝือก | E37: ชิ้น | F37: 25 | G37: 30 | K37: 10 | L37: 2700 | M37: =IF(OR(K37="",L37=""),"",K37*L37) -> 27000
A38: 34 | C38: D1 Walker size M (ยาว) | D38: เฝือก | E38: ชิ้น | K38: 2 | L38: 3400 | M38: =IF(OR(K38="",L38=""),"",K38*L38) -> 6800
A39: 35 | C39: D1 Walker size M (สั้น) | D39: เฝือก | E39: ชิ้น | F39: 25 | G39: 30 | H39: 30 | K39: 20 | L39: 2700 | M39: =IF(OR(K39="",L39=""),"",K39*L39) -> 54000
A40: 36 | C40: D1 Walker size S (ยาว) | D40: เฝือก | E40: ชิ้น | K40: 2 | L40: 3400 | M40: =IF(OR(K40="",L40=""),"",K40*L40) -> 6800
A41: 37 | C41: D1 Walker size S (สั้น) | D41: เฝือก | E41: ชิ้น | F41: 25 | G41: 30 | H41: 30 | K41: 20 | L41: 2700 | M41: =IF(OR(K41="",L41=""),"",K41*L41) -> 54000
A42: 38 | C42: D1 Walker size XL (สั้น) | D42: เฝือก | E42: ชิ้น | F42: 20 | G42: 30 | K42: 5 | L42: 2700 | M42: =IF(OR(K42="",L42=""),"",K42*L42) -> 13500
A43: 39 | C43: Deluxe Thumb Stabilizer S-M | D43: เฝือก | E43: ชิ้น | K43: 30 | L43: 593.85 | M43: =IF(OR(K43="",L43=""),"",K43*L43) -> 17815.5
A44: 40 | C44: Deluxe Thumb Stabilizier L-XL | D44: เฝือก | E44: ชิ้น | K44: 30 | L44: 593.85 | M44: =IF(OR(K44="",L44=""),"",K44*L44) -> 17815.5
A45: 41 | C45: Dynacast Green 2นิ้ว (เฝือกพลาสติก 2นิ้ว) | D45: เฝือก | E45: กล่อง | F45: 40 | G45: 50 | H45: 25 | K45: 150 | L45: 2140 | M45: =IF(OR(K45="",L45=""),"",K45*L45) -> 321000
A46: 42 | C46: Dynacast Green 3นิ้ว (เฝือกพลาสติก 3นิ้ว) | D46: เฝือก | E46: กล่อง | F46: 20 | G46: 30 | H46: 30 | K46: 150 | L46: 3210 | M46: =IF(OR(K46="",L46=""),"",K46*L46) -> 481500
A47: 43 | C47: Dynacast White 4นิ้ว (เฝือกพลาสติก 4นิ้ว) | D47: เฝือก | E47: กล่อง | F47: 40 | G47: 50 | H47: 20 | K47: 300 | L47: 3477.5 | M47: =IF(OR(K47="",L47=""),"",K47*L47) -> 1043250
A48: 44 | C48: Dynacast White 5นิ้ว (เฝือกพลาสติก 5นิ้ว) | D48: เฝือก | E48: กล่อง | F48: 10 | G48: 10 | H48: 10 | K48: 250 | L48: 4280 | M48: =IF(OR(K48="",L48=""),"",K48*L48) -> 1070000
A49: 45 | C49: FT.Therapeutic Arch Support | D49: เฝือก | E49: ชิ้น | F49: 20 | G49: 10 | K49: 20 | L49: 625.95 | M49: =IF(OR(K49="",L49=""),"",K49*L49) -> 12519
A50: 46 | C50: Hinge Knee Support (Long) No.L/XL | D50: เฝือก | E50: ชุด | F50: 60 | G50: 60 | H50: 160 | I50: 10 | K50: 30 | L50: 1950 | M50: =IF(OR(K50="",L50=""),"",K50*L50) -> 58500
A51: 47 | C51: Hinge Knee Support (Long) No.S/M | D51: เฝือก | E51: ชุด | F51: 100 | G51: 100 | H51: 120 | K51: 30 | L51: 1950 | M51: =IF(OR(K51="",L51=""),"",K51*L51) -> 58500
A52: 48 | C52: Hinge Knee Support (short) No.L/XL | D52: เฝือก | E52: ชุด | F52: 40 | G52: 50 | K52: 1 | L52: 1320 | M52: =IF(OR(K52="",L52=""),"",K52*L52) -> 1320
A53: 49 | C53: Hinge Knee Support (short) No.S/M | D53: เฝือก | E53: ชุด | K53: 1 | L53: 1450 | M53: =IF(OR(K53="",L53=""),"",K53*L53) -> 1450
A54: 50 | C54: Knee O Support No.L มีรู | D54: เฝือก | E54: ชุด | F54: 200 | G54: 200 | H54: 160 | I54: 10 | K54: 80 | L54: 160 | M54: =IF(OR(K54="",L54=""),"",K54*L54) -> 12800
A55: 51 | C55: Knee O Support No.M มีรู | D55: เฝือก | E55: ชุด | F55: 100 | G55: 100 | H55: 100 | I55: 10 | K55: 80 | L55: 160 | M55: =IF(OR(K55="",L55=""),"",K55*L55) -> 12800
A56: 52 | C56: Knee O Support No.S มีรู | D56: เฝือก | E56: ชุด | K56: 10 | L56: 140 | M56: =IF(OR(K56="",L56=""),"",K56*L56) -> 1400
A57: 53 | C57: Knee O Support No.XL มีรู | D57: เฝือก | E57: ชุด | H57: 110 | K57: 10 | L57: 160 | M57: =IF(OR(K57="",L57=""),"",K57*L57) -> 1600
A58: 54 | C58: Knee Support Adjustable (สีดำ) | D58: เฝือก | E58: ชุด | H58: 20 | K58: 30 | L58: 754.35 | M58: =IF(OR(K58="",L58=""),"",K58*L58) -> 22630.5
A59: 55 | C59: Knee Support No.L | D59: เฝือก | E59: ชุด | F59: 240 | G59: 250 | H59: 200 | I59: 5 | K59: 200 | L59: 140 | M59: =IF(OR(K59="",L59=""),"",K59*L59) -> 28000
A60: 56 | C60: Knee Support No.L ( Futuro ) | D60: เฝือก | E60: ชุด | H60: 60 | I60: 10 | K60: 50 | L60: 262.15 | M60: =IF(OR(K60="",L60=""),"",K60*L60) -> 13107.5
A61: 57 | C61: Knee Support No.M | D61: เฝือก | E61: ชุด | F61: 240 | G61: 250 | H61: 150 | I61: 10 | K61: 200 | L61: 140 | M61: =IF(OR(K61="",L61=""),"",K61*L61) -> 28000
A62: 58 | C62: Knee Support No.M (Futuro) | D62: เฝือก | E62: ชุด | H62: 60 | I62: 10 | K62: 80 | L62: 262.15 | M62: =IF(OR(K62="",L62=""),"",K62*L62) -> 20972
A63: 59 | C63: Knee Support No.S | D63: เฝือก | E63: ชุด | H63: 50 | K63: 80 | L63: 140 | M63: =IF(OR(K63="",L63=""),"",K63*L63) -> 11200
A64: 60 | C64: Knee Support No.S ( Futuro ) | D64: เฝือก | E64: ชุด | K64: 10 | L64: 262.15 | M64: =IF(OR(K64="",L64=""),"",K64*L64) -> 2621.5
A65: 61 | C65: Knee Support No.XL | D65: เฝือก | E65: ชุด | F65: 100 | G65: 100 | H65: 130 | K65: 80 | L65: 140 | M65: =IF(OR(K65="",L65=""),"",K65*L65) -> 11200
A66: 62 | C66: Pro Splint 3นิ้ว (เฝือกสำเร็จรูป3นิ้ว) | D66: เฝือก | E66: ม้วน | K66: 8 | L66: 2300 | M66: =IF(OR(K66="",L66=""),"",K66*L66) -> 18400
A67: 63 | C67: ProSplint 4 นิ้ว (ฝือกสำเร็จรูป4นิ้ว) | D67: เฝือก | E67: ม้วน | F67: 40 | G67: 60 | H67: 50 | I67: 5 | K67: 30 | L67: 2400 | M67: =IF(OR(K67="",L67=""),"",K67*L67) -> 72000
A68: 64 | C68: Pro Splint 6นิ้ว (เฝือกสำเร็จรูป6นิ้ว) | D68: เฝือก | E68: ม้วน | F68: 40 | G68: 60 | H68: 40 | I68: 5 | K68: 30 | L68: 2800 | M68: =IF(OR(K68="",L68=""),"",K68*L68) -> 84000
A69: 65 | C69: Skin Traction Kits (ผู้ใหญ่) | D69: เฝือก | E69: ชุด | F69: 60 | G69: 60 | H69: 48 | I69: 5 | K69: 42 | L69: 267.5 | M69: =IF(OR(K69="",L69=""),"",K69*L69) -> 11235
A70: 66 | C70: Skin Traction Kits (เด็ก) | D70: เฝือก | E70: ชุด | K70: 4 | L70: 189.39 | M70: =IF(OR(K70="",L70=""),"",K70*L70) -> 757.56
A71: 67 | C71: Splint Polyester 4 x 15 นิ้ว(415 ) | D71: เฝือก | E71: ม้วน | F71: 100 | G71: 100 | H71: 100 | I71: 5 | K71: 10 | L71: 513.6 | M71: =IF(OR(K71="",L71=""),"",K71*L71) -> 5136
A72: 68 | C72: Splint Polyester 4 x 30นิ้ว (430) | D72: เฝือก | E72: ม้วน | F72: 200 | G72: 200 | H72: 100 | K72: 10 | L72: 727.6 | M72: =IF(OR(K72="",L72=""),"",K72*L72) -> 7276
A73: 69 | C73: Splint Polyester 5นิ้ว x30นิ้ว(530) | D73: เฝือก | E73: ม้วน | F73: 200 | G73: 200 | H73: 200 | I73: 5 | K73: 10 | L73: 941.6 | M73: =IF(OR(K73="",L73=""),"",K73*L73) -> 9416
A74: 70 | C74: Splint Polyester 5นิ้ว x 45นิ้ว | D74: เฝือก | E74: ม้วน | F74: 50 | G74: 50 | H74: 60 | K74: 10 | L74: 1048.6 | M74: =IF(OR(K74="",L74=""),"",K74*L74) -> 10486
A75: 71 | C75: Stabilizing Knee Support No.L | D75: เฝือก | E75: ชิ้น | F75: 60 | G75: 60 | H75: 90 | I75: 10 | K75: 80 | L75: 588.5 | M75: =IF(OR(K75="",L75=""),"",K75*L75) -> 47080
A76: 72 | C76: Stabilizing Knee Support No.M | D76: เฝือก | E76: ชิ้น | F76: 60 | G76: 60 | H76: 60 | I76: 10 | K76: 50 | L76: 588.5 | M76: =IF(OR(K76="",L76=""),"",K76*L76) -> 29425
A77: 73 | C77: Stockinet 2 นิ้ว x 20 M. (ผ้ายืดรองเฝือก) | D77: เฝือก | E77: ม้วน | F77: 20 | G77: 20 | H77: 5 | K77: 5 | L77: 502.9 | M77: =IF(OR(K77="",L77=""),"",K77*L77) -> 2514.5
A78: 74 | C78: Stockinet 3 นิ้ว x 20 M. (ผ้ายืดรองเฝือก) | D78: เฝือก | E78: ม้วน | F78: 10 | G78: 20 | H78: 5 | K78: 5 | L78: 561.75 | M78: =IF(OR(K78="",L78=""),"",K78*L78) -> 2808.75
A79: 75 | C79: Stockinet 6 นิ้ว x 20 M. (ผ้ายืดรองเฝือก) | D79: เฝือก | E79: ม้วน | K79: 1 | L79: 1037.9 | M79: =IF(OR(K79="",L79=""),"",K79*L79) -> 1037.9
A80: 76 | C80: Tennis Elbow Support No.L/XL | D80: เฝือก | E80: ชุด | I80: 5 | K80: 50 | L80: 100 | M80: =IF(OR(K80="",L80=""),"",K80*L80) -> 5000
A81: 77 | C81: Tennis Elbow Support No.S/M | D81: เฝือก | E81: ชุด | H81: 50 | I81: 10 | K81: 50 | L81: 100 | M81: =IF(OR(K81="",L81=""),"",K81*L81) -> 5000
A82: 78 | C82: Thumb Support No.M | D82: เฝือก | E82: ชิ้น | F82: 50 | G82: 50 | K82: 100 | L82: 235 | M82: =IF(OR(K82="",L82=""),"",K82*L82) -> 23500
A83: 79 | C83: Thumb Support No.S | D83: เฝือก | E83: ชิ้น | F83: 50 | G83: 50 | K83: 100 | L83: 235 | M83: =IF(OR(K83="",L83=""),"",K83*L83) -> 23500
A84: 80 | C84: Wrist Support Adj. | D84: เฝือก | E84: ชิ้น | K84: 20 | L84: 235.4 | M84: =IF(OR(K84="",L84=""),"",K84*L84) -> 4708
A85: 81 | C85: Wrist Support No.L | D85: เฝือก | E85: ชิ้น | K85: 50 | L85: 95 | M85: =IF(OR(K85="",L85=""),"",K85*L85) -> 4750
A86: 82 | C86: Wrist Support No.M | D86: เฝือก | E86: ชิ้น | F86: 300 | G86: 300 | H86: 200 | I86: 10 | K86: 100 | L86: 95 | M86: =IF(OR(K86="",L86=""),"",K86*L86) -> 9500
A87: 83 | C87: Wrist Support No.S | D87: เฝือก | E87: ชิ้น | F87: 100 | G87: 100 | H87: 200 | I87: 30 | K87: 150 | L87: 95 | M87: =IF(OR(K87="",L87=""),"",K87*L87) -> 14250
A88: รวม | K88: =SUM(K5:K87) -> 6318 | M88: =SUM(M5:M87) -> 5117538.2
A89: รวม 83 รายการ · DBR/2570/0021 · แท็บ เฝือก · หน่วยงาน กลุ่มงานออร์โธปิดิกส์ · โมเดล departmental.budget.request.material.detail · ส่งออกจากฐาน VPK-S1 วันที่ 12 ต.ค. 2569 · ต้นทางไฟล์ แบบฟอร์มที่ 3 แผนปีงบประมาณ 2570 หมวดวัสดุ.xlsx

Sheet ไตเทียม
A1: โรงพยาบาลวชิระภูเก็ต · คำของบวัสดุ ปี 2570 · แท็บ ไตเทียม
A2: เลขที่เอกสาร | C2: DBR/2570/0022 | D2: หน่วยงาน | E2: หน่วยงานพัสดุ | H2: แหล่งเงิน | I2: เงินบำรุง | K2: ปีงบประมาณ | L2: 2570 | N2: สถานะ | O2: ฉบับร่าง
A3: ยอดในระบบ | C3: 8050335.4 | D3: ผลต่างจากรายการ | E3: =M55-C3 -> 0 | F3: ช่องรหัสสินค้าสีเหลืองกรอกหรือแก้รหัสได้ แท็บยาย้ายรหัสจากหมายเหตุมาไว้ในคอลัมน์นี้ ผลยืนยันเลือก ถูกต้อง / ต้องแก้ไข / ยังไม่ครบ / ข้าม มูลค่าที่ของบคำนวณจากปริมาณที่ของบ × ราคา/หน่วยนับ ยังไม่ผูกสินค้าในระบบ
A4: ลำดับ | B4: รหัสสินค้า | C4: รายการสินค้า | D4: ประเภทวัสดุ | E4: หน่วยนับ | F4: ปริมาณใช้ปี 2567 | G4: ปริมาณใช้ปี 2568 | H4: ปริมาณใช้ปี 2569 | I4: ปริมาณคงเหลือยกมา | J4: มูลค่าคงเหลือยกมา | K4: ปริมาณที่ของบ | L4: ราคา/หน่วยนับ | M4: มูลค่าที่ของบ | N4: หมายเหตุ | O4: ผลยืนยัน
A5: 1 | C5: MDT Plus AVF Needle,Rotating Wing 15G | D5: ไตเทียม | E5: ชิ้น | K5: 0 | L5: 8 | M5: =IF(OR(K5="",L5=""),"",K5*L5) -> 0
A6: 2 | C6: MDT Plus AVF Needle,Rotating Wing 16G (แหลม) | D6: ไตเทียม | E6: ชิ้น | F6: 7900 | G6: 9400 | H6: 13000 | I6: 700 | K6: 8700 | L6: 8 | M6: =IF(OR(K6="",L6=""),"",K6*L6) -> 69600
A7: 3 | C7: MDT Plus AVF Needle,Rotating Wing 17G | D7: ไตเทียม | E7: ชิ้น | F7: 950 | G7: 1350 | H7: 100 | I7: 200 | K7: 500 | L7: 8 | M7: =IF(OR(K7="",L7=""),"",K7*L7) -> 4000
A8: 4 | C8: MDT Plus AVF Needle,Rotating Wing 16ทู่ | D8: ไตเทียม | E8: ชิ้น | F8: 300 | G8: 500 | I8: 300 | K8: 400 | L8: 10 | M8: =IF(OR(K8="",L8=""),"",K8*L8) -> 4000
A9: 5 | C9: BCM-IS9100 PERASAN COLD STERILANT 5000 | D9: ไตเทียม | E9: แกลลอน | F9: 107 | G9: 110 | H9: 102 | I9: 20 | K9: 140 | L9: 1200 | M9: =IF(OR(K9="",L9=""),"",K9*L9) -> 168000
A10: 6 | C10: MDT PLUS HEMODIALYSIS TUBING SET | D10: ไตเทียม | E10: ชุด | F10: 11520 | G10: 11520 | H10: 12480 | I10: 960 | K10: 12480 | L10: 58 | M10: =IF(OR(K10="",L10=""),"",K10*L10) -> 723840
A11: 7 | C11: 11.5FR x 12CM. SIDE BY SIDE TEMPORARY SET | D11: ไตเทียม | E11: ชุด | F11: 70 | K11: 0 | L11: 2200 | M11: =IF(OR(K11="",L11=""),"",K11*L11) -> 0
A12: 8 | C12: 11.5FR x 13CM. SIDE BY SIDE TEMPORARY SET | D12: ไตเทียม | E12: ชุด | K12: 0 | L12: 2200 | M12: =IF(OR(K12="",L12=""),"",K12*L12) -> 0
A13: 9 | C13: 11.5FR x 24CM.Duo-flow XTP DBL TEMPORARY Set | D13: ไตเทียม | E13: ชุด | F13: 80 | G13: 98 | H13: 5 | K13: 100 | L13: 3000 | M13: =IF(OR(K13="",L13=""),"",K13*L13) -> 300000
A14: 10 | C14: 13F x 12CM Duo-Split Raulerson Intermal Jugular Catheter | D14: ไตเทียม | E14: ชุด | F14: 199 | G14: 269 | H14: 550 | I14: 15 | K14: 315 | L14: 3000 | M14: =IF(OR(K14="",L14=""),"",K14*L14) -> 945000
A15: 11 | C15: 13F x 15CM Duo-Split Raulerson Intermal Jugular Catheter | D15: ไตเทียม | E15: ชุด | F15: 109 | G15: 95 | H15: 150 | I15: 20 | K15: 170 | L15: 3000 | M15: =IF(OR(K15="",L15=""),"",K15*L15) -> 510000
A16: 12 | C16: 11.5FR x 12CM Raulerson.Duo-flow IJTEMPORARY Set | D16: ไตเทียม | E16: ชุด | F16: 57 | G16: 50 | K16: 100 | L16: 3000 | M16: =IF(OR(K16="",L16=""),"",K16*L16) -> 300000
A17: 13 | C17: 11.5FR x 20CM. SIDE BY SIDE TEMPORARY SET | D17: ไตเทียม | E17: ชุด | F17: 12 | K17: 10 | L17: 2200 | M17: =IF(OR(K17="",L17=""),"",K17*L17) -> 22000
A18: 14 | C18: 13FR x 24CM. (9x1/2นิ้ว) Duo-Split DBL Catheter Set | D18: ไตเทียม | E18: ชุด | F18: 135 | G18: 217 | H18: 320 | I18: 15 | K18: 215 | L18: 3150 | M18: =IF(OR(K18="",L18=""),"",K18*L18) -> 677250
A19: 15 | C19: 13.5 FR x 24 cm. (9x1/2) Silicone Double Lumen Temporary Set | D19: ไตเทียม | E19: ชุด | F19: 70 | G19: 80 | H19: 200 | I19: 20 | K19: 120 | L19: 3150 | M19: =IF(OR(K19="",L19=""),"",K19*L19) -> 378000
A20: 16 | C20: Mahugar kit 11.5FR X13.5 CM | D20: ไตเทียม | E20: ชุด | F20: 5 | K20: 0 | L20: 2675 | M20: =IF(OR(K20="",L20=""),"",K20*L20) -> 0
A21: 17 | C21: MAHURKAR KIT CE 13.5FR x 24 CM. | D21: ไตเทียม | E21: ชุด | F21: 5 | K21: 0 | L21: 3131 | M21: =IF(OR(K21="",L21=""),"",K21*L21) -> 0
A22: 18 | C22: Hemoflow HF 80 S | D22: ไตเทียม | E22: ชิ้น | F22: 48 | G22: 12 | K22: 432 | L22: 450 | M22: =IF(OR(K22="",L22=""),"",K22*L22) -> 194400
A23: 19 | C23: Hemoflow HF 100 S | D23: ไตเทียม | E23: ชิ้น | K23: 288 | L23: 450 | M23: =IF(OR(K23="",L23=""),"",K23*L23) -> 129600
A24: 20 | C24: Citrosteril Disinfectant 5 L. | D24: ไตเทียม | E24: แกลลอน | F24: 50 | G24: 39 | H24: 75 | I24: 10 | K24: 60 | L24: 2050.84 | M24: =IF(OR(K24="",L24=""),"",K24*L24) -> 123050.4
A25: 21 | C25: DIALYZER FDX-150 GW | D25: ไตเทียม | E25: ชิ้น | F25: 180 | G25: 312 | H25: 144 | I25: 24 | K25: 204 | L25: 650 | M25: =IF(OR(K25="",L25=""),"",K25*L25) -> 132600
A26: 22 | C26: DIALYZER FDY-18 GW | D26: ไตเทียม | E26: ชิ้น | G26: 96 | K26: 0 | L26: 720 | M26: =IF(OR(K26="",L26=""),"",K26*L26) -> 0
A27: 23 | C27: DIALYZER FDX-210 GW | D27: ไตเทียม | E27: ชิ้น | F27: 168 | K27: 72 | L27: 720 | M27: =IF(OR(K27="",L27=""),"",K27*L27) -> 51840
A28: 24 | C28: Peracitic acid-based (Sanacide-R7) | D28: ไตเทียม | E28: แกลลอน | F28: 4 | G28: 5 | H28: 15 | I28: 3 | K28: 7 | L28: 1400 | M28: =IF(OR(K28="",L28=""),"",K28*L28) -> 9800
A29: 25 | C29: Elisio 15 L | D29: ไตเทียม | E29: ชิ้น | F29: 180 | G29: 336 | I29: 36 | K29: 216 | L29: 380 | M29: =IF(OR(K29="",L29=""),"",K29*L29) -> 82080
A30: 26 | C30: ELISIO 170 HR | D30: ไตเทียม | E30: ชิ้น | F30: 72 | I30: 12 | K30: 36 | L30: 770 | M30: =IF(OR(K30="",L30=""),"",K30*L30) -> 27720
A31: 27 | C31: ELISIO-190 HR | D31: ไตเทียม | E31: ชุด | F31: 48 | G31: 72 | I31: 12 | K31: 36 | L31: 770 | M31: =IF(OR(K31="",L31=""),"",K31*L31) -> 27720
A32: 28 | C32: ELISIO-210 HR | D32: ไตเทียม | E32: ชิ้น | F32: 432 | G32: 672 | H32: 432 | I32: 72 | K32: 504 | L32: 785 | M32: =IF(OR(K32="",L32=""),"",K32*L32) -> 395640
A33: 29 | C33: dialyzer polysulpho HF 2.0 (Almedico) | D33: ไตเทียม | E33: ชิ้น | F33: 1140 | G33: 1292 | H33: 960 | I33: 90 | K33: 1230 | L33: 330 | M33: =IF(OR(K33="",L33=""),"",K33*L33) -> 405900
A34: 30 | C34: Citra-Lock4% | D34: ไตเทียม | E34: หลอด | F34: 1800 | G34: 2000 | H34: 2400 | I34: 400 | K34: 2000 | L34: 108 | M34: =IF(OR(K34="",L34=""),"",K34*L34) -> 216000
A35: 31 | C35: STERILE - AVF SET | D35: ไตเทียม | E35: ชุด | F35: 5760 | G35: 5760 | H35: 5960 | I35: 600 | K35: 5400 | L35: 16 | M35: =IF(OR(K35="",L35=""),"",K35*L35) -> 86400
A36: 32 | C36: STERILE - DLC SET | D36: ไตเทียม | E36: ชุด | F36: 6600 | G36: 4500 | H36: 5300 | I36: 300 | K36: 7500 | L36: 19 | M36: =IF(OR(K36="",L36=""),"",K36*L36) -> 142500
A37: 33 | C37: เอชดี5.2ไฮโปรคลีน | D37: ไตเทียม | E37: แกลลอน | F37: 60 | G37: 60 | H37: 110 | I37: 10 | K37: 70 | L37: 230 | M37: =IF(OR(K37="",L37=""),"",K37*L37) -> 16100
A38: 34 | C38: น้ำยาล้างเครื่อง HD 3.0 Clean up | D38: ไตเทียม | E38: แกลลอน | F38: 90 | G38: 110 | H38: 130 | I38: 10 | K38: 100 | L38: 230 | M38: =IF(OR(K38="",L38=""),"",K38*L38) -> 23000
A39: 35 | C39: EzB 5.5 L | D39: ไตเทียม | E39: แกลลอน | F39: 11400 | G39: 12800 | H39: 11700 | I39: 1000 | K39: 12400 | L39: 50 | M39: =IF(OR(K39="",L39=""),"",K39*L39) -> 620000
A40: 36 | C40: EzA Normal Cal. (Ca=3.5,K=2) 5.5 L | D40: ไตเทียม | E40: แกลลอน | F40: 1550 | G40: 2900 | H40: 3100 | I40: 300 | K40: 1850 | L40: 76.5 | M40: =IF(OR(K40="",L40=""),"",K40*L40) -> 141525
A41: 37 | C41: EzA low cal ( Ca=2.5,K=2) 5.5 L | D41: ไตเทียม | E41: แกลลอน | F41: 3100 | G41: 3100 | H41: 3400 | I41: 700 | K41: 3800 | L41: 76.5 | M41: =IF(OR(K41="",L41=""),"",K41*L41) -> 290700
A42: 38 | C42: EzA K=3 Normal Cal.(Ca=3.5,K=3) 5.5 L | D42: ไตเทียม | E42: แกลลอน | F42: 4200 | G42: 3200 | H42: 3500 | I42: 900 | K42: 5100 | L42: 76.5 | M42: =IF(OR(K42="",L42=""),"",K42*L42) -> 390150
A43: 39 | C43: EzA low cal. K=3 (Ca=2.5,K=3) 5.5 L | D43: ไตเทียม | E43: แกลลอน | F43: 2950 | G43: 3500 | H43: 3300 | I43: 400 | K43: 3350 | L43: 76.5 | M43: =IF(OR(K43="",L43=""),"",K43*L43) -> 256275
A44: 40 | C44: Dialyzer high flux HiF20 | D44: ไตเทียม | E44: ชิ้น | F44: 216 | G44: 72 | K44: 0 | L44: 340 | M44: =IF(OR(K44="",L44=""),"",K44*L44) -> 0
A45: 41 | C45: Theranova 500 | D45: ไตเทียม | E45: ชิ้น | F45: 384 | K45: 0 | L45: 640 | M45: =IF(OR(K45="",L45=""),"",K45*L45) -> 0
A46: 42 | C46: QUINTON CURL CATH 2 cuff 62 cm. | D46: ไตเทียม | E46: ชุด | F46: 5 | G46: 10 | H46: 10 | I46: 5 | K46: 10 | L46: 2600.1 | M46: =IF(OR(K46="",L46=""),"",K46*L46) -> 26001
A47: 43 | C47: TENCKHOFF PERITOREAL DIALYSIS CATHETER KIT (โค้ง) 57 cm | D47: ไตเทียม | E47: ชุด | G47: 25 | H47: 15 | K47: 0 | L47: 2600.1 | M47: =IF(OR(K47="",L47=""),"",K47*L47) -> 0
A48: 44 | C48: OUT-PORT CLAMP (Baxter) | D48: ไตเทียม | E48: ชิ้น | K48: 0 | L48: 161.2 | M48: =IF(OR(K48="",L48=""),"",K48*L48) -> 0
A49: 45 | C49: MINI - TRANSFER SET (Baxter) | D49: ไตเทียม | E49: ชิ้น | F49: 30 | G49: 180 | I49: 22 | K49: 82 | L49: 1712 | M49: =IF(OR(K49="",L49=""),"",K49*L49) -> 140384
A50: 46 | C50: Catheter Adaptor Luer-Lock ( Fresenius) | D50: ไตเทียม | E50: ชิ้น | F50: 60 | K50: 0 | L50: 214 | M50: =IF(OR(K50="",L50=""),"",K50*L50) -> 0
A51: 47 | C51: Catheter Extension Luer 40 cm. | D51: ไตเทียม | E51: ชิ้น | F51: 15 | G51: 10 | K51: 15 | L51: 963 | M51: =IF(OR(K51="",L51=""),"",K51*L51) -> 14445
A52: 48 | C52: ORGANIZER | D52: ไตเทียม | E52: ชิ้น | F52: 5 | K52: 5 | L52: 963 | M52: =IF(OR(K52="",L52=""),"",K52*L52) -> 4815
A53: 49 | C53: STAY SAFE DISINFECTION CAP ( 40 ) | D53: ไตเทียม | E53: ชิ้น | H53: 105 | K53: 0 | L53: 10 | M53: =IF(OR(K53="",L53=""),"",K53*L53) -> 0
A54: 50 | C54: MINICAP DISCONNECT SOLUTION | D54: ไตเทียม | E54: ชิ้น | H54: 47 | K54: 0 | L54: 29.96 | M54: =IF(OR(K54="",L54=""),"",K54*L54) -> 0
A55: รวม | K55: =SUM(K5:K54) -> 68017 | M55: =SUM(M5:M54) -> 8050335.4
A56: รวม 50 รายการ · DBR/2570/0022 · แท็บ ไตเทียม · หน่วยงาน หน่วยงานพัสดุ · โมเดล departmental.budget.request.material.detail · ส่งออกจากฐาน VPK-S1 วันที่ 12 ต.ค. 2569 · ต้นทางไฟล์ แบบฟอร์มที่ 3 แผนปีงบประมาณ 2570 หมวดวัสดุ.xlsx

Sheet ตรวจสวนหัวใจ
A1: โรงพยาบาลวชิระภูเก็ต · คำของบวัสดุ ปี 2570 · แท็บ ตรวจสวนหัวใจ
A2: เลขที่เอกสาร | C2: DBR/2570/0023 | D2: หน่วยงาน | E2: แผนกศัลยกรรมหัวใจ ทรวงอก และหลอดเลือด | H2: แหล่งเงิน | I2: เงินบำรุง | K2: ปีงบประมาณ | L2: 2570 | N2: สถานะ | O2: ฉบับร่าง
A3: ยอดในระบบ | C3: 109410695 | D3: ผลต่างจากรายการ | E3: =M158-C3 -> 0 | F3: ช่องรหัสสินค้าสีเหลืองกรอกหรือแก้รหัสได้ แท็บยาย้ายรหัสจากหมายเหตุมาไว้ในคอลัมน์นี้ ผลยืนยันเลือก ถูกต้อง / ต้องแก้ไข / ยังไม่ครบ / ข้าม มูลค่าที่ของบคำนวณจากปริมาณที่ของบ × ราคา/หน่วยนับ ยังไม่ผูกสินค้าในระบบ
A4: ลำดับ | B4: รหัสสินค้า | C4: รายการสินค้า | D4: ประเภทวัสดุ | E4: หน่วยนับ | F4: ปริมาณใช้ปี 2567 | G4: ปริมาณใช้ปี 2568 | H4: ปริมาณใช้ปี 2569 | I4: ปริมาณคงเหลือยกมา | J4: มูลค่าคงเหลือยกมา | K4: ปริมาณที่ของบ | L4: ราคา/หน่วยนับ | M4: มูลค่าที่ของบ | N4: หมายเหตุ | O4: ผลยืนยัน
A5: 1 | C5: ขดลวดค้ำยันหลอดเลือดหัวใจเคลือบยาชนิด Everolimus (Boston) Synergy | D5: ตรวจสวนหัวใจ | E5: ชิ้น | F5: 7 | G5: 10 | H5: 25 | K5: 40 | L5: 28500 | M5: =IF(OR(K5="",L5=""),"",K5*L5) -> 1140000
A6: 2 | C6: ขดลวดค้ำยันหลอดเลือดหัวใจเคลือบยาชนิด Sirolimus (Terumo) Ultimaster Nagomi | D6: ตรวจสวนหัวใจ | E6: ชิ้น | F6: 10 | H6: 28 | K6: 40 | L6: 28500 | M6: =IF(OR(K6="",L6=""),"",K6*L6) -> 1140000
A7: 3 | C7: ขดลวดค้ำยันหลอดเลือดหัวใจเคลือบยาชนิด Sirolimus (ฺBiotronik) Orsiro | D7: ตรวจสวนหัวใจ | E7: ชิ้น | F7: 17 | G7: 15 | H7: 16 | K7: 30 | L7: 28500 | M7: =IF(OR(K7="",L7=""),"",K7*L7) -> 855000
A8: 4 | C8: ขดลวดค้ำยันหลอดเลือดหัวใจเคลือบยาชนิด Biolimus A9 (ฺBiosensors) BioFreedom Ultra | D8: ตรวจสวนหัวใจ | E8: ชิ้น | F8: 59 | G8: 25 | H8: 21 | K8: 30 | L8: 28500 | M8: =IF(OR(K8="",L8=""),"",K8*L8) -> 855000
A9: 5 | C9: ขดลวดค้ำยันหลอดเลือดหัวใจเคลือบยาชนิด Rapamycin (ฺMicroPort) Fihawk Liberty | D9: ตรวจสวนหัวใจ | E9: ชิ้น | G9: 5 | H9: 6 | K9: 10 | L9: 28500 | M9: =IF(OR(K9="",L9=""),"",K9*L9) -> 285000
A10: 6 | C10: ขดลวดค้ำยันหลอดเลือดหัวใจเคลือบยาชนิด Sirolimus (SMT) Cruz Supraflex | D10: ตรวจสวนหัวใจ | E10: ชิ้น | F10: 15 | G10: 30 | H10: 35 | K10: 45 | L10: 28500 | M10: =IF(OR(K10="",L10=""),"",K10*L10) -> 1282500
A11: 7 | C11: ขดลวดค้ำยันหลอดเลือดหัวใจเคลือบยาชนิด Zotarolimus (Medtronic) Onyx frontier | D11: ตรวจสวนหัวใจ | E11: ชิ้น | F11: 65 | G11: 25 | H11: 27 | K11: 40 | L11: 28500 | M11: =IF(OR(K11="",L11=""),"",K11*L11) -> 1140000
A12: 8 | C12: ขดลวดค้ำยันหลอดเลือดหัวใจเคลือบยาชนิด Everolimus (Abbott) Xience skypoint | D12: ตรวจสวนหัวใจ | E12: ชิ้น | F12: 12 | G12: 2 | H12: 29 | K12: 40 | L12: 28500 | M12: =IF(OR(K12="",L12=""),"",K12*L12) -> 1140000
A13: 9 | C13: ขดลวดค้ำยันหลอดเลือดหัวใจเคลือบยาชนิด Sirolimus (Meril Life Science) Biomime | D13: ตรวจสวนหัวใจ | E13: ชิ้น | K13: 30 | L13: 24000 | M13: =IF(OR(K13="",L13=""),"",K13*L13) -> 720000
A14: 10 | C14: Freesolve RMS (all size) | D14: ตรวจสวนหัวใจ | E14: ชิ้น | H14: 9 | K14: 20 | L14: 45000 | M14: =IF(OR(K14="",L14=""),"",K14*L14) -> 900000
A15: 11 | C15: Papyrus (stent graft) | D15: ตรวจสวนหัวใจ | E15: ชิ้น | F15: 2 | G15: 2 | H15: 2 | K15: 4 | L15: 65000 | M15: =IF(OR(K15="",L15=""),"",K15*L15) -> 260000
A16: 12 | C16: Artimes SC balloon | D16: ตรวจสวนหัวใจ | E16: ชิ้น | G16: 10 | H16: 10 | K16: 50 | L16: 2600 | M16: =IF(OR(K16="",L16=""),"",K16*L16) -> 130000
A17: 13 | C17: Apollo NC balloon | D17: ตรวจสวนหัวใจ | E17: ชิ้น | F17: 92 | G17: 25 | H17: 30 | K17: 50 | L17: 2600 | M17: =IF(OR(K17="",L17=""),"",K17*L17) -> 130000
A18: 14 | C18: Conqueror NC balloon | D18: ตรวจสวนหัวใจ | E18: ชิ้น | F18: 108 | G18: 200 | H18: 410 | K18: 500 | L18: 3200 | M18: =IF(OR(K18="",L18=""),"",K18*L18) -> 1600000
A19: 15 | C19: Conqueror SC balloon | D19: ตรวจสวนหัวใจ | E19: ชิ้น | F19: 42 | G19: 150 | H19: 212 | K19: 350 | L19: 3200 | M19: =IF(OR(K19="",L19=""),"",K19*L19) -> 1120000
A20: 16 | C20: Pipit SC Balloon | D20: ตรวจสวนหัวใจ | E20: ชิ้น | F20: 10 | G20: 25 | H20: 32 | K20: 50 | L20: 3500 | M20: =IF(OR(K20="",L20=""),"",K20*L20) -> 175000
A21: 17 | C21: Pipit NC Balloon | D21: ตรวจสวนหัวใจ | E21: ชิ้น | F21: 74 | G21: 70 | H21: 76 | K21: 100 | L21: 3500 | M21: =IF(OR(K21="",L21=""),"",K21*L21) -> 350000
A22: 18 | C22: Emerge SC Balloon | D22: ตรวจสวนหัวใจ | E22: ชิ้น | F22: 11 | G22: 10 | H22: 10 | K22: 20 | L22: 3500 | M22: =IF(OR(K22="",L22=""),"",K22*L22) -> 70000
A23: 19 | C23: Emerge NC Balloon | D23: ตรวจสวนหัวใจ | E23: ชิ้น | F23: 20 | G23: 20 | H23: 41 | K23: 60 | L23: 3500 | M23: =IF(OR(K23="",L23=""),"",K23*L23) -> 210000
A24: 20 | C24: Ryurei Balloon | D24: ตรวจสวนหัวใจ | E24: ชิ้น | F24: 108 | G24: 75 | H24: 83 | K24: 100 | L24: 4280 | M24: =IF(OR(K24="",L24=""),"",K24*L24) -> 428000
A25: 21 | C25: Ryurei CTO Balloon | D25: ตรวจสวนหัวใจ | E25: ชิ้น | F25: 25 | G25: 20 | H25: 28 | K25: 50 | L25: 6634 | M25: =IF(OR(K25="",L25=""),"",K25*L25) -> 331700
A26: 22 | C26: Accuforce Balloon | D26: ตรวจสวนหัวใจ | E26: ชิ้น | F26: 108 | G26: 25 | H26: 30 | K26: 50 | L26: 4066 | M26: =IF(OR(K26="",L26=""),"",K26*L26) -> 203300
A27: 23 | C27: Sprinter legend Balloon | D27: ตรวจสวนหัวใจ | E27: ชิ้น | F27: 37 | G27: 15 | H27: 16 | K27: 50 | L27: 3200 | M27: =IF(OR(K27="",L27=""),"",K27*L27) -> 160000
A28: 24 | C28: NC sprinter Balloon | D28: ตรวจสวนหัวใจ | E28: ชิ้น | F28: 227 | G28: 40 | H28: 67 | K28: 80 | L28: 3200 | M28: =IF(OR(K28="",L28=""),"",K28*L28) -> 256000
... A32: 28 | C32: NC trek Balloon | D32: ตรวจสวนหัวใจ | E32: ชิ้น | F32: 74 | G32: 20 | H32: 18 | K32: 0 | L32: 3900 | M32: =IF(OR(K32="",L32=""),"",K32*L32) -> 0
A33: 29 | C33: NC Neo Trek Balloon | D33: ตรวจสวนหัวใจ | E33: ชิ้น | H33: 28 | K33: 50 | L33: 3900 | M33: =IF(OR(K33="",L33=""),"",K33*L33) -> 195000
A34: 30 | C34: Pantera Pro Balloon | D34: ตรวจสวนหัวใจ | E34: ชิ้น | F34: 4 | G34: 6 | H34: 11 | K34: 30 | L34: 3900 | M34: =IF(OR(K34="",L34=""),"",K34*L34) -> 117000
A35: 31 | C35: Pantera LEO Balloon | D35: ตรวจสวนหัวใจ | E35: ชิ้น | F35: 16 | G35: 25 | H35: 38 | K35: 60 | L35: 3900 | M35: =IF(OR(K35="",L35=""),"",K35*L35) -> 234000
A36: 32 | C36: Raiden Balloon | D36: ตรวจสวนหัวใจ | E36: ชิ้น | F36: 47 | G36: 25 | H36: 30 | K36: 50 | L36: 3800 | M36: =IF(OR(K36="",L36=""),"",K36*L36) -> 190000
A37: 33 | C37: Ikazushi balloon | D37: ตรวจสวนหัวใจ | E37: ชิ้น | G37: 10 | H37: 10 | K37: 30 | L37: 3800 | M37: =IF(OR(K37="",L37=""),"",K37*L37) -> 114000
A38: 34 | C38: Fire Fighter SC Balloon | D38: ตรวจสวนหัวใจ | E38: ชิ้น | H38: 6 | K38: 20 | L38: 3900 | M38: =IF(OR(K38="",L38=""),"",K38*L38) -> 78000
A39: 35 | C39: Fire Fighter NC Balloon | D39: ตรวจสวนหัวใจ | E39: ชิ้น | H39: 7 | K39: 20 | L39: 3900 | M39: =IF(OR(K39="",L39=""),"",K39*L39) -> 78000
A40: 36 | C40: Foxtrot Nc Balloon | D40: ตรวจสวนหัวใจ | E40: ชิ้น | H40: 6 | K40: 20 | L40: 3900 | M40: =IF(OR(K40="",L40=""),"",K40*L40) -> 78000
A41: 37 | C41: Mozec SC Balloon (Meril Life Science) | D41: ตรวจสวนหัวใจ | E41: ชิ้น | K41: 100 | L41: 2900 | M41: =IF(OR(K41="",L41=""),"",K41*L41) -> 290000
A42: 38 | C42: Mozec NC Balloon (Meril Life Science) | D42: ตรวจสวนหัวใจ | E42: ชิ้น | K42: 100 | L42: 2900 | M42: =IF(OR(K42="",L42=""),"",K42*L42) -> 290000
A43: 39 | C43: Guiding Launcher | D43: ตรวจสวนหัวใจ | E43: ชิ้น | F43: 443 | G43: 440 | H43: 371 | K43: 400 | L43: 2300 | M43: =IF(OR(K43="",L43=""),"",K43*L43) -> 920000
A44: 40 | C44: Guiding Heartrail | D44: ตรวจสวนหัวใจ | E44: ชิ้น | F44: 141 | G44: 260 | H44: 223 | K44: 250 | L44: 2450 | M44: =IF(OR(K44="",L44=""),"",K44*L44) -> 612500
A45: 41 | C45: Guiding Vistra Brite Tip | D45: ตรวจสวนหัวใจ | E45: ชิ้น | H45: 18 | K45: 100 | L45: 2055 | M45: =IF(OR(K45="",L45=""),"",K45*L45) -> 205500
A46: 42 | C46: Rinato | D46: ตรวจสวนหัวใจ | E46: ชิ้น | F46: 26 | G46: 25 | K46: 20 | L46: 2000 | M46: =IF(OR(K46="",L46=""),"",K46*L46) -> 40000
A47: 43 | C47: Sion | D47: ตรวจสวนหัวใจ | E47: ชิ้น | F47: 650 | G47: 350 | H47: 380 | K47: 500 | L47: 2300 | M47: =IF(OR(K47="",L47=""),"",K47*L47) -> 1150000
A48: 44 | C48: Sion blue | D48: ตรวจสวนหัวใจ | E48: ชิ้น | F48: 350 | G48: 250 | H48: 310 | K48: 500 | L48: 2300 | M48: =IF(OR(K48="",L48=""),"",K48*L48) -> 1150000
A49: 45 | C49: Sion black | D49: ตรวจสวนหัวใจ | E49: ชิ้น | F49: 33 | G49: 25 | H49: 14 | K49: 50 | L49: 2300 | M49: =IF(OR(K49="",L49=""),"",K49*L49) -> 115000
A50: 46 | C50: Fielder FC | D50: ตรวจสวนหัวใจ | E50: ชิ้น | F50: 22 | G50: 20 | H50: 22 | K50: 100 | L50: 2300 | M50: =IF(OR(K50="",L50=""),"",K50*L50) -> 230000
A51: 47 | C51: Fielder XT | D51: ตรวจสวนหัวใจ | E51: ชิ้น | F51: 35 | G51: 35 | H51: 31 | K51: 100 | L51: 4500 | M51: =IF(OR(K51="",L51=""),"",K51*L51) -> 450000
A52: 48 | C52: Fielder XT-A | D52: ตรวจสวนหัวใจ | E52: ชิ้น | F52: 9 | G52: 5 | H52: 4 | K52: 30 | L52: 4500 | M52: =IF(OR(K52="",L52=""),"",K52*L52) -> 135000
A53: 49 | C53: Fielder XT-R | D53: ตรวจสวนหัวใจ | E53: ชิ้น | F53: 5 | G53: 10 | H53: 4 | K53: 30 | L53: 4500 | M53: =IF(OR(K53="",L53=""),"",K53*L53) -> 135000
A54: 50 | C54: Gaia next 1 | D54: ตรวจสวนหัวใจ | E54: ชิ้น | F54: 13 | G54: 10 | H54: 9 | K54: 20 | L54: 6500 | M54: =IF(OR(K54="",L54=""),"",K54*L54) -> 130000
A55: 51 | C55: Gaia next 2 | D55: ตรวจสวนหัวใจ | E55: ชิ้น | F55: 11 | G55: 10 | H55: 12 | K55: 20 | L55: 6500 | M55: =IF(OR(K55="",L55=""),"",K55*L55) -> 130000
A56: 52 | C56: Gaia next 3 | D56: ตรวจสวนหัวใจ | E56: ชิ้น | F56: 13 | G56: 10 | H56: 7 | K56: 20 | L56: 6500 | M56: =IF(OR(K56="",L56=""),"",K56*L56) -> 130000
A57: 53 | C57: Conquest Pro | D57: ตรวจสวนหัวใจ | E57: ชิ้น | F57: 5 | G57: 5 | K57: 5 | L57: 4500 | M57: =IF(OR(K57="",L57=""),"",K57*L57) -> 22500
A58: 54 | C58: Conquest Pro 12 | D58: ตรวจสวนหัวใจ | E58: ชิ้น | H58: 2 | K58: 5 | L58: 4500 | M58: =IF(OR(K58="",L58=""),"",K58*L58) -> 22500
A59: 55 | C59: Conquest Pro 8-20 | D59: ตรวจสวนหัวใจ | E59: ชิ้น | K59: 5 | L59: 4500 | M59: =IF(OR(K59="",L59=""),"",K59*L59) -> 22500
A60: 56 | C60: SUOH3 | D60: ตรวจสวนหัวใจ | E60: ชิ้น | F60: 2 | G60: 3 | H60: 2 | K60: 5 | L60: 4500 | M60: =IF(OR(K60="",L60=""),"",K60*L60) -> 22500
A61: 57 | C61: Gladiud EX | D61: ตรวจสวนหัวใจ | E61: ชิ้น | K61: 5 | L61: 6500 | M61: =IF(OR(K61="",L61=""),"",K61*L61) -> 32500
A62: 58 | C62: Ultimate Bros | D62: ตรวจสวนหัวใจ | E62: ชิ้น | K62: 5 | L62: 6500 | M62: =IF(OR(K62="",L62=""),"",K62*L62) -> 32500
A63: 59 | C63: Miracle | D63: ตรวจสวนหัวใจ | E63: ชิ้น | K63: 5 | L63: 6500 | M63: =IF(OR(K63="",L63=""),"",K63*L63) -> 32500
A64: 60 | C64: Extension wire | D64: ตรวจสวนหัวใจ | E64: ชิ้น | F64: 4 | G64: 6 | H64: 11 | K64: 30 | L64: 2000 | M64: =IF(OR(K64="",L64=""),"",K64*L64) -> 60000
A65: 61 | C65: Runthrough wire (all size) | D65: ตรวจสวนหัวใจ | E65: ชิ้น | F65: 26 | G65: 10 | H65: 12 | K65: 50 | L65: 2250 | M65: =IF(OR(K65="",L65=""),"",K65*L65) -> 112500
A66: 62 | C66: AnyreachC guide wire | D66: ตรวจสวนหัวใจ | E66: ชิ้น | H66: 11 | K66: 30 | L66: 2000 | M66: =IF(OR(K66="",L66=""),"",K66*L66) -> 60000
A67: 63 | C67: Opticross (IVUS) | D67: ตรวจสวนหัวใจ | E67: ชิ้น | F67: 111 | G67: 150 | H67: 183 | K67: 250 | L67: 29500 | M67: =IF(OR(K67="",L67=""),"",K67*L67) -> 7375000
A68: 64 | C68: OCT Dragonfly | D68: ตรวจสวนหัวใจ | E68: ชิ้น | F68: 2 | G68: 16 | H68: 20 | K68: 50 | L68: 30400 | M68: =IF(OR(K68="",L68=""),"",K68*L68) -> 1520000
A69: 65 | C69: Truevision IVUS imagine | D69: ตรวจสวนหัวใจ | E69: ชิ้น | F69: 8 | G69: 25 | H69: 34 | K69: 50 | L69: 28000 | M69: =IF(OR(K69="",L69=""),"",K69*L69) -> 1400000
A70: 66 | C70: Agent DCB | D70: ตรวจสวนหัวใจ | E70: ชิ้น | F70: 2 | G70: 25 | H70: 43 | K70: 70 | L70: 21000 | M70: =IF(OR(K70="",L70=""),"",K70*L70) -> 1470000
A71: 67 | C71: Prevail DCB | D71: ตรวจสวนหัวใจ | E71: ชิ้น | F71: 49 | G71: 20 | H71: 21 | K71: 40 | L71: 22000 | M71: =IF(OR(K71="",L71=""),"",K71*L71) -> 880000
A72: 68 | C72: pantera Lux DCB | D72: ตรวจสวนหัวใจ | E72: ชิ้น | F72: 18 | G72: 20 | H72: 34 | K72: 40 | L72: 23000 | M72: =IF(OR(K72="",L72=""),"",K72*L72) -> 920000
A73: 69 | C73: Bioascend A9 DCB | D73: ตรวจสวนหัวใจ | E73: ชิ้น | F73: 53 | G73: 40 | H73: 32 | K73: 50 | L73: 21500 | M73: =IF(OR(K73="",L73=""),"",K73*L73) -> 1075000
A74: 70 | C74: Selution SLR DCB | D74: ตรวจสวนหัวใจ | E74: ชิ้น | H74: 91 | K74: 150 | L74: 20500 | M74: =IF(OR(K74="",L74=""),"",K74*L74) -> 3075000
A75: 71 | C75: Sequent please neo DCB | D75: ตรวจสวนหัวใจ | E75: ชิ้น | G75: 100 | H75: 189 | K75: 200 | L75: 19000 | M75: =IF(OR(K75="",L75=""),"",K75*L75) -> 3800000
A76: 72 | C76: Wolverine Cutting Balloon | D76: ตรวจสวนหัวใจ | E76: ชิ้น | F76: 64 | G76: 65 | H76: 194 | K76: 250 | L76: 21000 | M76: =IF(OR(K76="",L76=""),"",K76*L76) -> 5250000
A77: 73 | C77: Wedge NC Scoring Balloon | D77: ตรวจสวนหัวใจ | E77: ชิ้น | H77: 45 | K77: 60 | L77: 18000 | M77: =IF(OR(K77="",L77=""),"",K77*L77) -> 1080000
A78: 74 | C78: Aperta NSE Scoring Balloon | D78: ตรวจสวนหัวใจ | E78: ชิ้น | H78: 36 | K78: 40 | L78: 18190 | M78: =IF(OR(K78="",L78=""),"",K78*L78) -> 727600
A79: 75 | C79: NC Score flex | D79: ตรวจสวนหัวใจ | E79: ชิ้น | F79: 16 | G79: 10 | H79: 8 | K79: 10 | L79: 18000 | M79: =IF(OR(K79="",L79=""),"",K79*L79) -> 180000
A80: 76 | C80: Pressure wire X | D80: ตรวจสวนหัวใจ | E80: ชิ้น | H80: 1 | K80: 5 | L80: 27000 | M80: =IF(OR(K80="",L80=""),"",K80*L80) -> 135000
A81: 77 | C81: Comet II pressure wire | D81: ตรวจสวนหัวใจ | E81: ชิ้น | F81: 27 | G81: 5 | H81: 4 | K81: 10 | L81: 20500 | M81: =IF(OR(K81="",L81=""),"",K81*L81) -> 205000
A82: 78 | C82: Guidezilla | D82: ตรวจสวนหัวใจ | E82: ชิ้น | F82: 7 | G82: 5 | H82: 8 | K82: 20 | L82: 10700 | M82: =IF(OR(K82="",L82=""),"",K82*L82) -> 214000
A83: 79 | C83: Guideplus | D83: ตรวจสวนหัวใจ | E83: ชิ้น | F83: 57 | G83: 40 | H83: 30 | K83: 50 | L83: 11000 | M83: =IF(OR(K83="",L83=""),"",K83*L83) -> 550000
A84: 80 | C84: Tornus (all size) | D84: ตรวจสวนหัวใจ | E84: ชิ้น | F84: 2 | G84: 2 | H84: 2 | K84: 5 | L84: 15000 | M84: =IF(OR(K84="",L84=""),"",K84*L84) -> 75000
A85: 81 | C85: Corsair pro XS | D85: ตรวจสวนหัวใจ | E85: ชิ้น | F85: 16 | G85: 20 | H85: 24 | K85: 40 | L85: 12500 | M85: =IF(OR(K85="",L85=""),"",K85*L85) -> 500000
A86: 82 | C86: Caravel (all size) | D86: ตรวจสวนหัวใจ | E86: ชิ้น | F86: 30 | G86: 35 | H86: 38 | K86: 50 | L86: 12500 | M86: =IF(OR(K86="",L86=""),"",K86*L86) -> 625000
A87: 83 | C87: Corsair Pro | D87: ตรวจสวนหัวใจ | E87: ชิ้น | F87: 5 | G87: 4 | H87: 1 | K87: 5 | L87: 12500 | M87: =IF(OR(K87="",L87=""),"",K87*L87) -> 62500
A88: 84 | C88: Sasuke | D88: ตรวจสวนหัวใจ | E88: ชิ้น | F88: 10 | G88: 5 | H88: 4 | K88: 10 | L88: 15000 | M88: =IF(OR(K88="",L88=""),"",K88*L88) -> 150000
A89: 85 | C89: Finecross | D89: ตรวจสวนหัวใจ | E89: ชิ้น | F89: 21 | G89: 20 | H89: 26 | K89: 40 | L89: 13000 | M89: =IF(OR(K89="",L89=""),"",K89*L89) -> 520000
A90: 86 | C90: Crusade | D90: ตรวจสวนหัวใจ | E90: ชิ้น | K90: 5 | L90: 9500 | M90: =IF(OR(K90="",L90=""),"",K90*L90) -> 47500
A91: 87 | C91: Mizuki | D91: ตรวจสวนหัวใจ | E91: ชิ้น | K91: 5 | L91: 9500 | M91: =IF(OR(K91="",L91=""),"",K91*L91) -> 47500
A92: 88 | C92: Eliminate | D92: ตรวจสวนหัวใจ | E92: ชิ้น | F92: 68 | G92: 40 | H92: 52 | K92: 80 | L92: 11235 | M92: =IF(OR(K92="",L92=""),"",K92*L92) -> 898800
A93: 89 | C93: Extractor Aspiration | D93: ตรวจสวนหัวใจ | E93: ชิ้น | H93: 33 | K93: 50 | L93: 9000 | M93: =IF(OR(K93="",L93=""),"",K93*L93) -> 450000
A94: 90 | C94: Thrombuster | D94: ตรวจสวนหัวใจ | E94: ชิ้น | F94: 10 | G94: 5 | H94: 6 | K94: 10 | L94: 10000 | M94: =IF(OR(K94="",L94=""),"",K94*L94) -> 100000
A95: 91 | C95: Rota wire | D95: ตรวจสวนหัวใจ | E95: ชิ้น | F95: 19 | G95: 25 | H95: 29 | K95: 40 | L95: 8000 | M95: =IF(OR(K95="",L95=""),"",K95*L95) -> 320000
A96: 92 | C96: Rota advancer | D96: ตรวจสวนหัวใจ | E96: ชิ้น | F96: 18 | G96: 25 | H96: 29 | K96: 40 | L96: 29000 | M96: =IF(OR(K96="",L96=""),"",K96*L96) -> 1160000
A97: 93 | C97: Rota Burr | D97: ตรวจสวนหัวใจ | E97: ชิ้น | F97: 25 | G97: 30 | H97: 35 | K97: 50 | L97: 28500 | M97: =IF(OR(K97="",L97=""),"",K97*L97) -> 1425000
A98: 94 | C98: Diamondback 360 Orbital artherectomy Device | D98: ตรวจสวนหัวใจ | E98: ชิ้น | H98: 17 | K98: 40 | L98: 29000 | M98: =IF(OR(K98="",L98=""),"",K98*L98) -> 1160000
A99: 95 | C99: ViperWire advance coronary Guidewire | D99: ตรวจสวนหัวใจ | E99: ชิ้น | H99: 17 | K99: 40 | L99: 8000 | M99: =IF(OR(K99="",L99=""),"",K99*L99) -> 320000
A100: 96 | C100: Diamond-Coated 1.25 mm Classic Crown | D100: ตรวจสวนหัวใจ | E100: ชิ้น | H100: 17 | K100: 40 | L100: 28000 | M100: =IF(OR(K100="",L100=""),"",K100*L100) -> 1120000
A101: 97 | C101: Spider FX | D101: ตรวจสวนหัวใจ | E101: ชิ้น | F101: 1 | G101: 1 | H101: 1 | K101: 1 | L101: 48150 | M101: =IF(OR(K101="",L101=""),"",K101*L101) -> 48150
A102: 98 | C102: Snare Micro | D102: ตรวจสวนหัวใจ | E102: ชิ้น | H102: 1 | K102: 3 | L102: 18190 | M102: =IF(OR(K102="",L102=""),"",K102*L102) -> 54570
A103: 99 | C103: Set pericardiocentesis | D103: ตรวจสวนหัวใจ | E103: ชิ้น | K103: 10 | L103: 4494 | M103: =IF(OR(K103="",L103=""),"",K103*L103) -> 44940
...

Sheet วิสัญญี
A1: โรงพยาบาลวชิระภูเก็ต · คำของบวัสดุ ปี 2570 · แท็บ วิสัญญี
A2: เลขที่เอกสาร | C2: DBR/2570/0024 | D2: หน่วยงาน | E2: งานการพยาบาลวิสัญญี | H2: แหล่งเงิน | I2: เงินบำรุง | K2: ปีงบประมาณ | L2: 2570 | N2: สถานะ | O2: ฉบับร่าง
A3: ยอดในระบบ | C3: 2037294 | D3: ผลต่างจากรายการ | E3: =M113-C3 -> 0 | F3: ช่องรหัสสินค้าสีเหลืองกรอกหรือแก้รหัสได้ แท็บยาย้ายรหัสจากหมายเหตุมาไว้ในคอลัมน์นี้ ผลยืนยันเลือก ถูกต้อง / ต้องแก้ไข / ยังไม่ครบ / ข้าม มูลค่าที่ของบคำนวณจากปริมาณที่ของบ × ราคา/หน่วยนับ ยังไม่ผูกสินค้าในระบบ
A4: ลำดับ | B4: รหัสสินค้า | C4: รายการสินค้า | D4: ประเภทวัสดุ | E4: หน่วยนับ | F4: ปริมาณใช้ปี 2567 | G4: ปริมาณใช้ปี 2568 | H4: ปริมาณใช้ปี 2569 | I4: ปริมาณคงเหลือยกมา | J4: มูลค่าคงเหลือยกมา | K4: ปริมาณที่ของบ | L4: ราคา/หน่วยนับ | M4: มูลค่าที่ของบ | N4: หมายเหตุ | O4: ผลยืนยัน
A5: 1 | C5: BLADE 350-005-000 VL MAC S3x50 | D5: วิสัญญี | G5: 3 | I5: 1 | K5: 1 | L5: 11449 | M5: =IF(OR(K5="",L5=""),"",K5*L5) -> 11449
A6: 2 | C6: BLADE 350-013-000 VL MAC S4x50 | D6: วิสัญญี | G6: 9 | H6: 4 | I6: 4 | K6: 2 | L6: 11449 | M6: =IF(OR(K6="",L6=""),"",K6*L6) -> 22898
A7: 3 | C7: MCGRATH 3.6 V BATTERY | D7: วิสัญญี | E7: ชิ้น | G7: 2 | H7: 10 | I7: 2 | K7: 18 | L7: 3200 | M7: =IF(OR(K7="",L7=""),"",K7*L7) -> 57600
A8: 4 | C8: BRONCHO CATH LEFT 28 FR | D8: วิสัญญี | E8: ชุด | I8: 2 | K8: 0 | L8: 2899.7 | M8: =IF(OR(K8="",L8=""),"",K8*L8) -> 0
A9: 5 | C9: BRONCHO CATH LEFT 32 FR | D9: วิสัญญี | E9: ชุด | G9: 5 | I9: 5 | K9: 0 | L9: 2899.7 | M9: =IF(OR(K9="",L9=""),"",K9*L9) -> 0
A10: 6 | C10: BRONCHO CATH LEFT 35 FR | D10: วิสัญญี | E10: ชุด | G10: 45 | H10: 6 | I10: 15 | K10: 5 | L10: 2899.7 | M10: =IF(OR(K10="",L10=""),"",K10*L10) -> 14498.5
A11: 7 | C11: BRONCHO CATH LEFT 37 FR | D11: วิสัญญี | E11: ชุด | G11: 51 | H11: 40 | K11: 50 | L11: 2899.7 | M11: =IF(OR(K11="",L11=""),"",K11*L11) -> 144985
A12: 8 | C12: BRONCHO CATH LEFT 39 FR | D12: วิสัญญี | E12: ชุด | G12: 21 | H12: 14 | K12: 15 | L12: 2899.7 | M12: =IF(OR(K12="",L12=""),"",K12*L12) -> 43495.5
A13: 9 | C13: i-gel supraglottic airway size 1 | D13: วิสัญญี | E13: ชิ้น | G13: 2 | H13: 2 | I13: 1 | K13: 4 | L13: 1500 | M13: =IF(OR(K13="",L13=""),"",K13*L13) -> 6000
A14: 10 | C14: i-gel supraglottic airway size 1.5 | D14: วิสัญญี | E14: ชิ้น | G14: 2 | H14: 2 | K14: 5 | L14: 1500 | M14: =IF(OR(K14="",L14=""),"",K14*L14) -> 7500
A15: 11 | C15: i-gel supraglottic airway size 2 | D15: วิสัญญี | E15: ชิ้น | G15: 2 | H15: 2 | I15: 1 | K15: 4 | L15: 1500 | M15: =IF(OR(K15="",L15=""),"",K15*L15) -> 6000
A16: 12 | C16: i-gel supraglottic airway size 2.5 | D16: วิสัญญี | E16: ชิ้น | G16: 2 | H16: 2 | K16: 5 | L16: 1500 | M16: =IF(OR(K16="",L16=""),"",K16*L16) -> 7500
A17: 13 | C17: i-gel supraglottic airway size 3 | D17: วิสัญญี | E17: ชิ้น | G17: 10 | H17: 10 | K17: 10 | L17: 1500 | M17: =IF(OR(K17="",L17=""),"",K17*L17) -> 15000
A18: 14 | C18: i-gel supraglottic airway size 4 | D18: วิสัญญี | E18: ชิ้น | G18: 5 | H18: 10 | K18: 10 | L18: 1500 | M18: =IF(OR(K18="",L18=""),"",K18*L18) -> 15000
A19: 15 | C19: i-gel supraglottic airway size 5 | D19: วิสัญญี | E19: ชิ้น | K19: 0 | L19: 1500 | M19: =IF(OR(K19="",L19=""),"",K19*L19) -> 0
A20: 16 | C20: Laryngeal mask Airway No.1 | D20: วิสัญญี | E20: ชิ้น | G20: 5 | K20: 0 | L20: 900 | M20: =IF(OR(K20="",L20=""),"",K20*L20) -> 0
A21: 17 | C21: Laryngeal mask Airway No.1.5 | D21: วิสัญญี | E21: ชิ้น | G21: 5 | K21: 0 | L21: 900 | M21: =IF(OR(K21="",L21=""),"",K21*L21) -> 0
A22: 18 | C22: Laryngeal mask Airway No.2 | D22: วิสัญญี | E22: ชิ้น | G22: 5 | K22: 0 | L22: 900 | M22: =IF(OR(K22="",L22=""),"",K22*L22) -> 0
A23: 19 | C23: Laryngeal mask Airway No.2.5 | D23: วิสัญญี | E23: ชิ้น | G23: 5 | K23: 0 | L23: 900 | M23: =IF(OR(K23="",L23=""),"",K23*L23) -> 0
A24: 20 | C24: Laryngeal mask Airway No.3 | D24: วิสัญญี | E24: ชิ้น | K24: 0 | L24: 900 | M24: =IF(OR(K24="",L24=""),"",K24*L24) -> 0
A25: 21 | C25: Laryngeal mask Airway No.4 | D25: วิสัญญี | E25: ชิ้น | K25: 0 | L25: 900 | M25: =IF(OR(K25="",L25=""),"",K25*L25) -> 0
A26: 22 | C26: Nasopharyngeal Airway No.7.0 | D26: วิสัญญี | E26: อัน | G26: 450 | I26: 100 | K26: 50 | L26: 149 | M26: =IF(OR(K26="",L26=""),"",K26*L26) -> 7450
A27: 23 | C27: Nasopharyngeal Airway No.7.5 | D27: วิสัญญี | E27: อัน | G27: 450 | I27: 60 | K27: 240 | L27: 149 | M27: =IF(OR(K27="",L27=""),"",K27*L27) -> 35760
A28: 24 | C28: HYGROBABY | D28: วิสัญญี | E28: อัน | G28: 250 | H28: 300 | I28: 200 | K28: 0 | L28: 139.1 | M28: =IF(OR(K28="",L28=""),"",K28*L28) -> 0
A29: 25 | C29: HYGROBOY | D29: วิสัญญี | E29: อัน | G29: 250 | H29: 500 | I29: 200 | K29: 100 | L29: 107 | M29: =IF(OR(K29="",L29=""),"",K29*L29) -> 10700
A30: 26 | C30: SODALIME (Drager) | D30: วิสัญญี | H30: 110 | I30: 10 | K30: 140 | L30: 780 | M30: =IF(OR(K30="",L30=""),"",K30*L30) -> 109200
A31: 27 | C31: Flexible fixed elbow (ข้องอ + EnCO2) | D31: วิสัญญี | E31: ชิ้น | G31: 30 | I31: 20 | K31: 0 | L31: 100 | M31: =IF(OR(K31="",L31=""),"",K31*L31) -> 0
A32: 28 | C32: Flexible fixed elbow (ข้องอ) | D32: วิสัญญี | E32: ชิ้น | G32: 30 | I32: 20 | K32: 0 | L32: 70 | M32: =IF(OR(K32="",L32=""),"",K32*L32) -> 0
A33: 29 | C33: Flexible fixed elbow (ข้อตรง) | D33: วิสัญญี | E33: ชิ้น | G33: 30 | I33: 20 | K33: 0 | L33: 60 | M33: =IF(OR(K33="",L33=""),"",K33*L33) -> 0
A34: 30 | C34: Sinotrans IBP transduser-Songle | D34: วิสัญญี | E34: ชุด | G34: 10 | H34: 10 | K34: 50 | L34: 500 | M34: =IF(OR(K34="",L34=""),"",K34*L34) -> 25000
A35: 31 | C35: Sinotrans IBP transduser-Double | D35: วิสัญญี | E35: ชุด | G35: 10 | H35: 10 | K35: 50 | L35: 980 | M35: =IF(OR(K35="",L35=""),"",K35*L35) -> 49000
A36: 32 | C36: Clear-Guard 3 Bacteria + virus filter | D36: วิสัญญี | E36: ชิ้น | G36: 10000 | H36: 2500 | K36: 18000 | L36: 35 | M36: =IF(OR(K36="",L36=""),"",K36*L36) -> 630000
A37: 33 | C37: Clear-Guard 3 Bacteria+virus filter | D37: วิสัญญี | E37: ชิ้น | G37: 7500 | H37: 1500 | K37: 6 | L37: 35 | M37: =IF(OR(K37="",L37=""),"",K37*L37) -> 210
A38: 34 | C38: Spinal needle No.25*4 3/4 | D38: วิสัญญี | E38: อัน | I38: 75 | K38: 0 | L38: 72.8 | M38: =IF(OR(K38="",L38=""),"",K38*L38) -> 0
A39: 35 | C39: Spinal needle No.25*3.5 | D39: วิสัญญี | E39: อัน | G39: 700 | I39: 120 | K39: -20 | L39: 42.8 | M39: =IF(OR(K39="",L39=""),"",K39*L39) -> -856
A40: 36 | C40: Spinal needle No.26*4 3/4 | D40: วิสัญญี | E40: อัน | G40: 500 | H40: 325 | K40: 200 | L40: 64.2 | M40: =IF(OR(K40="",L40=""),"",K40*L40) -> 12840
A41: 37 | C41: Spinal needle No.27*3.5 | D41: วิสัญญี | E41: อัน | G41: 2800 | H41: 200 | K41: 2500 | L41: 77.04 | M41: =IF(OR(K41="",L41=""),"",K41*L41) -> 192600
A42: 38 | C42: Touhy needle No.18 | D42: วิสัญญี | E42: อัน | G42: 450 | H42: 400 | I42: 210 | K42: 290 | L42: 492.2 | M42: =IF(OR(K42="",L42=""),"",K42*L42) -> 142738
A43: 39 | C43: ContiplexTouhy ultra 360 18G*4 | D43: วิสัญญี | E43: อัน | G43: 100 | I43: 30 | K43: 0 | L43: 1337.5 | M43: =IF(OR(K43="",L43=""),"",K43*L43) -> 0
A44: 40 | C44: Stimuplex ultra (3600) 20G*4 | D44: วิสัญญี | E44: อัน | G44: 100 | H44: 100 | I44: 75 | K44: 125 | L44: 535 | M44: =IF(OR(K44="",L44=""),"",K44*L44) -> 66875
A45: 41 | C45: Epidural minipack system#4 No.16 | D45: วิสัญญี | E45: อัน | G45: 120 | I45: 40 | K45: 0 | L45: 577.8 | M45: =IF(OR(K45="",L45=""),"",K45*L45) -> 0
A46: 42 | C46: Epidural minipack system#4 No.18 | D46: วิสัญญี | E46: อัน | G46: 120 | I46: 120 | K46: 0 | L46: 235.5 | M46: =IF(OR(K46="",L46=""),"",K46*L46) -> 0
A47: 43 | C47: Disposable Pads for Defibrillator Philip | D47: วิสัญญี | E47: ชุด | H47: 10 | I47: 2 | K47: 8 | L47: 2000 | M47: =IF(OR(K47="",L47=""),"",K47*L47) -> 16000
A48: 44 | C48: Disposable Anesthesia Breathing Circuit | D48: วิสัญญี | E48: ชุด | G48: 150 | I48: 150 | K48: 50 | L48: 250 | M48: =IF(OR(K48="",L48=""),"",K48*L48) -> 12500
A49: 45 | C49: REINFORCED No.6.5 | D49: วิสัญญี | E49: อัน | G49: 10 | I49: 5 | K49: 5 | L49: 390 | M49: =IF(OR(K49="",L49=""),"",K49*L49) -> 1950
A50: 46 | C50: REINFORCED No.7.0 | D50: วิสัญญี | E50: อัน | G50: 10 | I50: 5 | K50: 5 | L50: 390 | M50: =IF(OR(K50="",L50=""),"",K50*L50) -> 1950
A51: 47 | C51: REINFORCED No.7.5 | D51: วิสัญญี | E51: อัน | G51: 10 | I51: 10 | K51: 0 | L51: 390 | M51: =IF(OR(K51="",L51=""),"",K51*L51) -> 0
A52: 48 | C52: REINFORCED No.8.0 | D52: วิสัญญี | E52: อัน | G52: 10 | I52: 10 | K52: 0 | L52: 390 | M52: =IF(OR(K52="",L52=""),"",K52*L52) -> 0
A53: 49 | C53: MLT ENDOTRACHEAL TUBE No.4.0 | D53: วิสัญญี | E53: อัน | G53: 40 | H53: 20 | I53: 10 | K53: 10 | L53: 344.5 | M53: =IF(OR(K53="",L53=""),"",K53*L53) -> 3445
A54: 50 | C54: MLT ENDOTRACHEAL TUBE No.5.0 | D54: วิสัญญี | E54: อัน | G54: 40 | H54: 10 | I54: 10 | K54: 10 | L54: 344.5 | M54: =IF(OR(K54="",L54=""),"",K54*L54) -> 3445
A55: 51 | C55: MLT ENDOTRACHEAL TUBE No.6.0 | D55: วิสัญญี | E55: อัน | G55: 40 | H55: 10 | I55: 10 | K55: 10 | L55: 344.5 | M55: =IF(OR(K55="",L55=""),"",K55*L55) -> 3445
A56: 52 | C56: RAE ORAL ENDOTRACHEAL TUBE NO.5.0 | D56: วิสัญญี | E56: อัน | G56: 30 | H56: 30 | I56: 20 | K56: 30 | L56: 214 | M56: =IF(OR(K56="",L56=""),"",K56*L56) -> 6420
A57: 53 | C57: RAE ORAL ENDOTRACHEAL TUBE NO.5.0 CUFF | D57: วิสัญญี | E57: อัน | G57: 30 | H57: 30 | I57: 20 | K57: 30 | L57: 299.6 | M57: =IF(OR(K57="",L57=""),"",K57*L57) -> 8988
A58: 54 | C58: RAE ORAL ENDOTRACHEAL TUBE NO.5.5 | D58: วิสัญญี | E58: อัน | G58: 20 | I58: 20 | K58: 30 | L58: 214 | M58: =IF(OR(K58="",L58=""),"",K58*L58) -> 6420
A59: 55 | C59: RAE ORAL ENDOTRACHEAL TUBE NO.5.5 CUFF | D59: วิสัญญี | E59: อัน | G59: 20 | I59: 20 | K59: 30 | L59: 299.6 | M59: =IF(OR(K59="",L59=""),"",K59*L59) -> 8988
A60: 56 | C60: RAE ORAL ENDOTRACHEAL TUBE NO.6.0 CUFF | D60: วิสัญญี | E60: อัน | H60: 20 | I60: 20 | K60: 30 | L60: 599.2 | M60: =IF(OR(K60="",L60=""),"",K60*L60) -> 17976
A61: 57 | C61: RAE ORAL ENDOTRACHEAL TUBE NO.6.5 CUFF | D61: วิสัญญี | E61: อัน | I61: 20 | K61: 30 | L61: 299.6 | M61: =IF(OR(K61="",L61=""),"",K61*L61) -> 8988
A62: 58 | C62: RAE ORAL ENDOTRACHEAL TUBE NO.7.0 CUFF | D62: วิสัญญี | E62: อัน | I62: 10 | K62: 40 | L62: 299.6 | M62: =IF(OR(K62="",L62=""),"",K62*L62) -> 11984
A63: 59 | C63: RAE ORAL ENDOTRACHEAL TUBE NO.7.5 CUFF | D63: วิสัญญี | E63: อัน | H63: 10 | I63: 20 | K63: 30 | L63: 299.6 | M63: =IF(OR(K63="",L63=""),"",K63*L63) -> 8988
A64: 60 | C64: RAE ORAL ENDOTRACHEAL TUBE NO.8.0 CUFF | D64: วิสัญญี | E64: อัน | G64: 10 | I64: 20 | K64: -10 | L64: 299.6 | M64: =IF(OR(K64="",L64=""),"",K64*L64) -> -2996
A65: 61 | C65: Nasal Rae Tube No.4.5 | D65: วิสัญญี | E65: อัน | G65: 20 | K65: 20 | L65: 299.6 | M65: =IF(OR(K65="",L65=""),"",K65*L65) -> 5992
A66: 62 | C66: Nasal Rae Tube No.5.0 | D66: วิสัญญี | E66: อัน | I66: 10 | K66: 10 | L66: 299.6 | M66: =IF(OR(K66="",L66=""),"",K66*L66) -> 2996
A67: 63 | C67: Nasal Rae Tube No.5.0 Cuff | D67: วิสัญญี | E67: อัน | I67: 10 | K67: 10 | L67: 299.6 | M67: =IF(OR(K67="",L67=""),"",K67*L67) -> 2996
A68: 64 | C68: Nasal Rae Tube No.5.5 | D68: วิสัญญี | E68: อัน | I68: 10 | K68: 10 | L68: 299.6 | M68: =IF(OR(K68="",L68=""),"",K68*L68) -> 2996
A69: 65 | C69: Nasal Rae Tube No.5.5 Cuff | D69: วิสัญญี | E69: อัน | G69: 70 | I69: 10 | K69: 20 | L69: 299.6 | M69: =IF(OR(K69="",L69=""),"",K69*L69) -> 5992
A70: 66 | C70: RAE NASAL ENDOTRACHEAL 6.0 CUFF | D70: วิสัญญี | E70: อัน | G70: 50 | H70: 20 | I70: 20 | K70: 10 | L70: 299.6 | M70: =IF(OR(K70="",L70=""),"",K70*L70) -> 2996
A71: 67 | C71: RAE NASAL ENDOTRACHEAL 6.5 CUFF | D71: วิสัญญี | E71: อัน | G71: 20 | H71: 20 | I71: 20 | K71: 10 | L71: 299.6 | M71: =IF(OR(K71="",L71=""),"",K71*L71) -> 2996
A72: 68 | C72: RAE NASAL ENDOTRACHEAL 7.0 CUFF | D72: วิสัญญี | E72: อัน | G72: 100 | H72: 40 | I72: 20 | K72: 30 | L72: 299.6 | M72: =IF(OR(K72="",L72=""),"",K72*L72) -> 8988
A73: 69 | C73: RAE NASAL ENDOTRACHEAL 7.5 CUFF | D73: วิสัญญี | E73: อัน | G73: 70 | H73: 10 | I73: 20 | K73: 30 | L73: 299.6 | M73: =IF(OR(K73="",L73=""),"",K73*L73) -> 8988
A74: 70 | C74: Endotracheal Tube No. 2.5 | D74: วิสัญญี | E74: อัน | G74: 5 | I74: 10 | K74: 0 | L74: 0 | M74: =IF(OR(K74="",L74=""),"",K74*L74) -> 0
A75: 71 | C75: Endotracheal Tube No. 3.0 | D75: วิสัญญี | E75: อัน | G75: 5 | I75: 10 | K75: 20 | L75: 0 | M75: =IF(OR(K75="",L75=""),"",K75*L75) -> 0
A76: 72 | C76: Endotracheal Tube No.3.5 | D76: วิสัญญี | E76: อัน | G76: 10 | I76: 10 | K76: 20 | L76: 0 | M76: =IF(OR(K76="",L76=""),"",K76*L76) -> 0
A77: 73 | C77: Endotracheal Tube No. 4.0 | D77: วิสัญญี | E77: อัน | G77: 10 | I77: 10 | K77: 20 | L77: 0 | M77: =IF(OR(K77="",L77=""),"",K77*L77) -> 0
A78: 74 | C78: Endotracheal Tube No.4.5 | D78: วิสัญญี | E78: อัน | G78: 110 | I78: 10 | K78: 40 | L78: 0 | M78: =IF(OR(K78="",L78=""),"",K78*L78) -> 0
A79: 75 | C79: Endotracheal Tube No.5.0 | D79: วิสัญญี | E79: อัน | G79: 210 | I79: 10 | K79: 40 | L79: 0 | M79: =IF(OR(K79="",L79=""),"",K79*L79) -> 0
A80: 76 | C80: Endotracheal Tube No.5.5 | D80: วิสัญญี | E80: อัน | G80: 210 | I80: 10 | K80: 40 | L80: 0 | M80: =IF(OR(K80="",L80=""),"",K80*L80) -> 0
A81: 77 | C81: Endotracheal Tube No. 4.5 (Cuff) | D81: วิสัญญี | E81: อัน | K81: 50 | L81: 0 | M81: =IF(OR(K81="",L81=""),"",K81*L81) -> 0
A82: 78 | C82: Endotracheal Tube No.5.5(Cuff) | D82: วิสัญญี | E82: อัน | I82: 10 | K82: 40 | L82: 0 | M82: =IF(OR(K82="",L82=""),"",K82*L82) -> 0
A83: 79 | C83: Endotracheal Tube No. 6.0(Cuff) | D83: วิสัญญี | E83: อัน | I83: 10 | K83: 40 | L83: 0 | M83: =IF(OR(K83="",L83=""),"",K83*L83) -> 0
A84: 80 | C84: Endotracheal Tube No. 6.5(Cuff) | D84: วิสัญญี | E84: อัน | I84: 10 | K84: 490 | L84: 33 | M84: =IF(OR(K84="",L84=""),"",K84*L84) -> 16170
A85: 81 | C85: Endotracheal Tube No. 7.0(Cuff) | D85: วิสัญญี | E85: อัน | K85: 2000 | L85: 33 | M85: =IF(OR(K85="",L85=""),"",K85*L85) -> 66000
A86: 82 | C86: Endotracheal Tube No. 7.5(Cuff) | D86: วิสัญญี | E86: อัน | K86: 3000 | L86: 33 | M86: =IF(OR(K86="",L86=""),"",K86*L86) -> 99000
A87: 83 | C87: Endotracheal Tube No. 8.0(Cuff) | D87: วิสัญญี | E87: อัน | K87: 2500 | L87: 33 | M87: =IF(OR(K87="",L87=""),"",K87*L87) -> 82500
A88: 84 | C88: สไตเลท เบอร์ 10 | D88: วิสัญญี | E88: อัน | G88: 50 | I88: 50 | K88: -50 | L88: 160 | M88: =IF(OR(K88="",L88=""),"",K88*L88) -> -8000
A89: 85 | C89: สไตเลท เบอร์ 14 | D89: วิสัญญี | E89: อัน | G89: 50 | I89: 50 | K89: -50 | L89: 145 | M89: =IF(OR(K89="",L89=""),"",K89*L89) -> -7250
A90: 86 | C90: สไตเลท เบอร์ 6 | D90: วิสัญญี | E90: อัน | G90: 30 | I90: 50 | K90: -50 | L90: 160 | M90: =IF(OR(K90="",L90=""),"",K90*L90) -> -8000
A91: 87 | C91: SC Trach Tube oral/nasal #2.5, 10s | D91: วิสัญญี | E91: อัน | G91: 30 | K91: 0 | L91: 55 | M91: =IF(OR(K91="",L91=""),"",K91*L91) -> 0
A92: 88 | C92: SC Trach Tube oral/nasal #3.0, 10s | D92: วิสัญญี | E92: อัน | G92: 30 | K92: 0 | L92: 55 | M92: =IF(OR(K92="",L92=""),"",K92*L92) -> 0
A93: 89 | C93: SC Trach Tube oral/nasal #3.5, 10s | D93: วิสัญญี | E93: อัน | G93: 30 | K93: 0 | L93: 55 | M93: =IF(OR(K93="",L93=""),"",K93*L93) -> 0
A94: 90 | C94: SC Trach Tube oral/nasal #4.0, 10s | D94: วิสัญญี | E94: อัน | G94: 70 | K94: 0 | L94: 55 | M94: =IF(OR(K94="",L94=""),"",K94*L94) -> 0
A95: 91 | C95: SC Trach Tube oral/nasal #4.5, 10s | D95: วิสัญญี | E95: อัน | G95: 90 | K95: 0 | L95: 55 | M95: =IF(OR(K95="",L95=""),"",K95*L95) -> 0
A96: 92 | C96: SC Trach Tube oral/nasal #5.0, 10s | D96: วิสัญญี | E96: อัน | G96: 50 | K96: 0 | L96: 55 | M96: =IF(OR(K96="",L96=""),"",K96*L96) -> 0
A97: 93 | C97: SC Trach Tube oral/nasal #5.5, 10s | D97: วิสัญญี | E97: อัน | G97: 30 | K97: 0 | L97: 55 | M97: =IF(OR(K97="",L97=""),"",K97*L97) -> 0
A98: 94 | C98: Endotracheal Tube No.5.0(Cuff) (Metonic) | D98: วิสัญญี | E98: อัน | G98: 50 | K98: 0 | L98: 58.8 | M98: =IF(OR(K98="",L98=""),"",K98*L98) -> 0
A99: 95 | C99: Endotracheal Tube No.5.5(Cuff) (Metonic) | D99: วิสัญญี | E99: อัน | G99: 50 | K99: 0 | L99: 58.8 | M99: =IF(OR(K99="",L99=""),"",K99*L99) -> 0
A100: 96 | C100: Endotracheal Tube No. 6.0(Cuff) (Metonic) | D100: วิสัญญี | E100: อัน | G100: 100 | H100: 30 | K100: 0 | L100: 58.8 | M100: =IF(OR(K100="",L100=""),"",K100*L100) -> 0
...

Sheet ENT
A1: โรงพยาบาลวชิระภูเก็ต · คำของบวัสดุ ปี 2570 · แท็บ ENT
A2: เลขที่เอกสาร | C2: DBR/2570/0025 | D2: หน่วยงาน | E2: หน่วยงานพัสดุ | H2: แหล่งเงิน | I2: เงินบำรุง | K2: ปีงบประมาณ | L2: 2570 | N2: สถานะ | O2: ฉบับร่าง
A3: ยอดในระบบ | C3: 1732000 | D3: ผลต่างจากรายการ | E3: =M13-C3 -> 0 | F3: ช่องรหัสสินค้าสีเหลืองกรอกหรือแก้รหัสได้ แท็บยาย้ายรหัสจากหมายเหตุมาไว้ในคอลัมน์นี้ ผลยืนยันเลือก ถูกต้อง / ต้องแก้ไข / ยังไม่ครบ / ข้าม มูลค่าที่ของบคำนวณจากปริมาณที่ของบ × ราคา/หน่วยนับ ยังไม่ผูกสินค้าในระบบ
A4: ลำดับ | B4: รหัสสินค้า | C4: รายการสินค้า | D4: ประเภทวัสดุ | E4: หน่วยนับ | F4: ปริมาณใช้ปี 2567 | G4: ปริมาณใช้ปี 2568 | H4: ปริมาณใช้ปี 2569 | I4: ปริมาณคงเหลือยกมา | J4: มูลค่าคงเหลือยกมา | K4: ปริมาณที่ของบ | L4: ราคา/หน่วยนับ | M4: มูลค่าที่ของบ | N4: หมายเหตุ | O4: ผลยืนยัน
A5: 1 | C5: เครื่องช่วยฟังแบบทัดหลังหู ระบบดิจิตอล ไม่น้อยกว่า 8 ช่องสัญญาณ (ชนิดปรับแต่งด้วยคอมพิวเตอร์) สำหรับผู้มีประสาทหูเสื่อมระดับปานกลางถึงมาก | D5: โสต ศอ นาสิก ลาริงซ์ | E5: เครื่อง | K5: 25 | L5: 9000 | M5: =IF(OR(K5="",L5=""),"",K5*L5) -> 225000
A6: 2 | C6: เครื่องช่วยฟังแบบทัดหลังหู ระบบดิจิตอล ไม่น้อยกว่า 12 ช่องสัญญาณ (ชนิดปรับแต่งด้วยคอมพิวเตอร์) สำหรับผู้มีประสาทหูเสื่อมระดับปานกลางถึงมาก (ชนิดความถี่สูง) | D6: โสต ศอ นาสิก ลาริงซ์ | E6: เครื่อง | K6: 15 | L6: 12500 | M6: =IF(OR(K6="",L6=""),"",K6*L6) -> 187500
A7: 3 | C7: เครื่องช่วยฟังแบบทัดหลังหู ระบบดิจิตอล ไม่น้อยกว่า 12 ช่องสัญญาณ (ชนิดปรับแต่งด้วยคอมพิวเตอร์) สำหรับผู้มีประสาทหูเสื่อมระดับเล็กน้อยถึงปานกลาง | D7: โสต ศอ นาสิก ลาริงซ์ | E7: เครื่อง | K7: 20 | L7: 12500 | M7: =IF(OR(K7="",L7=""),"",K7*L7) -> 250000
A8: 4 | C8: เครื่องช่วยฟังแบบทัดหลังหู ระบบดิจิตอล ไม่น้อยกว่า 8 ช่องสัญญาณ (ชนิดปรับแต่งด้วยคอมพิวเตอร์) สำหรับผู้มีประสาทหูเสื่อมระดับมากถึงรุนแรง | D8: โสต ศอ นาสิก ลาริงซ์ | E8: เครื่อง | K8: 35 | L8: 9000 | M8: =IF(OR(K8="",L8=""),"",K8*L8) -> 315000
A9: 5 | C9: เครื่องช่วยฟังแบบทัดหลังหู ระบบดิจิตอล ไม่น้อยกว่า 16 ช่องสัญญาณ (ชนิดปรับแต่งด้วยคอมพิวเตอร์) สำหรับผู้สูญเสียการได้ยินระดับมากถึงรุนแรง | D9: โสต ศอ นาสิก ลาริงซ์ | E9: เครื่อง | K9: 12 | L9: 13500 | M9: =IF(OR(K9="",L9=""),"",K9*L9) -> 162000
A10: 6 | C10: เครื่องช่วยฟังแบบทัดหลังหู ระบบดิจิตอล ไม่น้อยกว่า 12 ช่องสัญญาณ (ชนิดปรับแต่งด้วยคอมพิวเตอร์) สำหรับผู้มีประสาทหูเสื่อมระดับปานกลางถึงมาก | D10: โสต ศอ นาสิก ลาริงซ์ | E10: เครื่อง | K10: 20 | L10: 9000 | M10: =IF(OR(K10="",L10=""),"",K10*L10) -> 180000
A11: 7 | C11: เครื่องช่วยฟังแบบทัดหลังหู ระบบดิจิตอล ไม่น้อยกว่า 16 ช่องสัญญาณ (ชนิดปรับแต่งด้วยคอมพิวเตอร์) สำหรับผู้มีประสาทหูเสื่อมระดับปานกลางถึงมาก | D11: โสต ศอ นาสิก ลาริงซ์ | E11: เครื่อง | K11: 15 | L11: 12500 | M11: =IF(OR(K11="",L11=""),"",K11*L11) -> 187500
A12: 8 | C12: เครื่องช่วยฟังแบบทัดหลังหู ระบบดิจิตอล ไม่น้อยกว่า 12 ช่องสัญญาณ (ชนิดปรับแต่งด้วยคอมพิวเตอร์) สำหรับผู้มีประสาทหูเสื่อมระดับรุนแรง | D12: โสต ศอ นาสิก ลาริงซ์ | E12: เครื่อง | K12: 25 | L12: 9000 | M12: =IF(OR(K12="",L12=""),"",K12*L12) -> 225000
A13: รวม | K13: =SUM(K5:K12) -> 167 | M13: =SUM(M5:M12) -> 1732000
A14: รวม 8 รายการ · DBR/2570/0025 · แท็บ ENT · หน่วยงาน หน่วยงานพัสดุ · โมเดล departmental.budget.request.material.detail · ส่งออกจากฐาน VPK-S1 วันที่ 12 ต.ค. 2569 · ต้นทางไฟล์ แบบฟอร์มที่ 3 แผนปีงบประมาณ 2570 หมวดวัสดุ.xlsx

Sheet โสต ศอ นาสิก
A1: โรงพยาบาลวชิระภูเก็ต · คำของบวัสดุ ปี 2570 · แท็บ โสต ศอ นาสิก
A2: เลขที่เอกสาร | C2: DBR/2570/0026 | D2: หน่วยงาน | E2: หน่วยงานพัสดุ | H2: แหล่งเงิน | I2: เงินบำรุง | K2: ปีงบประมาณ | L2: 2570 | N2: สถานะ | O2: ฉบับร่าง
A3: ยอดในระบบ | C3: 1732000 | D3: ผลต่างจากรายการ | E3: =M18-C3 -> 0 | F3: ช่องรหัสสินค้าสีเหลืองกรอกหรือแก้รหัสได้ แท็บยาย้ายรหัสจากหมายเหตุมาไว้ในคอลัมน์นี้ ผลยืนยันเลือก ถูกต้อง / ต้องแก้ไข / ยังไม่ครบ / ข้าม มูลค่าที่ของบคำนวณจากปริมาณที่ของบ × ราคา/หน่วยนับ ยังไม่ผูกสินค้าในระบบ
A4: ลำดับ | B4: รหัสสินค้า | C4: รายการสินค้า | D4: ประเภทวัสดุ | E4: หน่วยนับ | F4: ปริมาณใช้ปี 2567 | G4: ปริมาณใช้ปี 2568 | H4: ปริมาณใช้ปี 2569 | I4: ปริมาณคงเหลือยกมา | J4: มูลค่าคงเหลือยกมา | K4: ปริมาณที่ของบ | L4: ราคา/หน่วยนับ | M4: มูลค่าที่ของบ | N4: หมายเหตุ | O4: ผลยืนยัน
A5: 1 | C5: Alligator Ear forceps ขนาด 6 mm. | D5: โสต ศอ นาสิก ลาริงซ์ | E5: ชิ้น | G5: 5 | K5: 0 | L5: 2500 | M5: =IF(OR(K5="",L5=""),"",K5*L5) -> 0
A6: 2 | C6: Alligator Ear forceps ขนาด 8 mm. | D6: โสต ศอ นาสิก ลาริงซ์ | E6: ชิ้น | G6: 5 | K6: 0 | L6: 2500 | M6: =IF(OR(K6="",L6=""),"",K6*L6) -> 0
A7: 3 | C7: Ear Specula No.4 (500 ชิ้น/กล่อง) | D7: โสต ศอ นาสิก ลาริงซ์ | E7: กล่อง | G7: 1 | K7: 0 | L7: 2125 | M7: =IF(OR(K7="",L7=""),"",K7*L7) -> 0
A8: 4 | C8: Ear Specula No.5 (500 ชิ้น/กล่อง) | D8: โสต ศอ นาสิก ลาริงซ์ | E8: กล่อง | F8: 6 | G8: 1 | K8: 0 | L8: 2125 | M8: =IF(OR(K8="",L8=""),"",K8*L8) -> 0
A9: 5 | C9: เครื่องช่วยฟัง MODEL TARGA P5 | D9: โสต ศอ นาสิก ลาริงซ์ | E9: เครื่อง | F9: 40 | G9: 40 | H9: 26 | K9: 25 | L9: 9000 | M9: =IF(OR(K9="",L9=""),"",K9*L9) -> 225000
A10: 6 | C10: เครื่องช่วยฟัง MODEL TARGA HP5 | D10: โสต ศอ นาสิก ลาริงซ์ | E10: เครื่อง | F10: 40 | G10: 40 | H10: 35 | K10: 35 | L10: 9000 | M10: =IF(OR(K10="",L10=""),"",K10*L10) -> 315000
A11: 7 | C11: เครื่องช่วยฟัง MODEL Mosaic P10 E1 | D11: โสต ศอ นาสิก ลาริงซ์ | E11: เครื่อง | F11: 9 | G11: 15 | H11: 22 | K11: 20 | L11: 12500 | M11: =IF(OR(K11="",L11=""),"",K11*L11) -> 250000
A12: 8 | C12: เครื่องช่วยฟัง MODEL Mosaic M10 E1 | D12: โสต ศอ นาสิก ลาริงซ์ | E12: เครื่อง | F12: 6 | G12: 15 | H12: 21 | K12: 15 | L12: 12500 | M12: =IF(OR(K12="",L12=""),"",K12*L12) -> 187500
A13: 9 | C13: เครื่องช่วยฟัง MODEL SHINE REV +UP | D13: โสต ศอ นาสิก ลาริงซ์ | E13: เครื่อง | F13: 6 | G13: 6 | H13: 4 | K13: 12 | L13: 13500 | M13: =IF(OR(K13="",L13=""),"",K13*L13) -> 162000
A14: 10 | C14: เครื่องช่วยฟัง MODEL XTM P P6 | D14: โสต ศอ นาสิก ลาริงซ์ | E14: เครื่อง | F14: 20 | G14: 17 | H14: 2 | K14: 20 | L14: 9000 | M14: =IF(OR(K14="",L14=""),"",K14*L14) -> 180000
A15: 11 | C15: เครื่องช่วยฟัง MODEL XTM P P8 | D15: โสต ศอ นาสิก ลาริงซ์ | E15: เครื่อง | F15: 9 | G15: 13 | H15: 12 | K15: 15 | L15: 12500 | M15: =IF(OR(K15="",L15=""),"",K15*L15) -> 187500
A16: 12 | C16: เครื่องช่วยฟัง MODEL XTM XP P6 | D16: โสต ศอ นาสิก ลาริงซ์ | E16: เครื่อง | F16: 20 | G16: 24 | H16: 30 | K16: 25 | L16: 9000 | M16: =IF(OR(K16="",L16=""),"",K16*L16) -> 225000
A17: 13 | C17: เหล็กกดลิ้น | D17: โสต ศอ นาสิก ลาริงซ์ | E17: อัน | G17: 50 | K17: 0 | L17: 180 | M17: =IF(OR(K17="",L17=""),"",K17*L17) -> 0
A18: รวม | K18: =SUM(K5:K17) -> 167 | M18: =SUM(M5:M17) -> 1732000
A19: รวม 13 รายการ · DBR/2570/0026 · แท็บ โสต ศอ นาสิก · หน่วยงาน หน่วยงานพัสดุ · โมเดล departmental.budget.request.material.detail · ส่งออกจากฐาน VPK-S1 วันที่ 12 ต.ค. 2569 · ต้นทางไฟล์ แบบฟอร์มที่ 3 แผนปีงบประมาณ 2570 หมวดวัสดุ.xlsx

Sheet ทั่วไป
A1: โรงพยาบาลวชิระภูเก็ต · คำของบวัสดุ ปี 2570 · แท็บ ทั่วไป
A2: เลขที่เอกสาร | C2: DBR/2570/0027 | D2: หน่วยงาน | E2: หน่วยงานพัสดุ | H2: แหล่งเงิน | I2: เงินบำรุง | K2: ปีงบประมาณ | L2: 2570 | N2: สถานะ | O2: ฉบับร่าง
A3: ยอดในระบบ | C3: 48900026 | D3: ผลต่างจากรายการ | E3: =M187-C3 -> 0 | F3: ช่องรหัสสินค้าสีเหลืองกรอกหรือแก้รหัสได้ แท็บยาย้ายรหัสจากหมายเหตุมาไว้ในคอลัมน์นี้ ผลยืนยันเลือก ถูกต้อง / ต้องแก้ไข / ยังไม่ครบ / ข้าม มูลค่าที่ของบคำนวณจากปริมาณที่ของบ × ราคา/หน่วยนับ ยังไม่ผูกสินค้าในระบบ
A4: ลำดับ | B4: รหัสสินค้า | C4: รายการสินค้า | D4: ประเภทวัสดุ | E4: หน่วยนับ | F4: ปริมาณใช้ปี 2567 | G4: ปริมาณใช้ปี 2568 | H4: ปริมาณใช้ปี 2569 | I4: ปริมาณคงเหลือยกมา | J4: มูลค่าคงเหลือยกมา | K4: ปริมาณที่ของบ | L4: ราคา/หน่วยนับ | M4: มูลค่าที่ของบ | N4: หมายเหตุ | O4: ผลยืนยัน
A5: 1 | C5: หมวกตัวหนอนสีเขียว | D5: เวชภัณฑ์ทั่วไป | E5: ห่อ | F5: 1200 | G5: 500 | H5: 1100 | I5: 156 | K5: 1200 | L5: 70 | M5: =IF(OR(K5="",L5=""),"",K5*L5) -> 84000
A6: 2 | C6: Foley Cath 3 Way 16 FR 30 CC. | D6: เวชภัณฑ์ทั่วไป | E6: เส้น | F6: 6 | G6: 20 | H6: 20 | I6: 20 | K6: 10 | L6: 115 | M6: =IF(OR(K6="",L6=""),"",K6*L6) -> 1150 | N6: สายสวนปัสสาวะ ชนิดใช้ระยะยาว ชนิด 3 หาง เบอร์ 16
A7: 3 | C7: Foley Cath 3 Way 18 FR 30 CC. | D7: เวชภัณฑ์ทั่วไป | E7: เส้น | F7: 16 | G7: 10 | H7: 20 | I7: 10 | K7: 10 | L7: 115 | M7: =IF(OR(K7="",L7=""),"",K7*L7) -> 1150 | N7: สายสวนปัสสาวะ ชนิดใช้ระยะยาว ชนิด 3 หาง เบอร์ 18
A8: 4 | C8: Foley Cath 3 Way 20 FR 30 CC. | D8: เวชภัณฑ์ทั่วไป | E8: เส้น | F8: 20 | G8: 10 | H8: 20 | I8: 10 | K8: 10 | L8: 115 | M8: =IF(OR(K8="",L8=""),"",K8*L8) -> 1150 | N8: สายสวนปัสสาวะ ชนิดใช้ระยะยาว ชนิด 3 หาง เบอร์ 20
A9: 5 | C9: Foley Cath 3 Way 22 FR 30 CC. | D9: เวชภัณฑ์ทั่วไป | E9: เส้น | H9: 20 | I9: 20 | K9: 10 | L9: 115 | M9: =IF(OR(K9="",L9=""),"",K9*L9) -> 1150 | N9: สายสวนปัสสาวะ ชนิดใช้ระยะยาว ชนิด 3 หาง เบอร์ 22
A10: 6 | C10: Foley Cath 3 Way 24 FR 30 CC. | D10: เวชภัณฑ์ทั่วไป | E10: เส้น | G10: 20 | H10: 20 | K10: 20 | L10: 115 | M10: =IF(OR(K10="",L10=""),"",K10*L10) -> 2300 | N10: สายสวนปัสสาวะ ชนิดใช้ระยะยาว ชนิด 3 หาง เบอร์ 24
A11: 7 | C11: Foley Catheter No.10 | D11: เวชภัณฑ์ทั่วไป | E11: เส้น | F11: 200 | G11: 200 | H11: 200 | I11: 200 | K11: 200 | L11: 30 | M11: =IF(OR(K11="",L11=""),"",K11*L11) -> 6000 | N11: สายสวนปัสสาวะ ชนิดใช้ระยะยาว ชนิด 2 หาง เบอร์ 10
A12: 8 | C12: Foley Catheter No.12 | D12: เวชภัณฑ์ทั่วไป | E12: เส้น | F12: 200 | G12: 200 | H12: 150 | I12: 60 | K12: 200 | L12: 16 | M12: =IF(OR(K12="",L12=""),"",K12*L12) -> 3200 | N12: สายสวนปัสสาวะ ชนิดใช้ระยะยาว ชนิด 2 หาง เบอร์ 12
A13: 9 | C13: Foley Catheter No.14 | D13: เวชภัณฑ์ทั่วไป | E13: เส้น | F13: 3000 | G13: 3000 | H13: 6000 | I13: 2000 | K13: 6500 | L13: 16 | M13: =IF(OR(K13="",L13=""),"",K13*L13) -> 104000 | N13: สายสวนปัสสาวะ ชนิดใช้ระยะยาว ชนิด 2 หาง เบอร์ 14
A14: 10 | C14: Foley Catheter No.16 | D14: เวชภัณฑ์ทั่วไป | E14: เส้น | F14: 6000 | G14: 6000 | H14: 7500 | I14: 1500 | K14: 8000 | L14: 16 | M14: =IF(OR(K14="",L14=""),"",K14*L14) -> 128000 | N14: สายสวนปัสสาวะ ชนิดใช้ระยะยาว ชนิด 2 หาง เบอร์ 16
A15: 11 | C15: Foley Catheter No.18 | D15: เวชภัณฑ์ทั่วไป | E15: เส้น | F15: 1100 | G15: 1100 | H15: 1200 | I15: 170 | K15: 2000 | L15: 16 | M15: =IF(OR(K15="",L15=""),"",K15*L15) -> 32000 | N15: สายสวนปัสสาวะ ชนิดใช้ระยะยาว ชนิด 2 หาง เบอร์ 18
A16: 12 | C16: Foley Catheter No.20 | D16: เวชภัณฑ์ทั่วไป | E16: เส้น | F16: 200 | G16: 300 | H16: 700 | I16: 390 | K16: 1000 | L16: 16 | M16: =IF(OR(K16="",L16=""),"",K16*L16) -> 16000 | N16: สายสวนปัสสาวะ ชนิดใช้ระยะยาว ชนิด 2 หาง เบอร์ 20
A17: 13 | C17: Foley Catheter No.22 | D17: เวชภัณฑ์ทั่วไป | E17: เส้น | F17: 200 | G17: 200 | H17: 200 | I17: 200 | K17: 500 | L17: 16 | M17: =IF(OR(K17="",L17=""),"",K17*L17) -> 8000 | N17: สายสวนปัสสาวะ ชนิดใช้ระยะยาว ชนิด 2 หาง เบอร์ 22
A18: 14 | C18: Foley Catheter No.24 | D18: เวชภัณฑ์ทั่วไป | E18: เส้น | F18: 400 | G18: 400 | H18: 600 | I18: 520 | K18: 1000 | L18: 30 | M18: =IF(OR(K18="",L18=""),"",K18*L18) -> 30000 | N18: สายสวนปัสสาวะ ชนิดใช้ระยะยาว ชนิด 2 หาง เบอร์ 24
