Workbook

Sheet ปกแผน
B2: โรงพยาบาลวชิระภูเก็ต
B3: แผน UAT นำเข้าข้อมูล ระบบงบประมาณ
B4: ใช้คู่กับวิซาร์ด Import Budget Master · Template มีหลายชีตในไฟล์เดียว
B6: ระบบ | C6: Odoo 18 · โมดูล vpk_budget
B7: รหัสเอกสาร | C7: UAT-IMP-BUD-001
B8: ฐานข้อมูล | C8: VPK-S1 / สำเนา UAT
B9: รอบทดสอบ | C9: UAT นำเข้าข้อมูล ครั้งที่ 1
B10: วันที่เริ่ม
B11: วันที่จบ
B12: ผู้ประสาน
B13: ชุดข้อมูลตัวอย่าง | C13: ปีงบ 2569 · หน่วยงานทดสอบ · เงินบำรุง
B16: เกณฑ์ผ่าน: เคส P1 ผ่านทั้งหมด · ไม่มี Blocker · จำนวนในระบบตรงไฟล์ต้นทาง
A18: ลำดับ | B18: ฝ่าย | C18: ผู้ทดสอบ | D18: ลงชื่อ | E18: วันที่ | F18: ผ่านภาพรวม
A19: 1 | B19: งานงบประมาณ
A20: 2 | B20: หน่วยงาน
A21: 3 | B21: IT
B23: วิธีใช้ 1) กรอกปกนี้ 2) เดินตามชีต “ลำดับนำเข้า” ห้ามข้ามขั้นที่พึ่งพากัน 3) บันทึกผลใน “บันทึกผลเคส” 4) บั๊กใส่ชีต “บั๊ก” เมนู: งบประมาณ → การกำหนดค่า → Import Budget Master บัญชีอบรมงานงบ: uat.budget รหัสผ่าน VpkUat@2569

Sheet ลำดับนำเข้า
A1: ขั้น | B1: ข้อมูลที่นำเข้า | C1: เมนู / วิซาร์ด | D1: ต้องมีก่อน | E1: จุดตรวจหลังนำเข้า
A2: 1 | B2: แหล่งเงิน (FundSource) | C2: งบประมาณ → Import Budget Master | D2: บริษัท / สกุลเงิน THB | E2: มีเงินบำรุง เงินงบประมาณ ตาม code
A3: 2 | B3: กลุ่มงบประมาณ-วัสดุ (BudgetGroup) | C3: ชีต BudgetGroup | D3: แหล่งเงินพร้อม | E3: มีกลุ่มยา เวชภัณฑ์ วัสดุทั่วไป
A4: 3 | B4: ประเภทวัสดุย่อย (MaterialSubType) | C4: ชีต MaterialSubType | D4: BudgetGroup.code ตรง | E4: ประเภทย่อยผูกกลุ่มถูก
A5: 4 | B5: ประเภทงบ (BudgetType) | C5: ชีต BudgetType | D5: section_key ครบ 4 ค่า | E5: วัสดุ / ครุภัณฑ์ / ก่อสร้าง / โครงการ
A6: 5 | B6: ประเภทและกลุ่มครุภัณฑ์ | C6: ชีต AssetType, AssetCategory | D6: BudgetType ครุภัณฑ์มีแล้ว | E6: เลือกได้ตอนตั้งงบครุภัณฑ์
A7: 6 | B7: แบบฟอร์มคำของบ + บรรทัดประเภท | C7: ชีต FormType, FormTypeLine | D7: BudgetType ครบ | E7: เมนูเหลือ 4 แบบฟอร์ม
A8: 7 | B8: หน่วยงานวิเคราะห์ / ศูนย์ต้นทุน | C8: บัญชีวิเคราะห์ (นำเข้าแยกหรือสร้างในระบบ) | D8: แผน Analytic หน่วยงาน | E8: หน่วยงานทดสอบมี code
A9: 8 | B9: หมวดงบ + แผนประจำปี | C9: งบประมาณประจำปี | D9: แหล่งเงิน หน่วยงาน ประเภทงบ | E9: แผนปี 2569 ช่วงวันที่ถูกต้อง และ validate แล้ว
A11: ลำดับชีตในไฟล์: FundSource → BudgetGroup → BudgetType → AssetType → AssetCategory → MaterialSubType → FormType → FormTypeLine จับคู่ด้วย code (MaterialSubType จับคู่ร่วมกลุ่มงบ, FormTypeLine จับคู่ร่วมแบบฟอร์ม)

Sheet รายการข้อมูล
A1: ชีต / โมเดล | B1: ชื่อไทย | C1: คีย์จับคู่ | D1: ฟิลด์สำคัญ | E1: หมายเหตุ
A2: FundSource | B2: แหล่งเงิน | C2: code | D2: code, name, sequence, active | E2: เช่น HOSP_MAINT = เงินบำรุง
A3: BudgetGroup | B3: กลุ่มงบประมาณ-วัสดุ | C3: code | D3: code, name, active | E3: ใช้เฉพาะงบวัสดุ
A4: MaterialSubType | B4: ประเภทวัสดุย่อย | C4: code + กลุ่มงบ | D4: code, name, budget_group_code | E4: ต้องชี้ BudgetGroup ที่มี
A5: BudgetType | B5: ประเภทงบประมาณ | C5: code | D5: code, name, section_key | E5: material / asset / construction / project
A6: AssetType / AssetCategory | B6: ประเภทและกลุ่มครุภัณฑ์ | C6: code | D6: code, name | E6: ใช้กับแบบฟอร์มครุภัณฑ์
A7: FormType | B7: แบบฟอร์มคำของบ | C7: code | D7: code, name, sequence | E7: ต้องเหลือ 4 ใบ
A8: FormTypeLine | B8: ประเภทงบในแบบฟอร์ม | C8: form + budget type | D8: form_type_code, budget_type_code | E8: กำหนดแท็บในใบคำของบ
A9: account.analytic.account | B9: หน่วยงาน / ศูนย์ต้นทุน | C9: code | D9: code, name, plan | E9: ต้องตรงตอนสร้างคำของบและ PR
A10: crossovered.budget | B10: งบประมาณประจำปี | C10: ชื่อแผน + ปี | D10: name, date_from, date_to, state | E10: validate แล้วจึงใช้งบได้
A11: account.budget.post | B11: หมวดงบประมาณ | C11: ชื่อ | D11: name, account_ids | E11: ใช้จับคู่ตอนเช็คงบบน PR

Sheet บันทึกผลเคส
A1: รหัส | B1: ชุด | C1: P | D1: หัวข้อ | E1: ขั้นตอนโดยย่อ | F1: ผลที่ต้องเห็น | G1: ผล | H1: ผู้ทดสอบ | I1: วันที่ | J1: หลักฐาน/หมายเหตุ
A2: A01 | B2: A Template/สิทธิ์ | C2: P1 | D2: ดาวน์โหลด Template | E2: login uat.budget เปิด Import Budget Master กดดาวน์โหลด Template | F2: ได้ไฟล์ xlsx ครบชีต FundSource ถึง FormTypeLine
A3: A02 | B3: A Template/สิทธิ์ | C3: P1 | D3: หัวคอลัมน์จับคู่ได้ | E3: เปิด Template ดูแถวหัว | F3: มีทั้งชื่อไทยและอังกฤษ เช่น code/รหัส name/ชื่อ
A4: A03 | B4: A Template/สิทธิ์ | C4: P1 | D4: หน่วยงานเข้าวิซาร์ดไม่ได้ | E4: login uat.dept พยายามเปิด Import Budget Master | F4: เข้าไม่ได้ ตามสิทธิ์งานงบ
A5: A04 | B5: A Template/สิทธิ์ | C5: P2 | D5: ตัวอย่างใน Template อ่านรู้เรื่อง | E5: ดูแถวตัวอย่างเงินบำรุง / กลุ่มยา | F5: มีตัวอย่างครบทุกชีต
A6: B01 | B6: B นำเข้าผ่าน | C6: P1 | D6: นำเข้าแหล่งเงิน | E6: กรอก FundSource อย่างน้อย 2 แหล่ง แล้ว Import | F6: สร้างสำเร็จ จำนวนตรงไฟล์ error = 0
A7: B02 | B7: B นำเข้าผ่าน | C7: P1 | D7: นำเข้ากลุ่มวัสดุและประเภทย่อย | E7: BudgetGroup + MaterialSubType ที่ชี้กลุ่มถูก | F7: ประเภทย่อยอยู่กลุ่มที่ถูกต้อง
A8: B03 | B8: B นำเข้าผ่าน | C8: P1 | D8: นำเข้าประเภทงบ 4 กลุ่ม | E8: BudgetType พร้อม section_key ครบ | F8: เลือกได้ครบตอนสร้างคำของบ
A9: B04 | B9: B นำเข้าผ่าน | C9: P1 | D9: นำเข้าครุภัณฑ์ master | E9: AssetType + AssetCategory | F9: ปรากฏในแบบฟอร์มครุภัณฑ์
A10: B05 | B10: B นำเข้าผ่าน | C10: P1 | D10: นำเข้าแบบฟอร์ม 4 ใบ | E10: FormType 4 ใบ และ FormTypeLine | F10: เมนูคำของบเหลือ 4 แบบฟอร์มตามชื่อที่กำหนด
A11: B06 | B11: B นำเข้าผ่าน | C11: P1 | D11: สรุปจำนวนหลัง Import | E11: ดู created / updated / skipped / error | F11: error = 0 และจำนวนตรงแถวที่มีข้อมูล
A12: C01 | B12: C กติกา | C12: P1 | D12: รหัสแหล่งเงินซ้ำ | E12: ใส่ FundSource code ซ้ำ แล้ว Import โหมดอัปเดต | F12: ไม่สร้างสองรายการ แถวหลังอัปเดตหรือข้าม
A13: C02 | B13: C กติกา | C13: P1 | D13: ประเภทย่อยชี้กลุ่มที่ไม่มี | E13: budget_group_code ไม่มีในระบบ | F13: error แถวนั้น แถวอื่นยังเข้าได้
... A24: E04 | B24: E อัปเดต/แผนปี | C24: P2 | D24: เก็บ log เป็นหลักฐาน | E24: คัดลอก log จากวิซาร์ด | F24: มีวันที่ จำนวนสร้าง/อัปเดต และชื่อไฟล์ต้นทาง

Sheet บั๊ก
A1: รหัสบั๊ก | B1: เคสที่พบ | C1: ระดับ | D1: สรุปปัญหา | E1: ขั้นตอนที่เกิด | F1: ผลที่คาด | G1: ผลที่เกิดจริง | H1: ผู้พบ | I1: วันที่ | J1: สถานะแก้
A2: BUG-01
A3: BUG-02
A4: BUG-03
A5: BUG-04
A6: BUG-05
A7: BUG-06
A8: BUG-07
A9: BUG-08
A10: BUG-09
A11: BUG-10
A12: BUG-11
A13: BUG-12
... A20: BUG-19

Sheet สรุป
B2: สรุปผลการนำเข้าข้อมูลระบบงบประมาณ
B4: ชุด | C4: ทั้งหมด | D4: ผ่าน | E4: ไม่ผ่าน | F4: ข้าม | G4: ยังไม่ทำ | H4: % ผ่าน P1
A5: 1 | B5: A Template / สิทธิ์ | C5: =COUNTIF('บันทึกผลเคส'!A:A,"A*") | D5: =COUNTIFS('บันทึกผลเคส'!A:A,"A*",'บันทึกผลเคส'!G:G,"ผ่าน") | E5: =COUNTIFS('บันทึกผลเคส'!A:A,"A*",'บันทึกผลเคส'!G:G,"ไม่ผ่าน") | F5: =COUNTIFS('บันทึกผลเคส'!A:A,"A*",'บันทึกผลเคส'!G:G,"ข้าม") | G5: =C5-D5-E5-F5 | H5: =IFERROR(COUNTIFS('บันทึกผลเคส'!A:A,"A*",'บันทึกผลเคส'!C:C,"P1",'บันทึกผลเคส'!G:G,"ผ่าน")/COUNTIFS('บันทึกผลเคส'!A:A,"A*",'บันทึกผลเคส'!C:C,"P1"),0)
A6: 2 | B6: B นำเข้าผ่าน | C6: =COUNTIF('บันทึกผลเคส'!A:A,"B*") | D6: =COUNTIFS('บันทึกผลเคส'!A:A,"B*",'บันทึกผลเคส'!G:G,"ผ่าน") | E6: =COUNTIFS('บันทึกผลเคส'!A:A,"B*",'บันทึกผลเคส'!G:G,"ไม่ผ่าน") | F6: =COUNTIFS('บันทึกผลเคส'!A:A,"B*",'บันทึกผลเคส'!G:G,"ข้าม") | G6: =C6-D6-E6-F6 | H6: =IFERROR(COUNTIFS('บันทึกผลเคส'!A:A,"B*",'บันทึกผลเคส'!C:C,"P1",'บันทึกผลเคส'!G:G,"ผ่าน")/COUNTIFS('บันทึกผลเคส'!A:A,"B*",'บันทึกผลเคส'!C:C,"P1"),0)
A7: 3 | B7: C กติกา | C7: =COUNTIF('บันทึกผลเคส'!A:A,"C*") | D7: =COUNTIFS('บันทึกผลเคส'!A:A,"C*",'บันทึกผลเคส'!G:G,"ผ่าน") | E7: =COUNTIFS('บันทึกผลเคส'!A:A,"C*",'บันทึกผลเคส'!G:G,"ไม่ผ่าน") | F7: =COUNTIFS('บันทึกผลเคส'!A:A,"C*",'บันทึกผลเคส'!G:G,"ข้าม") | G7: =C7-D7-E7-F7 | H7: =IFERROR(COUNTIFS('บันทึกผลเคส'!A:A,"C*",'บันทึกผลเคส'!C:C,"P1",'บันทึกผลเคส'!G:G,"ผ่าน")/COUNTIFS('บันทึกผลเคส'!A:A,"C*",'บันทึกผลเคส'!C:C,"P1"),0)
A8: 4 | B8: D ตรวจหน้าจอ | C8: =COUNTIF('บันทึกผลเคส'!A:A,"D*") | D8: =COUNTIFS('บันทึกผลเคส'!A:A,"D*",'บันทึกผลเคส'!G:G,"ผ่าน") | E8: =COUNTIFS('บันทึกผลเคส'!A:A,"D*",'บันทึกผลเคส'!G:G,"ไม่ผ่าน") | F8: =COUNTIFS('บันทึกผลเคส'!A:A,"D*",'บันทึกผลเคส'!G:G,"ข้าม") | G8: =C8-D8-E8-F8 | H8: =IFERROR(COUNTIFS('บันทึกผลเคส'!A:A,"D*",'บันทึกผลเคส'!C:C,"P1",'บันทึกผลเคส'!G:G,"ผ่าน")/COUNTIFS('บันทึกผลเคส'!A:A,"D*",'บันทึกผลเคส'!C:C,"P1"),0)
A9: 5 | B9: E อัปเดต / แผนปี | C9: =COUNTIF('บันทึกผลเคส'!A:A,"E*") | D9: =COUNTIFS('บันทึกผลเคส'!A:A,"E*",'บันทึกผลเคส'!G:G,"ผ่าน") | E9: =COUNTIFS('บันทึกผลเคส'!A:A,"E*",'บันทึกผลเคส'!G:G,"ไม่ผ่าน") | F9: =COUNTIFS('บันทึกผลเคส'!A:A,"E*",'บันทึกผลเคส'!G:G,"ข้าม") | G9: =C9-D9-E9-F9 | H9: =IFERROR(COUNTIFS('บันทึกผลเคส'!A:A,"E*",'บันทึกผลเคส'!C:C,"P1",'บันทึกผลเคส'!G:G,"ผ่าน")/COUNTIFS('บันทึกผลเคส'!A:A,"E*",'บันทึกผลเคส'!C:C,"P1"),0)
B11: รวมทุกชุด | C11: =SUM(C5:C9) | D11: =SUM(D5:D9) | E11: =SUM(E5:E9) | F11: =SUM(F5:F9) | G11: =SUM(G5:G9) | H11: =IFERROR(COUNTIFS('บันทึกผลเคส'!C:C,"P1",'บันทึกผลเคส'!G:G,"ผ่าน")/COUNTIF('บันทึกผลเคส'!C:C,"P1"),0)
B14: ตัดสินใจ: ผ่าน UAT นำเข้าและไป Go-Live ได้ / ผ่านแบบมีเงื่อนไข / ต้องทดสอบซ้ำ จำนวนต้นทาง vs ในระบบ: ................................................................. เงื่อนไขที่ค้าง: ................................................................. ลงนามผู้ประสาน: .................................... วันที่: ................
