Workbook

Sheet แผนรายรับ-รายจ่ายเงินบำรุง 1ปี
A1: สำนักงานสาธารณสุขจังหวัด...ภูเก็ต.....
A2: โรงพยาบาล..วชิระภูเก็ต............
A3: แผนรายรับ - รายจ่ายเงินนอกงบประมาณ (เงินบำรุง) ปีงบประมาณ 2567 : ครึ่งปีหลัง
L4: หน่วย : บาท | P4: หน่วย : บาท
B5: รายการ | F5: ข้อมูลย้อนหลัง 3 ปีงบประมาณ | I5: แผนปี 2567 (เดิม) | J5: รายรับจริง ณ 31 มี.ค.67 | K5: คิดเป็น % | L5: แผนปีงบ 67 ครึ่งปีหลัง | M5: เปรียบเทียบ แผน | N5: ส่วนต่าง (บาท) | O5: ผลดำเนินงาน ไตรมาส 1 (ตค.-ธค.66) | P5: คิดเป็น%
F6: 2564 | G6: 2565 | H6: 2566
B7: รายรับ
C8: รายรับจากการดำเนินงาน
E9: รายรับค่ารักษาพยาบาลสำหรับโครงการสุขภาพถ้วนหน้า UC | F9: 5.3048621e+08 | G9: 7.0859462e+08 | H9: =256205985.2+147863308.35+108660563.33 -> 5.1272986e+08 | I9: =250000000+155000000 -> 405000000 | J9: =150133838.1+113286366.95+3886925.15 -> 2.6730713e+08 | K9: =+J9/I9*100 -> 66.001761 | L9: =+ประมาณการรายรับ!P12+ประมาณการรายรับ!P13 -> 1.5267757e+08 | M9: =+(L9-I9)/I9*100 -> -62.301835 | N9: =+L9-I9 -> -2.5232243e+08 | O9: =82032759.91+75105825.64 -> 1.5713859e+08 | P9: =+O9/I9*100 -> 38.799651
E10: รายรับค่ารักษาพยาบาลสำหรับโครงการสุขภาพถ้วนหน้า UC งบลงทุน | F10: 19207318 | G10: 19448683 | H10: 17480288 | I10: 17000000 | J10: 0 | K10: =+J10/I10*100 -> 0 | L10: =+ประมาณการรายรับ!P18 -> 0 | M10: =+(L10-I10)/I10*100 -> -100 | N10: =+L10-I10 -> -17000000 | O10: 0 | P10: =+O10/I10*100 -> 0
E11: รายรับจากระบบปฏิบัติการฉุกเฉิน (EMS) | F11: 1538817.1 | G11: 1644850 | H11: 1081750 | I11: 1500000 | J11: 1060291.5 | K11: =+J11/I11*100 -> 70.6861 | L11: =+ประมาณการรายรับ!P9 -> 0 | M11: =+(L11-I11)/I11*100 -> -100 | N11: =+L11-I11 -> -1500000 | O11: 9754 | P11: =+O11/I11*100 -> 0.65026667
E12: รายรับค่ารักษาพยาบาลเบิกจ่ายตรงกรมบัญชีกลาง | F12: 3.1720271e+08 | G12: 3.5807166e+08 | H12: 3.357539e+08 | I12: 370000000 | J12: 1.8467863e+08 | K12: =+J12/I12*100 -> 49.913143 | L12: =+ประมาณการรายรับ!P5 -> 1.0131855e+08 | M12: =+(L12-I12)/I12*100 -> -72.616608 | N12: =+L12-I12 -> -2.6868145e+08 | O12: 91062438 | P12: =+O12/I12*100 -> 24.61147
E13: รายรับค่ารักษาพยาบาลผู้ป่วยเบิกต้นสังกัด | F13: 80308337 | G13: 1.9906833e+08 | H13: 1.133913e+08 | I13: 140000000 | J13: 59921807 | K13: =+J13/I13*100 -> 42.801291 | L13: =+ประมาณการรายรับ!P6 -> 30508548 | M13: =+(L13-I13)/I13*100 -> -78.20818 | N13: =+L13-I13 -> -1.0949145e+08 | O13: 28464879 | P13: =+O13/I13*100 -> 20.332057
E14: รายรับค่ารักษาพยาบาลเบิกจาก อปท. | F14: 33520000 | G14: 34138823 | H14: 33388979 | I14: 40000000 | J14: 34162534 | K14: =+J14/I14*100 -> 85.406335 | L14: =+ประมาณการรายรับ!P8 -> 49241186 | M14: =+(L14-I14)/I14*100 -> 23.102964 | N14: =+L14-I14 -> 9241185.8 | O14: 33589841 | P14: =+O14/I14*100 -> 83.974602
E15: รายรับค่ารักษาพยาบาลจากกองทุนประกันสังคม | F15: 3.1977734e+08 | G15: 4.2407996e+08 | H15: =294588801.48+8298890.2 -> 3.0288769e+08 | I15: 340000000 | J15: 2.0541363e+08 | K15: =+J15/I15*100 -> 60.415773 | L15: =+ประมาณการรายรับ!P14 -> 89799429 | M15: =+(L15-I15)/I15*100 -> -73.588403 | N15: =+L15-I15 -> -2.5020057e+08 | O15: 1.1021905e+08 | P15: =+O15/I15*100 -> 32.417369
E16: รายรับค่ารักษาพยาบาลแรงงานต่างด้าว | F16: 52237457 | G16: 59446164 | H16: 53074741 | I16: 63000000 | J16: 32355625 | K16: =+J16/I16*100 -> 51.358135 | L16: =+ประมาณการรายรับ!P16 -> 17533965 | M16: =+(L16-I16)/I16*100 -> -72.16831 | N16: =+L16-I16 -> -45466035 | O16: 15213105 | P16: =+O16/I16*100 -> 24.147786
E17: รายรับค่ารักษาพยาบาลและการบริการอื่น | F17: 3.0661796e+08 | G17: 3.9388351e+08 | H17: =1774113364.95+152985171.02-(H9+H10+H11+H12+H13+H14+H15+H16)-H21-H22-H23 -> 4.9665033e+08 | I17: =1969000000-(I9+I10+I11+I12+I13+I14+I15+I16)-I21-I22-I23 -> 491000000 | J17: =1615290+215736235.03+20157485.24 -> 2.3750901e+08 | K17: =+J17/I17*100 -> 48.372507 | L17: =+ประมาณการรายรับ!P10+ประมาณการรายรับ!P11+ประมาณการรายรับ!P15 -> 1.3139386e+08 | M17: =+(L17-I17)/I17*100 -> -73.23954 | N17: =+L17-I17 -> -3.5960614e+08 | O17: =104712808.69+9364522.61+764700 -> 1.1484203e+08 | P17: =+O17/I17*100 -> 23.389416
C18: รายรับอื่น
E19: รายรับเงินช่วยเหลือ | F19: 0 | G19: 0 | H19: 0 | I19: 0 | J19: 0 | L19: 0
E20: รายรับเงินอุดหนุน | F20: 0 | G20: 0 | H20: 0 | I20: 0 | J20: 0 | L20: 0
E21: รายรับจากการบริจาค | F21: 24490529 | G21: 23281929 | H21: 39570974 | I21: 80000000 | J21: 33693691 | K21: =+J21/I21*100 -> 42.117114 | L21: =+ประมาณการรายรับ!P20 -> 99899938 | M21: =+(L21-I21)/I21*100 -> 24.874923 | N21: =+L21-I21 -> 19899938 | O21: 20382897 | P21: =+O21/I21*100 -> 25.478621
E22: รายรับดอกเบี้ยเงินฝากธนาคาร | F22: 365997.15 | G22: 706946.53 | H22: 2022594.5 | I22: 1500000 | J22: 1426104.8 | K22: =+J22/I22*100 -> 95.073651 | L22: =+ประมาณการรายรับ!P17 -> 1097158 | M22: =+(L22-I22)/I22*100 -> -26.856136 | N22: =+L22-I22 -> -402842.04 | O22: 1240872.2 | P22: =+O22/I22*100 -> 82.724813
E23: รายรับอื่น | F23: =20906672.21-732637 -> 20174035 | G23: 19066650 | H23: 19066136 | I23: 20000000 | J23: 10961292 | K23: =+J23/I23*100 -> 54.806459 | L23: =+ประมาณการรายรับ!P19 -> 10121037 | M23: =+(L23-I23)/I23*100 -> -49.394814 | N23: =+L23-I23 -> -9878962.8 | O23: 4684540.2 | P23: =+O23/I23*100 -> 23.422701
E24: รวมรายรับ | F24: =SUM(F9:F23) -> 1.7059267e+09 | G24: =SUM(G9:G23) -> 2.2414321e+09 | H24: =SUM(H9:H23) -> 1.9270985e+09 | I24: =SUM(I9:I23) -> 1969000000 | J24: =SUM(J9:J23) -> 1.0684897e+09 | K24: =+J24/I24*100 -> 54.265604 | L24: =SUM(L9:L23) -> 6.8359124e+08 | M24: =+(L24-I24)/I24*100 -> -65.282314 | O24: =SUM(O9:O23) -> 5.76848e+08 | P24: =+O24/I24*100 -> 29.296496
B25: รายจ่าย
C26: รายจ่ายบุคลากร
E27: ค่าจ้างลูกจ้างชั่วคราว / พนักงานกระทรวง | F27: 1.8053383e+08 | G27: 1.8820402e+08 | H27: 1.8846488e+08 | I27: 195000000 | J27: 94467539 | K27: =+J27/I27*100 -> 48.444892 | L27: =+รายละเอียดรายจ่าย!Y5 -> 205000000 | M27: =+(L27-I27)/I27*100 -> 5.1282051 | N27: =+L27-I27 -> 10000000 | O27: 47953471 | P27: =+O27/I27*100 -> 24.591524
E28: ค่าล่วงเวลางานบริการ / งานสนับสนุน | F28: 0 | G28: 0 | H28: 0 | I28: 0 | J28: 0 | L28: 0 | N28: =+L28-I28 -> 0 | P28: 0
E29: ค่าตอบแทนการปฏิบัติงานเวรผลัดบ่ายหรือผลัดดึกของเจ้าหน้าที่ | F29: 31484140 | G29: 30139045 | H29: 26605920 | I29: 30000000 | J29: 29945470 | K29: =+J29/I29*100 -> 99.818233 | L29: 40000000 | M29: =+(L29-I29)/I29*100 -> 33.333333 | N29: =+L29-I29 -> 10000000 | O29: 17331340 | P29: =+O29/I29*100 -> 57.771133
E30: ค่าตอบแทนเงินเพิ่มพิเศษไม่ทำเวชปฏิบัติส่วนตัว หรือปฏิบัติงาน รพ.เอกชน | F30: 1167600 | G30: 10385000 | H30: 10495200 | I30: 10960000 | J30: 5346600 | K30: =+J30/I30*100 -> 48.782847 | L30: =+รายละเอียดรายจ่าย!Y130 -> 11136000 | M30: =+(L30-I30)/I30*100 -> 1.6058394 | N30: =+L30-I30 -> 176000 | O30: 2687000 | P30: =+O30/I30*100 -> 24.516423
E31: ค่าตอบแทนเบี้ยเลี้ยงเหมาจ่าย (ฉ.11) | F31: 0 | G31: 0 | H31: 0 | I31: 0 | J31: 0 | L31: 0 | N31: =+L31-I31 -> 0 | P31: 0
E32: ค่าตอบแทนตามผลการปฏิบัติงาน (ฉ.12) | F32: 10193251 | G32: 5202971 | H32: 8605551 | I32: 41200000 | J32: 17747007 | K32: =+J32/I32*100 -> 43.07526 | L32: =+รายละเอียดรายจ่าย!Y10 -> 41200000 | M32: =+(L32-I32)/I32*100 -> 0 | N32: =+L32-I32 -> 0 | O32: 17747007 | P32: =+O32/I32*100 -> 43.07526
E33: เงินเพิ่ม (พ.ต.ส) | F33: 0 | G33: 0 | H33: 225000 | I33: 300000 | J33: 0 | K33: =+J33/I33*100 -> 0 | L33: =+รายละเอียดรายจ่าย!Y13 -> 300000 | M33: =+(L33-I33)/I33*100 -> 0 | N33: =+L33-I33 -> 0 | O33: 0 | P33: =+O33/I33*100 -> 0
E34: ค่าตอบแทนเจ้าหน้าที่ปฏิบัติงานของเจ้าหน้าที่ (นอกเวลา) ฉ5 | F34: 2.7830997e+08 | G34: =340999774.4-G29-G30 -> 3.0047573e+08 | H34: =367202135.79+10495200-H29-H30 -> 3.4059622e+08 | I34: =432000000+10960000-I29-I30 -> 402000000 | J34: =216192538.77-J29 -> 1.8624707e+08 | K34: =+J34/I34*100 -> 46.330117 | L34: =432000000-L29 -> 392000000 | M34: =+(L34-I34)/I34*100 -> -2.4875622 | N34: =+L34-I34 -> -10000000 | O34: =107757770.55-O29 -> 90426431 | P34: =+O34/I34*100 -> 22.494137
E35: ค่าตอบแทนเจ้าหน้าที่ปฏิบัติงานในคลินิกพิเศษเฉพาะทางนอกเวลาราชการ (SMC)
E36: ค่าตอบแทนอื่น | F36: 709725 | G36: =868400+299500+618600+9852500 -> 11639000 | H36: =555000+295380+1278500 -> 2128880 | I36: =550000+300000+1250000+100000 -> 2200000 | J36: =255000+105500+1035900 -> 1396400 | K36: =+J36/I36*100 -> 63.472727 | L36: =+รายละเอียดรายจ่าย!Y8+รายละเอียดรายจ่าย!Y11+รายละเอียดรายจ่าย!Y12+รายละเอียดรายจ่าย!Y15 -> 2200000 | M36: =+(L36-I36)/I36*100 -> 0 | N36: =+L36-I36 -> 0 | O36: =130000+586800+46400 -> 763200 | P36: =+O36/I36*100 -> 34.690909
E37: เงินค่าใช้จ่ายบุคลากรอื่น | F37: 88500 | G37: 223200 | H37: =189000+247200 -> 436200 | I37: =200000+300000 -> 500000 | J37: 66300 | K37: =+J37/I37*100 -> 13.26 | L37: =+รายละเอียดรายจ่าย!Y9+รายละเอียดรายจ่าย!Y16 -> 500000 | M37: =+(L37-I37)/I37*100 -> 0 | N37: =+L37-I37 -> 0 | O37: 46200 | P37: =+O37/I37*100 -> 9.24
C38: รายจ่ายจากการดำเนินงาน
E39: ค่ายา | F39: 3.8156834e+08 | G39: 4.0278395e+08 | H39: 4.2364677e+08 | I39: =410000000+12000000 -> 422000000 | J39: 2.2344687e+08 | K39: =+J39/I39*100 -> 52.949496 | L39: =+รายละเอียดรายจ่าย!Y155 -> 480000000 | M39: =+(L39-I39)/I39*100 -> 13.744076 | N39: =+L39-I39 -> 58000000 | O39: 1.1382866e+08 | P39: =+O39/I39*100 -> 26.973616
E40: ค่าเวชภัณฑ์มิใช่ยา
E41: ค่าวัสดุการแพทย์ | F41: 2.833833e+08 | G41: 2.6917187e+08 | H41: 2.9458271e+08 | I41: 278600000 | J41: 1.8461542e+08 | K41: =+J41/I41*100 -> 66.265407 | L41: =+รายละเอียดรายจ่าย!Y163 -> 332850000 | M41: =+(L41-I41)/I41*100 -> 19.472362 | N41: =+L41-I41 -> 54250000 | O41: 88895304 | P41: =+O41/I41*100 -> 31.907862
E42: ค่าวัสดุวิทยาศาสตร์การแพทย์ | F42: 1.1359803e+08 | G42: 1.7351785e+08 | H42: 1.0830269e+08 | I42: =1500000+29000000+2500000+2000000+62000000+3600000 -> 100600000 | J42: 51084516 | K42: =+J42/I42*100 -> 50.779837 | L42: =+รายละเอียดรายจ่าย!Y147 -> 115000000 | M42: =+(L42-I42)/I42*100 -> 14.314115 | N42: =+L42-I42 -> 14400000 | O42: 22290949 | P42: =+O42/I42*100 -> 22.158001
E43: ค่าวัสดุเภสัช | F43: 4624692.6 | G43: 5063862.5 | H43: 4860582.4 | I43: 5000000 | J43: 4374958.9 | K43: =+J43/I43*100 -> 87.499178 | L43: =+รายละเอียดรายจ่าย!Y157 -> 8000000 | M43: =+(L43-I43)/I43*100 -> 60 | N43: =+L43-I43 -> 3000000 | O43: 1699498 | P43: =+O43/I43*100 -> 33.989961
E44: ค่าวัสดุทันตกรรม | F44: 8920065.1 | G44: 7202711.9 | H44: 10163307 | I44: 10000000 | J44: 5630163.3 | K44: =+J44/I44*100 -> 56.301633 | L44: =+รายละเอียดรายจ่าย!Y158 -> 10000000 | M44: =+(L44-I44)/I44*100 -> 0 | N44: =+L44-I44 -> 0 | O44: 1906294.6 | P44: =+O44/I44*100 -> 19.062946
E45: ค่าวัสดุเอ็กซเรย์ | F45: 12301882 | G45: 2353159.4 | H45: 4427235.5 | I45: 14000000 | J45: 6825150 | K45: =+J45/I45*100 -> 48.751071 | L45: =+รายละเอียดรายจ่าย!Y159 -> 30000000 | M45: =+(L45-I45)/I45*100 -> 114.28571 | N45: =+L45-I45 -> 16000000 | O45: 3163628 | P45: =+O45/I45*100 -> 22.597343
E46: ค่าวัสดุ | F46: 52239804 | G46: 52142382 | H46: =904032336.97-H41-H42-H43-H44-H45-H39 -> 58049037 | I46: =891600000-I41-I42-I43-I44-I45-I39 -> 61400000 | J46: =508399313.78-J39-J41-J42-J43-J44-J45 -> 32422228 | K46: =+J46/I46*100 -> 52.804931 | L46: =+รายละเอียดรายจ่าย!Y135-L39-L41-L42-L43-L44-L45 -> 74130000 | M46: =+(L46-I46)/I46*100 -> 20.732899 | N46: =+L46-I46 -> 12730000 | O46: 12888115 | P46: =+O46/I46*100 -> 20.990415
E47: ค่าสาธารณูปโภค | F47: 46273599 | G47: 57251975 | H47: 64033302 | I47: 63200000 | J47: 28765949 | K47: =+J47/I47*100 -> 45.515743 | L47: =+รายละเอียดรายจ่าย!Y125 -> 70000000 | M47: =+(L47-I47)/I47*100 -> 10.759494 | N47: =+L47-I47 -> 6800000 | O47: 14127010 | P47: =+O47/I47*100 -> 22.352864
E48: ค่าใช้สอย | F48: 1.4338496e+08 | G48: 2.3060799e+08 | H48: 1.7022475e+08 | I48: 182776000 | J48: 1.1262205e+08 | K48: =+J48/I48*100 -> 61.617527 | L48: =+รายละเอียดรายจ่าย!#REF! -> #REF! | M48: =+(L48-I48)/I48*100 -> #REF! | N48: =+L48-I48 -> #REF! | O48: 64208415 | P48: =+O48/I48*100 -> 35.129566
E49: ค่าใช้จ่ายดำเนินงานอื่น | F49: 0 | G49: 0 | H49: 0 | I49: 0 | J49: 0 | K49: 0 | L49: 0 | M49: 0 | N49: =+L49-I49 -> 0
C50: รายจ่ายลงทุน
E51: ค่าครุภัณฑ์
E52: ค่าครุภัณฑ์งบค่าเสื่อม | F52: 19207318 | G52: 18299059 | H52: 16655750 | I52: 17000000 | J52: 0 | L52: =+รายละเอียดรายจ่าย!Y193 -> 16000000 | M52: =+(L52-I52)/I52*100 -> -5.8823529 | N52: =+L52-I52 -> -1000000 | O52: 0 | P52: =+O52/I52*100 -> 0
E53: ค่าครุภัณฑ์เงินบริจาค | F53: 22086315 | G53: 9966511.5 | H53: =62031461.74-H52 -> 45375712 | I53: 0 | J53: 0 | L53: =+รายละเอียดรายจ่าย!#REF! -> #REF! | N53: =+L53-I53 -> #REF!
E54: ค่าครุภัณฑ์งินบำรุง | F54: 31693585 | G54: =50941596.51-G52 -> 32642537 | I54: =125588976.2-I52 -> 1.0858898e+08 | J54: 24892106 | K54: =+J54/I54*100 -> 22.923235 | L54: =+รายละเอียดรายจ่าย!Y178-L52-L53 -> #REF! | M54: =+(L54-I54)/I54*100 -> #REF! | N54: =+L54-I54 -> #REF! | O54: 15572407 | P54: =+O54/I54*100 -> 14.340688
E55: ค่าที่ดินและสิ่งก่อสร้าง
E56: ค่าที่ดินและสิ่งก่อสร้างงบค่าเสื่อม | F56: 0 | G56: 0 | H56: 0 | I56: 0 | J56: 0 | L56: 0 | N56: =+L56-I56 -> 0
E57: ค่าที่ดินและสิ่งก่อสร้างเงินบริจาค | F57: 0 | G57: 0 | H57: 0 | I57: 0 | J57: 0 | L57: =+รายละเอียดรายจ่าย!Y197 -> 24000000 | N57: =+L57-I57 -> 24000000
E58: ค่าที่ดินและสิ่งก่อสร้างเงินบำรุง | F58: 0 | G58: 13265578 | H58: 0 | I58: 1.1248044e+08 | J58: 0 | L58: =+รายละเอียดรายจ่าย!Y196 -> 2.2602691e+08 | M58: =+(L58-I58)/I58*100 -> 100.94774 | N58: =+L58-I58 -> 1.1354647e+08 | O58: 0 | P58: =+O58/I58*100 -> 0
C59: รายจ่ายอื่น
D60: รายจ่ายสนับสนุน รพ.สต. รพช. รพท. รพศ. สสอ. สสจ. | F60: =8164178.01+2129000 -> 10293178 | G60: =8208166.77+64500 -> 8272666.8 | H60: =127930+1102457.67+1099806.51+4230700 -> 6560894.2 | I60: =600000+2000000 -> 2600000 | J60: 87000 | K60: =+J60/I60*100 -> 3.3461538 | L60: =+รายละเอียดรายจ่าย!Y203+รายละเอียดรายจ่าย!#REF! -> #REF! | M60: =+(L60-I60)/I60*100 -> #REF! | N60: =+L60-I60 -> #REF! | O60: 0
D61: รายจ่ายอื่นๆ | F61: =18494540.71-F60 -> 8201362.7 | G61: =13567272.48-G60 -> 5294605.7 | H61: =12299449.89-H60+4357500 -> 10096056 | I61: =8000000-I60 -> 5400000 | J61: =10722949.75-J60 -> 10635950 | K61: =+J61/I61*100 -> 196.96203 | L61: =+รายละเอียดรายจ่าย!#REF!+รายละเอียดรายจ่าย!#REF!+รายละเอียดรายจ่าย!#REF! -> #REF! | M61: =+(L61-I61)/I61*100 -> #REF! | N61: =+L61-I61 -> #REF! | O61: 3757346.8 | P61: =+O61/I61*100 -> 69.580495
C62: งบกลาง (ไม่เกินร้อยละ 2-3.5 ของประมาณการรายจ่าย) | I62: 10000000 | J62: 0 | K62: =+J62/I62*100 -> 0 | L62: =+รายละเอียดรายจ่าย!Y224 -> 10000000 | M62: =+(L62-I62)/I62*100 -> 0 | N62: =+L62-I62 -> 0 | O62: 0 | P62: =+O62/I62*100 -> 0
E63: รวมรายจ่าย | F63: =SUM(F27:F62) -> 1.6402635e+09 | G63: =SUM(G27:G62) -> 1.8341057e+09 | H63: =SUM(H27:H62) -> 1.7945367e+09 | I63: =SUM(I27:I62) -> 2.0758054e+09 | J63: =SUM(J27:J62) -> 1.0206188e+09 | K63: =+J63/I63*100 -> 49.167362 | L63: =SUM(L25:L62) -> #REF! | M63: =+(L63-I63)/I63*100 -> #REF! | O63: =SUM(O27:O62) -> 5.1929228e+08 | P63: =+O63/I63*100 -> 25.016424
E64: รายรับสูง(ต่ำกว่า)รายจ่ายสุทธิ | F64: =F24-F63 -> 65663260 | G64: =G24-G63 -> 4.0732645e+08 | H64: =H24-H63 -> 1.3256188e+08 | I64: =I24-I63 -> -1.0680542e+08 | L64: =L24-L63 -> #REF! | O64: =+O24-O63 -> 57555722 | P64: =+P24-P63 -> 4.280072
E65: บวกเงินคงเหลือสะสมยกมา | F65: 1.3624865e+08 | G65: 2.0110573e+08 | H65: =+G66 -> 6.0843218e+08 | I65: =+H66 -> 7.4099406e+08 | L65: =+I66 -> 6.3418864e+08 | O65: =+I66 -> 6.3418864e+08 | P65: =+O65/I65*100 -> 85.586198
E66: เงินคงเหลือทั้งสิ้น(1) | F66: =+F64+F65 -> 2.0191191e+08 | G66: =+G64+G65 -> 6.0843218e+08 | H66: =+H64+H65 -> 7.4099406e+08 | I66: =+I64+I65 -> 6.3418864e+08 | L66: =+L64+L65 -> #REF! | O66: =+O64+O65 -> 6.9174436e+08 | P66: =+P64+P65 -> 89.86627
E67: หักเงินกองทุนรอการจัดสรร(4) | F67: 58045278 | G67: 56325869 | H67: 85488667 | I67: =+รายได้รอการจัดสรร!#REF! -> #REF! | L67: =+I67 -> #REF! | O67: =76296849.02 -> 76296849
E68: หักภาระผูกพัน(5) | F68: 4.9360493e+08 | G68: 3.998475e+08 | H68: 5.2349753e+08 | I68: =+ภาระผูกพัน!F30 -> 379000000 | L68: =+ภาระผูกพัน!F30 -> 379000000 | O68: =501750088.48-O67 -> 4.2545324e+08
E69: เงินคงเหลือหลังหักตามข้อ (4) ข้อ(5) | F69: =+F66-F67-F68 -> -3.497383e+08 | G69: =+G66-G67-G68 -> 1.5225881e+08 | H69: =+H66-H67-H68 -> 1.3200786e+08 | I69: =+I66-I67-I68 -> #REF! | L69: =+L66-L67-L68 -> #REF! | O69: =+O66-O67-O68 -> 1.8999428e+08 | P69: =+P66-P67-P68 -> 89.86627
B70: เงินคงเหลือทั้งสิ้น ประกอบด้วย
C71: เงินสด | F71: 0 | G71: 0 | I71: 0 | L71: 0
C72: เงินฝากคลัง | F72: 13450974 | G72: 14604823 | H72: 83264088 | I72: 63000000 | L72: 158000000 | O72: 99409352
C73: เงินฝากธนาคาร
E74: ประเภทประจำ | F74: 0 | G74: 0 | H74: 0 | I74: 0 | L74: 0
E75: ประเภทออมทรัพย์ | F75: 95785349 | G75: 4.3871197e+08 | H75: 6.1359212e+08 | I75: 350000000 | L75: 6.7339547e+08 | O75: 4.8772335e+08
E76: ประเภทกระแสรายวัน | F76: 0 | G76: 0 | H76: 0 | I76: 0 | L76: 0
E77: รวมเงินคงเหลือทั้งสิ้น(2) | F77: =SUM(F71:F72,F74,F75,F76) -> 1.0923632e+08 | G77: =SUM(G71:G72,G74,G75,G76) -> 4.5331679e+08 | H77: =SUM(H71:H72,H74,H75,H76) -> 6.9685621e+08 | I77: =SUM(I71:I72,I74,I75,I76) -> 413000000 | L77: =SUM(L71:L72,L74,L75,L76) -> 8.3139547e+08 | O77: =+(I77+O24)-O63 -> 4.7055572e+08
B79: สมมติฐานในการจัดทำแผน | I79: แผนปี 2567
E80: รายรับแต่ละหมวด % เพิ่มในแต่ละปี (%) | I80: =+(I24-H24)/H24 -> 0.021743291
E81: รายจ่ายแต่ละหมวด % เพิ่มในแต่ละปี (%) | I81: =+(I63-H63)/H63 -> 0.15673615
E82: การลงทุน สัดส่วน % ต่อรายจ่าย (%) | I82: =+(I52+I53+I54+I56+I57+I58)/I63 -> 0.11468773
B83: หมายเหตุ
E84: 1. รายงานการรับ - จ่ายเงินบำรุง เป็นข้อมูลที่แสดงเงินสดรับและเงินสดจ่ายจากกิจกรรมดำเนินงานต่าง ๆ
E85: 2. เงินคงเหลือทั้งสิ้น (1) ต้องเท่ากับยอดรวมเงินคงเหลือทั้งสิ้น (2)
E86: 3. เงินคงเหลือทั้งสิ้นปีงบประมาณ 2565 (3) ต้องเท่ากับยอดเงินคงเหลือสะสมยกมาในปีงบประมาณ 2566 (3)
E87: 4. เงินกองทุน UC , กองทุนแรงงานต่างด้าว และกองทุนประกันสังคม ฯลฯ ที่รับไว้เพื่อรอจัดสรรให้กับบุคคลอื่น หรือหน่วยงานอื่น
E88: 5. ภาระผูกพัน (5) ในรายงานการรับ - จ่ายเงินบำรุง ต้องเท่ากับ รวมภาระผูกพันทั้งสิ้น (5) ในรายละเอียดภาระผูกพันของหน่วยงาน
C93: ลงชื่อ.................................... ลงชื่อ............................................................................... | E93: (ลงชื่อ)......................................ผู้รายงาน (ลงชื่อ).......................................ผู้เห็นชอบ

Sheet แผนรายรับ-รายจ่ายเงินบำรุง 3 ปี
A1: สำนักงานสาธารณสุขจังหวัด...ภูเก็ต.....
A2: โรงพยาบาล..วชิระภูเก็ต............
A3: แผนรายรับ - รายจ่ายเงินนอกงบประมาณ (เงินบำรุง) ปีงบประมาณ 2567 -2569
O4: หน่วย : บาท | Q4: หน่วย : บาท
B5: รายการ | F5: ข้อมูลย้อนหลัง 3 ปีงบประมาณ | I5: แผนปี 2567 (เดิม) | J5: รายรับจริง ณ 31 มี.ค.67 | K5: คิดเป็น % | L5: แผนครึ่งปีหลัง ปีงบ 67 | M5: เปรียบเทียบ แผน | N5: แผนปี 2568 | O5: แผนปี 2569 | P5: ผลดำเนินงาน ไตรมาส 1 (ตค.-ธค.66) | Q5: คิดเป็น%
F6: 2564 | G6: 2565 | H6: 2566
B7: รายรับ
C8: รายรับจากการดำเนินงาน
E9: รายรับค่ารักษาพยาบาลสำหรับโครงการสุขภาพถ้วนหน้า UC | F9: 5.3048621e+08 | G9: 7.0859462e+08 | H9: =256205985.2+147863308.35+108660563.33 -> 5.1272986e+08 | I9: =250000000+155000000 -> 405000000 | J9: =150133838.1+113286366.95+3886925.15 -> 2.6730713e+08 | K9: =+J9/I9*100 -> 66.001761 | L9: =+ประมาณการรายรับ!P12+ประมาณการรายรับ!P13 -> 1.5267757e+08 | M9: =+(L9-I9)/I9*100 -> -62.301835 | N9: 420250000 | O9: 462275000 | P9: =82032759.91+75105825.64 -> 1.5713859e+08 | Q9: =+P9/I9*100 -> 38.799651
E10: รายรับค่ารักษาพยาบาลสำหรับโครงการสุขภาพถ้วนหน้า UC งบลงทุน | F10: 19207318 | G10: 19448683 | H10: 17480288 | I10: 17000000 | J10: 0 | K10: =+J10/I10*100 -> 0 | L10: =+ประมาณการรายรับ!P18 -> 0 | M10: =+(L10-I10)/I10*100 -> -100 | N10: =+I10 -> 17000000 | O10: 18000000 | P10: 0 | Q10: =+P10/I10*100 -> 0
E11: รายรับจากระบบปฏิบัติการฉุกเฉิน (EMS) | F11: 1538817.1 | G11: 1644850 | H11: 1081750 | I11: 1500000 | J11: 1060291.5 | K11: =+J11/I11*100 -> 70.6861 | L11: =+ประมาณการรายรับ!P9 -> 0 | M11: =+(L11-I11)/I11*100 -> -100 | N11: 1500000 | O11: 1500000 | P11: 9754 | Q11: =+P11/I11*100 -> 0.65026667
E12: รายรับค่ารักษาพยาบาลเบิกจ่ายตรงกรมบัญชีกลาง | F12: 3.1720271e+08 | G12: 3.5807166e+08 | H12: 3.357539e+08 | I12: 370000000 | J12: 1.8467863e+08 | K12: =+J12/I12*100 -> 49.913143 | L12: =+ประมาณการรายรับ!P5 -> 1.0131855e+08 | M12: =+(L12-I12)/I12*100 -> -72.616608 | N12: 370000000 | O12: 370000000 | P12: 91062438 | Q12: =+P12/I12*100 -> 24.61147
E13: รายรับค่ารักษาพยาบาลผู้ป่วยเบิกต้นสังกัด | F13: 80308337 | G13: 1.9906833e+08 | H13: 1.133913e+08 | I13: 140000000 | J13: 59921807 | K13: =+J13/I13*100 -> 42.801291 | L13: =+ประมาณการรายรับ!P6 -> 30508548 | M13: =+(L13-I13)/I13*100 -> -78.20818 | N13: 140000000 | O13: 140000000 | P13: 28464879 | Q13: =+P13/I13*100 -> 20.332057
E14: รายรับค่ารักษาพยาบาลเบิกจาก อปท. | F14: 33520000 | G14: 34138823 | H14: 33388979 | I14: 40000000 | J14: 34162534 | K14: =+J14/I14*100 -> 85.406335 | L14: =+ประมาณการรายรับ!P8 -> 49241186 | M14: =+(L14-I14)/I14*100 -> 23.102964 | N14: 40000000 | O14: 40000000 | P14: 33589841 | Q14: =+P14/I14*100 -> 83.974602
E15: รายรับค่ารักษาพยาบาลจากกองทุนประกันสังคม | F15: 3.1977734e+08 | G15: 4.2407996e+08 | H15: =294588801.48+8298890.2 -> 3.0288769e+08 | I15: 340000000 | J15: 2.0541363e+08 | K15: =+J15/I15*100 -> 60.415773 | L15: =+ประมาณการรายรับ!P14 -> 89799429 | M15: =+(L15-I15)/I15*100 -> -73.588403 | N15: 357000000 | O15: 382000000 | P15: 1.1021905e+08 | Q15: =+P15/I15*100 -> 32.417369
E16: รายรับค่ารักษาพยาบาลแรงงานต่างด้าว | F16: 52237457 | G16: 59446164 | H16: 53074741 | I16: 63000000 | J16: 32355625 | K16: =+J16/I16*100 -> 51.358135 | L16: =+ประมาณการรายรับ!P16 -> 17533965 | M16: =+(L16-I16)/I16*100 -> -72.16831 | N16: 64890000 | O16: 66836700 | P16: 15213105 | Q16: =+P16/I16*100 -> 24.147786
E17: รายรับค่ารักษาพยาบาลและการบริการอื่น | F17: 3.0661796e+08 | G17: 3.9388351e+08 | H17: =1774113364.95+152985171.02-(H9+H10+H11+H12+H13+H14+H15+H16)-H21-H22-H23 -> 4.9665033e+08 | I17: =1969000000-(I9+I10+I11+I12+I13+I14+I15+I16)-I21-I22-I23 -> 491000000 | J17: =1615290+215736235.03+20157485.24 -> 2.3750901e+08 | K17: =+J17/I17*100 -> 48.372507 | L17: =+ประมาณการรายรับ!P10+ประมาณการรายรับ!P11+ประมาณการรายรับ!P15 -> 1.3139386e+08 | M17: =+(L17-I17)/I17*100 -> -73.23954 | N17: 490000000 | O17: 490000000 | P17: =104712808.69+9364522.61+764700 -> 1.1484203e+08 | Q17: =+P17/I17*100 -> 23.389416
C18: รายรับอื่น
E19: รายรับเงินช่วยเหลือ | F19: 0 | G19: 0 | H19: 0 | I19: 0 | J19: 0 | L19: 0 | N19: 0 | O19: 0
E20: รายรับเงินอุดหนุน | F20: 0 | G20: 0 | H20: 0 | I20: 0 | J20: 0 | L20: 0 | N20: 0 | O20: 0
E21: รายรับจากการบริจาค | F21: 24490529 | G21: 23281929 | H21: 39570974 | I21: 80000000 | J21: 33693691 | K21: =+J21/I21*100 -> 42.117114 | L21: =+ประมาณการรายรับ!P20 -> 99899938 | M21: =+(L21-I21)/I21*100 -> 24.874923 | N21: 80000000 | O21: 80000000 | P21: 20382897 | Q21: =+P21/I21*100 -> 25.478621
E22: รายรับดอกเบี้ยเงินฝากธนาคาร | F22: 365997.15 | G22: 706946.53 | H22: 2022594.5 | I22: 1500000 | J22: 1426104.8 | K22: =+J22/I22*100 -> 95.073651 | L22: =+ประมาณการรายรับ!P17 -> 1097158 | M22: =+(L22-I22)/I22*100 -> -26.856136 | N22: 1000000 | O22: =+N22 -> 1000000 | P22: 1240872.2 | Q22: =+P22/I22*100 -> 82.724813
E23: รายรับอื่น | F23: =20906672.21-732637 -> 20174035 | G23: 19066650 | H23: 19066136 | I23: 20000000 | J23: 10961292 | K23: =+J23/I23*100 -> 54.806459 | L23: =+ประมาณการรายรับ!P19 -> 10121037 | M23: =+(L23-I23)/I23*100 -> -49.394814 | N23: 20000000 | O23: 20000000 | P23: 4684540.2 | Q23: =+P23/I23*100 -> 23.422701
E24: รวมรายรับ | F24: =SUM(F9:F23) -> 1.7059267e+09 | G24: =SUM(G9:G23) -> 2.2414321e+09 | H24: =SUM(H9:H23) -> 1.9270985e+09 | I24: =SUM(I9:I23) -> 1969000000 | J24: =SUM(J9:J23) -> 1.0684897e+09 | K24: =+J24/I24*100 -> 54.265604 | L24: =SUM(L9:L23) -> 6.8359124e+08 | M24: =+(L24-I24)/I24*100 -> -65.282314 | N24: =SUM(N9:N23) -> 2001640000 | O24: =SUM(O9:O23) -> 2071611700 | P24: =SUM(P9:P23) -> 5.76848e+08 | Q24: =+P24/I24*100 -> 29.296496
B25: รายจ่าย
C26: รายจ่ายบุคลากร
E27: ค่าจ้างลูกจ้างชั่วคราว / พนักงานกระทรวง | F27: 1.8053383e+08 | G27: 1.8820402e+08 | H27: 1.8846488e+08 | I27: 195000000 | J27: 94467539 | K27: =+J27/I27*100 -> 48.444892 | L27: =+รายละเอียดรายจ่าย!Y5 -> 205000000 | M27: =+(L27-I27)/I27*100 -> 5.1282051 | N27: =+I27*0.04+I27 -> 202800000 | O27: =+N27*0.04+N27 -> 210912000 | P27: 47953471 | Q27: =+P27/I27*100 -> 24.591524
E28: ค่าล่วงเวลางานบริการ / งานสนับสนุน | F28: 0 | G28: 0 | H28: 0 | I28: 0 | J28: 0 | L28: 0 | N28: 0 | O28: 0 | Q28: 0
E29: ค่าตอบแทนการปฏิบัติงานเวรผลัดบ่ายหรือผลัดดึกของเจ้าหน้าที่ | F29: 31484140 | G29: 30139045 | H29: 26605920 | I29: 30000000 | J29: 29945470 | K29: =+J29/I29*100 -> 99.818233 | L29: 40000000 | M29: =+(L29-I29)/I29*100 -> 33.333333 | N29: 30000000 | O29: 30000000 | P29: 17331340 | Q29: =+P29/I29*100 -> 57.771133
E30: ค่าตอบแทนเงินเพิ่มพิเศษไม่ทำเวชปฏิบัติส่วนตัว หรือปฏิบัติงาน รพ.เอกชน | F30: 1167600 | G30: 10385000 | H30: 10495200 | I30: 10960000 | J30: 5346600 | K30: =+J30/I30*100 -> 48.782847 | L30: =+รายละเอียดรายจ่าย!Y130 -> 11136000 | M30: =+(L30-I30)/I30*100 -> 1.6058394 | N30: 11000000 | O30: =+N30 -> 11000000 | P30: 2687000 | Q30: =+P30/I30*100 -> 24.516423
E31: ค่าตอบแทนเบี้ยเลี้ยงเหมาจ่าย (ฉ.11) | F31: 0 | G31: 0 | H31: 0 | I31: 0 | J31: 0 | L31: 0 | N31: 0 | O31: 0 | Q31: 0
E32: ค่าตอบแทนตามผลการปฏิบัติงาน (ฉ.12) | F32: 10193251 | G32: 5202971 | H32: 8605551 | I32: 41200000 | J32: 17747007 | K32: =+J32/I32*100 -> 43.07526 | L32: =+รายละเอียดรายจ่าย!Y10 -> 41200000 | M32: =+(L32-I32)/I32*100 -> 0 | N32: =+I32 -> 41200000 | O32: =+N32 -> 41200000 | P32: 17747007 | Q32: =+P32/I32*100 -> 43.07526
E33: เงินเพิ่ม (พ.ต.ส) | F33: 0 | G33: 0 | H33: 225000 | I33: 300000 | J33: 0 | K33: =+J33/I33*100 -> 0 | L33: =+รายละเอียดรายจ่าย!Y13 -> 300000 | M33: =+(L33-I33)/I33*100 -> 0 | N33: =+I33 -> 300000 | O33: =+N33 -> 300000 | P33: 0 | Q33: =+P33/I33*100 -> 0
E34: ค่าตอบแทนเจ้าหน้าที่ปฏิบัติงานของเจ้าหน้าที่ (นอกเวลา) ฉ5 | F34: 2.7830997e+08 | G34: =340999774.4-G29-G30 -> 3.0047573e+08 | H34: =367202135.79+10495200-H29-H30 -> 3.4059622e+08 | I34: =432000000+10960000-I29-I30 -> 402000000 | J34: =216192538.77-J29 -> 1.8624707e+08 | K34: =+J34/I34*100 -> 46.330117 | L34: =432000000-L29 -> 392000000 | M34: =+(L34-I34)/I34*100 -> -2.4875622 | N34: 402000000 | O34: 402000000 | P34: =107757770.55-P29 -> 90426431 | Q34: =+P34/I34*100 -> 22.494137
E35: ค่าตอบแทนเจ้าหน้าที่ปฏิบัติงานในคลินิกพิเศษเฉพาะทางนอกเวลาราชการ (SMC)
E36: ค่าตอบแทนอื่น | F36: 709725 | G36: =868400+299500+618600+9852500 -> 11639000 | H36: =555000+295380+1278500 -> 2128880 | I36: =550000+300000+1250000+100000 -> 2200000 | J36: =255000+105500+1035900 -> 1396400 | K36: =+J36/I36*100 -> 63.472727 | L36: =+รายละเอียดรายจ่าย!Y8+รายละเอียดรายจ่าย!Y11+รายละเอียดรายจ่าย!Y12+รายละเอียดรายจ่าย!Y15 -> 2200000 | M36: =+(L36-I36)/I36*100 -> 0 | N36: 2000000 | O36: 2000000 | P36: =130000+586800+46400 -> 763200 | Q36: =+P36/I36*100 -> 34.690909
E37: เงินค่าใช้จ่ายบุคลากรอื่น | F37: 88500 | G37: 223200 | H37: =189000+247200 -> 436200 | I37: =200000+300000 -> 500000 | J37: 66300 | K37: =+J37/I37*100 -> 13.26 | L37: =+รายละเอียดรายจ่าย!Y9+รายละเอียดรายจ่าย!Y16 -> 500000 | M37: =+(L37-I37)/I37*100 -> 0 | N37: 500000 | O37: 500000 | P37: 46200 | Q37: =+P37/I37*100 -> 9.24
C38: รายจ่ายจากการดำเนินงาน
E39: ค่ายา | F39: 3.8156834e+08 | G39: 4.0278395e+08 | H39: 4.2364677e+08 | I39: =410000000+12000000 -> 422000000 | J39: 2.2344687e+08 | K39: =+J39/I39*100 -> 52.949496 | L39: =+รายละเอียดรายจ่าย!Y155 -> 480000000 | M39: =+(L39-I39)/I39*100 -> 13.744076 | N39: =438000000+13000000 -> 451000000 | O39: =470000000+14000000 -> 484000000 | P39: 1.1382866e+08 | Q39: =+P39/I39*100 -> 26.973616
E40: ค่าเวชภัณฑ์มิใช่ยา
E41: ค่าวัสดุการแพทย์ | F41: 2.833833e+08 | G41: 2.6917187e+08 | H41: 2.9458271e+08 | I41: 278600000 | J41: 1.8461542e+08 | K41: =+J41/I41*100 -> 66.265407 | L41: =+รายละเอียดรายจ่าย!Y163 -> 332850000 | M41: =+(L41-I41)/I41*100 -> 19.472362 | N41: =+I41 -> 278600000 | O41: =+N41 -> 278600000 | P41: 88895304 | Q41: =+P41/I41*100 -> 31.907862
E42: ค่าวัสดุวิทยาศาสตร์การแพทย์ | F42: 1.1359803e+08 | G42: 1.7351785e+08 | H42: 1.0830269e+08 | I42: =1500000+29000000+2500000+2000000+62000000+3600000 -> 100600000 | J42: 51084516 | K42: =+J42/I42*100 -> 50.779837 | L42: =+รายละเอียดรายจ่าย!Y147 -> 115000000 | M42: =+(L42-I42)/I42*100 -> 14.314115 | N42: =105000000+3600000+1500000 -> 110100000 | O42: =110000000+3600000+1500000 -> 115100000 | P42: 22290949 | Q42: =+P42/I42*100 -> 22.158001
E43: ค่าวัสดุเภสัช | F43: 4624692.6 | G43: 5063862.5 | H43: 4860582.4 | I43: 5000000 | J43: 4374958.9 | K43: =+J43/I43*100 -> 87.499178 | L43: =+รายละเอียดรายจ่าย!Y157 -> 8000000 | M43: =+(L43-I43)/I43*100 -> 60 | N43: =+I43 -> 5000000 | O43: =+N43 -> 5000000 | P43: 1699498 | Q43: =+P43/I43*100 -> 33.989961
E44: ค่าวัสดุทันตกรรม | F44: 8920065.1 | G44: 7202711.9 | H44: 10163307 | I44: 10000000 | J44: 5630163.3 | K44: =+J44/I44*100 -> 56.301633 | L44: =+รายละเอียดรายจ่าย!Y158 -> 10000000 | M44: =+(L44-I44)/I44*100 -> 0 | N44: =+I44 -> 10000000 | O44: =+N44 -> 10000000 | P44: 1906294.6 | Q44: =+P44/I44*100 -> 19.062946
E45: ค่าวัสดุเอ็กซเรย์ | F45: 12301882 | G45: 2353159.4 | H45: 4427235.5 | I45: 14000000 | J45: 6825150 | K45: =+J45/I45*100 -> 48.751071 | L45: =+รายละเอียดรายจ่าย!Y159 -> 30000000 | M45: =+(L45-I45)/I45*100 -> 114.28571 | N45: =+I45 -> 14000000 | O45: =+N45 -> 14000000 | P45: 3163628 | Q45: =+P45/I45*100 -> 22.597343
E46: ค่าวัสดุ | F46: 52239804 | G46: 52142382 | H46: =904032336.97-H41-H42-H43-H44-H45-H39 -> 58049037 | I46: =891600000-I41-I42-I43-I44-I45-I39 -> 61400000 | J46: =508399313.78-J39-J41-J42-J43-J44-J45 -> 32422228 | K46: =+J46/I46*100 -> 52.804931 | L46: =+รายละเอียดรายจ่าย!Y135-L39-L41-L42-L43-L44-L45 -> 74130000 | M46: =+(L46-I46)/I46*100 -> 20.732899 | N46: =+I46 -> 61400000 | O46: =+N46 -> 61400000 | P46: 12888115 | Q46: =+P46/I46*100 -> 20.990415
E47: ค่าสาธารณูปโภค | F47: 46273599 | G47: 57251975 | H47: 64033302 | I47: 63200000 | J47: 28765949 | K47: =+J47/I47*100 -> 45.515743 | L47: =+รายละเอียดรายจ่าย!Y125 -> 70000000 | M47: =+(L47-I47)/I47*100 -> 10.759494 | N47: 64000000 | O47: 64000000 | P47: 14127010 | Q47: =+P47/I47*100 -> 22.352864
E48: ค่าใช้สอย | F48: 1.4338496e+08 | G48: 2.3060799e+08 | H48: 1.7022475e+08 | I48: 182776000 | J48: 1.1262205e+08 | K48: =+J48/I48*100 -> 61.617527 | L48: =+รายละเอียดรายจ่าย!#REF! -> #REF! | M48: =+(L48-I48)/I48*100 -> #REF! | N48: =+I48 -> 182776000 | O48: =+N48 -> 182776000 | P48: 64208415 | Q48: =+P48/I48*100 -> 35.129566
E49: ค่าใช้จ่ายดำเนินงานอื่น | F49: 0 | G49: 0 | H49: 0 | I49: 0 | J49: 0 | L49: 0 | N49: 0 | O49: 0
C50: รายจ่ายลงทุน
E51: ค่าครุภัณฑ์
E52: ค่าครุภัณฑ์งบค่าเสื่อม | F52: 19207318 | G52: 18299059 | H52: 16655750 | I52: 17000000 | J52: 0 | L52: =+รายละเอียดรายจ่าย!Y193 -> 16000000 | M52: =+(L52-I52)/I52*100 -> -5.8823529 | N52: 17000000 | O52: 18000000 | P52: 0 | Q52: =+P52/I52*100 -> 0
E53: ค่าครุภัณฑ์เงินบริจาค | F53: 22086315 | G53: 9966511.5 | H53: =62031461.74-H52 -> 45375712 | I53: 0 | J53: 0 | L53: =+รายละเอียดรายจ่าย!#REF! -> #REF! | N53: 0 | O53: 0
E54: ค่าครุภัณฑ์งินบำรุง | F54: 31693585 | G54: =50941596.51-G52 -> 32642537 | I54: =125588976.2-I52 -> 1.0858898e+08 | J54: 24892106 | K54: =+J54/I54*100 -> 22.923235 | L54: =+รายละเอียดรายจ่าย!Y178-L52-L53 -> #REF! | M54: =+(L54-I54)/I54*100 -> #REF! | N54: 19863290 | O54: =+'แผนลงทุน 3 ปี'!K313-O52 -> 199000000 | P54: 15572407 | Q54: =+P54/I54*100 -> 14.340688
E55: ค่าที่ดินและสิ่งก่อสร้าง
E56: ค่าที่ดินและสิ่งก่อสร้างงบค่าเสื่อม | F56: 0 | G56: 0 | H56: 0 | I56: 0 | J56: 0 | L56: 0 | N56: 0 | O56: 0
E57: ค่าที่ดินและสิ่งก่อสร้างเงินบริจาค | F57: 0 | G57: 0 | H57: 0 | I57: 0 | J57: 0 | L57: =+รายละเอียดรายจ่าย!Y197 -> 24000000 | N57: 10340000 | O57: 0
E58: ค่าที่ดินและสิ่งก่อสร้างเงินบำรุง | F58: 0 | G58: 13265578 | H58: 0 | I58: 1.1248044e+08 | J58: 0 | L58: =+รายละเอียดรายจ่าย!Y196 -> 2.2602691e+08 | M58: =+(L58-I58)/I58*100 -> 100.94774 | N58: 16844400 | P58: 0 | Q58: =+P58/I58*100 -> 0
C59: รายจ่ายอื่น
D60: รายจ่ายสนับสนุน รพ.สต. รพช. รพท. รพศ. สสอ. สสจ. | F60: =8164178.01+2129000 -> 10293178 | G60: =8208166.77+64500 -> 8272666.8 | H60: =127930+1102457.67+1099806.51+4230700 -> 6560894.2 | I60: =600000+2000000 -> 2600000 | J60: 87000 | K60: =+J60/I60*100 -> 3.3461538 | L60: =+รายละเอียดรายจ่าย!Y203+รายละเอียดรายจ่าย!#REF! -> #REF! | M60: =+(L60-I60)/I60*100 -> #REF! | N60: 4000000 | O60: 4000000 | P60: 0
D61: รายจ่ายอื่นๆ | F61: =18494540.71-F60 -> 8201362.7 | G61: =13567272.48-G60 -> 5294605.7 | H61: =12299449.89-H60+4357500 -> 10096056 | I61: =8000000-I60 -> 5400000 | J61: =10722949.75-J60 -> 10635950 | K61: =+J61/I61*100 -> 196.96203 | L61: =+รายละเอียดรายจ่าย!#REF!+รายละเอียดรายจ่าย!#REF!+รายละเอียดรายจ่าย!#REF! -> #REF! | M61: =+(L61-I61)/I61*100 -> #REF! | N61: 6000000 | O61: 6000000 | P61: 3757346.8 | Q61: =+P61/I61*100 -> 69.580495
C62: งบกลาง (ไม่เกินร้อยละ 2-3.5 ของประมาณการรายจ่าย) | I62: 10000000 | J62: 0 | K62: =+J62/I62*100 -> 0 | L62: =+รายละเอียดรายจ่าย!Y224 -> 10000000 | M62: =+(L62-I62)/I62*100 -> 0 | N62: 10000000 | O62: 10000000 | P62: 0 | Q62: =+P62/I62*100 -> 0
E63: รวมรายจ่าย | F63: =SUM(F27:F62) -> 1.6402635e+09 | G63: =SUM(G27:G62) -> 1.8341057e+09 | H63: =SUM(H27:H62) -> 1.7945367e+09 | I63: =SUM(I27:I62) -> 2.0758054e+09 | J63: =SUM(J27:J62) -> 1.0206188e+09 | K63: =+J63/I63*100 -> 49.167362 | L63: =SUM(L25:L62) -> #REF! | M63: =+(L63-I63)/I63*100 -> #REF! | N63: =SUM(N27:N62) -> 1950723690 | O63: =SUM(O27:O62) -> 2149788000 | P63: =SUM(P27:P62) -> 5.1929228e+08 | Q63: =+P63/I63*100 -> 25.016424
E64: รายรับสูง(ต่ำกว่า)รายจ่ายสุทธิ | F64: =F24-F63 -> 65663260 | G64: =G24-G63 -> 4.0732645e+08 | H64: =H24-H63 -> 1.3256188e+08 | I64: =I24-I63 -> -1.0680542e+08 | L64: =L24-L63 -> #REF! | N64: -157345600 | O64: =O24-O63 -> -78176300 | P64: =+P24-P63 -> 57555722 | Q64: =+Q24-Q63 -> 4.280072
E65: บวกเงินคงเหลือสะสมยกมา | F65: 1.3624865e+08 | G65: 2.0110573e+08 | H65: =+G66 -> 6.0843218e+08 | I65: =+H66 -> 7.4099406e+08 | L65: =+I66 -> 6.3418864e+08 | N65: =+I66 -> 6.3418864e+08 | O65: =+N66 -> 2.0014547e+08 | P65: =+I66 -> 6.3418864e+08 | Q65: =+P65/I65*100 -> 85.586198
E66: เงินคงเหลือทั้งสิ้น(1) | F66: =+F64+F65 -> 2.0191191e+08 | G66: =+G64+G65 -> 6.0843218e+08 | H66: =+H64+H65 -> 7.4099406e+08 | I66: =+I64+I65 -> 6.3418864e+08 | L66: =+L64+L65 -> #REF! | N66: 2.0014547e+08 | O66: =+O64+O65 -> 1.2196917e+08 | P66: =+P64+P65 -> 6.9174436e+08 | Q66: =+Q64+Q65 -> 89.86627
E67: หักเงินกองทุนรอการจัดสรร(4) | F67: 58045278 | G67: 56325869 | H67: 85488667 | I67: =+รายได้รอการจัดสรร!#REF! -> #REF! | L67: =+I67 -> #REF! | N67: =+รายได้รอการจัดสรร!F11 -> 56000000 | O67: =+รายได้รอการจัดสรร!G11 -> 56000000 | P67: =76296849.02 -> 76296849
E68: หักภาระผูกพัน(5) | F68: 4.9360493e+08 | G68: 3.998475e+08 | H68: 5.2349753e+08 | I68: =+ภาระผูกพัน!F30 -> 379000000 | L68: =+ภาระผูกพัน!F30 -> 379000000 | N68: =+ภาระผูกพัน!G30 -> 389000000 | O68: =+ภาระผูกพัน!H30 -> 399000000 | P68: =501750088.48-P67 -> 4.2545324e+08
E69: เงินคงเหลือหลังหักตามข้อ (4) ข้อ(5) | F69: =+F66-F67-F68 -> -3.497383e+08 | G69: =+G66-G67-G68 -> 1.5225881e+08 | H69: =+H66-H67-H68 -> 1.3200786e+08 | I69: =+I66-I67-I68 -> #REF! | L69: =+L66-L67-L68 -> #REF! | N69: -3.3115453e+08 | O69: =+O66-O67-O68 -> -3.3303083e+08 | P69: =+P66-P67-P68 -> 1.8999428e+08 | Q69: =+Q66-Q67-Q68 -> 89.86627
B70: เงินคงเหลือทั้งสิ้น ประกอบด้วย
C71: เงินสด | F71: 0 | G71: 0 | I71: 0 | L71: 0 | N71: 0 | O71: 0
C72: เงินฝากคลัง | F72: 13450974 | G72: 14604823 | H72: 83264088 | I72: 63000000 | L72: 158000000 | N72: 62000000 | O72: 62000000 | P72: 99409352
C73: เงินฝากธนาคาร
E74: ประเภทประจำ | F74: 0 | G74: 0 | H74: 0 | I74: 0 | L74: 0 | N74: 0 | O74: 0
E75: ประเภทออมทรัพย์ | F75: 95785349 | G75: 4.3871197e+08 | H75: 6.1359212e+08 | I75: 350000000 | L75: 6.7339547e+08 | N75: 300000000 | O75: 250000000 | P75: 4.8772335e+08
E76: ประเภทกระแสรายวัน | F76: 0 | G76: 0 | H76: 0 | I76: 0 | L76: 0 | N76: 0 | O76: 0
E77: รวมเงินคงเหลือทั้งสิ้น(2) | F77: =SUM(F71:F72,F74,F75,F76) -> 1.0923632e+08 | G77: =SUM(G71:G72,G74,G75,G76) -> 4.5331679e+08 | H77: =SUM(H71:H72,H74,H75,H76) -> 6.9685621e+08 | I77: =SUM(I71:I72,I74,I75,I76) -> 413000000 | L77: =SUM(L71:L72,L74,L75,L76) -> 8.3139547e+08 | N77: 462000000 | O77: =SUM(O71:O72,O74,O75,O76) -> 312000000 | P77: =+(I77+P24)-P63 -> 4.7055572e+08
B79: สมมติฐานในการจัดทำแผน | I79: แผนปี 2567 | N79: แผนปี 2568 | O79: แผนปี 2569
E80: รายรับแต่ละหมวด % เพิ่มในแต่ละปี (%) | I80: =+(I24-H24)/H24 -> 0.021743291 | N80: =+(N24-I24)/I24 -> 0.016576943 | O80: =+(O24-N24)/N24 -> 0.034957185
E81: รายจ่ายแต่ละหมวด % เพิ่มในแต่ละปี (%) | I81: =+(I63-H63)/H63 -> 0.15673615 | N81: =+(N63-I63)/I63 -> -0.060256962 | O81: =+(O63-N63)/N63 -> 0.10204639
E82: การลงทุน สัดส่วน % ต่อรายจ่าย (%) | I82: =+(I52+I53+I54+I56+I57+I58)/I63 -> 0.11468773 | N82: =+(N52+N53+N54+N56+N57+N58)/N63 -> 0.032832784 | O82: =+(O52+O53+O54+O56+O57+O58)/O63 -> 0.10094019
B83: หมายเหตุ
E84: 1. รายงานการรับ - จ่ายเงินบำรุง เป็นข้อมูลที่แสดงเงินสดรับและเงินสดจ่ายจากกิจกรรมดำเนินงานต่าง ๆ
E85: 2. เงินคงเหลือทั้งสิ้น (1) ต้องเท่ากับยอดรวมเงินคงเหลือทั้งสิ้น (2)
E86: 3. เงินคงเหลือทั้งสิ้นปีงบประมาณ 2565 (3) ต้องเท่ากับยอดเงินคงเหลือสะสมยกมาในปีงบประมาณ 2566 (3)
E87: 4. เงินกองทุน UC , กองทุนแรงงานต่างด้าว และกองทุนประกันสังคม ฯลฯ ที่รับไว้เพื่อรอจัดสรรให้กับบุคคลอื่น หรือหน่วยงานอื่น
E88: 5. ภาระผูกพัน (5) ในรายงานการรับ - จ่ายเงินบำรุง ต้องเท่ากับ รวมภาระผูกพันทั้งสิ้น (5) ในรายละเอียดภาระผูกพันของหน่วยงาน
C93: ลงชื่อ.................................... ลงชื่อ............................................................................... | E93: (ลงชื่อ)......................................ผู้รายงาน (ลงชื่อ).......................................ผู้เห็นชอบ

Sheet คำนิยาม
B1: คำนิยาม ในการจัดทำแผนรายรับ-รายจ่ายเงินบำรุง
B2: รายการ | E2: รายละเอียดรายรับเงินสด
B3: รายรับ
B4: รายรับจากการดำเนินงาน
C5: รายรับค่ารักษาพยาบาลสำหรับโครงการสุขภาพถ้วนหน้า UC | E5: รายรับค่าบริการทางการแพทย์จากเงินกองทุนเหมาจ่ายรายหัว UC OP/PP, IP, รายรับอื่นๆ จากสปสช., จากการตามเรียกเก็บสิทธิ UC (รวมของ รพ.สต.)
C6: รายรับค่ารักษาพยาบาลสำหรับโครงการสุขภาพถ้วนหน้า UC งบลงทุน | E6: รายรับเงินกองทุน UC งบลงทุน จากสปสช. (รวมของ รพ.สต.)
C7: รายรับจากระบบปฏิบัติการฉุกเฉิน (EMS) | E7: รายรับค่าบริการทางการแพทย์จากระบบปฏิบัติการ EMS จาก สพฉ.
C8: รายรับค่ารักษาพยาบาลเบิกจ่ายตรงกรมบัญชีกลาง | E8: รายรับค่าบริการทางการแพทย์จากสิทธิข้าราชการเบิกจ่ายตรงจากกรมบัญชีกลาง
C9: รายรับค่ารักษาพยาบาลผู้ป่วยเบิกต้นสังกัด | E9: รายรับค่าบริการทางการแพทย์จากสิทธิ พนักงานของรัฐ รัฐวิสาหกิจ จากต้นสังกัด เช่น กฟภ. กฟฝ. การประปา รฟท. กสกช. บมจ.โทรคมนาคมแห่งชาติ
C10: รายรับค่ารักษาพยาบาลเบิกจาก อปท. | E10: รายรับค่าบริการทางการแพทย์สิทธิเบิกจ่ายตรง อปท. (อบต. เทศบาล อบจ. กทม. และเมืองพัทยา)
C11: รายรับค่ารักษาพยาบาลจากกองทุนประกันสังคม | E11: รายรับค่าบริการทางการแพทย์เงินจัดสรรเหมาจ่ายรายหัว OP/IP, ภาระเสี่ยงโรคเรื้อรัง, HA, รายรับอื่นๆ จากกองทุนปกส., จากการเรียกเก็บสิทธิ ปกส.
C12: รายรับค่ารักษาพยาบาลแรงงานต่างด้าว | E12: รายรับค่าขึ้นทะเบียนฯ (บัตรประกันสุขภาพ) ค่าตรวจสุขภาพคนต่างด้าวแรงงานต่างด้าว, ค่าธรรมเนียม 30 บาท, จากการเรียกเก็บสิทธิ คนต่างด้าวและแรงงานต่างด้าว
C13: รายรับค่ารักษาพยาบาลและการบริการอื่น | E13: รายรับค่าบริการทางการแพทย์จากสิทธิชำระเงิน, พรบ., บุคคลที่มีปัญหาสถานะและสิทธิ,ค่าตรวจสุขภาพบุคคลภายนอก, ค่าสิ่งส่งตรวจ, ค่าใบรับรองแพทย์, ค่าธรรมเนียม UC, ค่าบริการอื่นๆ
B14: รายรับอื่น
C15: รายรับเงินช่วยเหลือ | E15: รายรับเงินโดยสมัครใจจากรัฐบาลต่างประเทศ หรือองค์กรระหว่างประเทศ
C16: รายรับเงินอุดหนุน | E16: รายรับเงินสนับสนุนการดำเนินงาน หรือเพื่อการลงทุน จากส่วนราชการ หรือหน่วยงานของรัฐ (เช่น โครงการจัดซื้อครุภัณฑ์ฯจากกรมพัฒนาพลังงานทดแทนและอนุรักษ์พลังงาน,โครงการสร้างเสริมสุขภาพ จากองค์กรปกครองส่วนท้องถิ่น, เงินสนับสนุนสำหรับโครงการผลิตแพทย์ จากมหาวิทยาลัยในกำกับของรัฐ
C17: รายรับจากการบริจาค | E17: รายรับงินบริจาค บุคคลธรรมดา หรือภาคเอกชน โดยความสมัครใจ ทั้งระบุวัตถุประสงค์ และไม่ระบุวัตถุประสงค์ (ตัวอย่าง บุคคลทั่วไป บริจาคเงินเพื่อสนับสนุนการจัดหาครุภัณฑ์ทางการแพทย์, เงินสนับสนุนสำหรับโครงการผลิตแพทย์ จากมหาวิทยาลัยเอกชน เป็นต้น)
C18: รายรับดอกเบี้ยเงินฝากธนาคาร | E18: รายรับดอกเบี้ยเงินฝากธนาคาร ประเภทเงินบำรุง เงินนอกงบประมาณอื่น ที่ได้รับอนุญาตให้ใช้จ่าย โดยไม่ต้องนำส่งเป็นรายได้แผ่นดิน
C19: รายรับอื่น ๆ | E19: รายรับเงินสนับสนุนจากหน่วยบริการในสังกัดสป.สธ. ตามข้อตกลง (เขต สสจ. รพศ.รพท. รพช. รพ.สต), รายรับจากการดำเนินการด้วยเงินบำรุงหรือทรัพย์สินจากเงินบำรุง เช่น ค่าบริการสถานที่จัดประชุม ค่าเช่าอาคาร ค่าขายแบบ ค่าปรับผิดสัญญา ค่าขายครุภัณฑ์ สิ่งก่อสร้าง เงินประกัน / เงินมัดจำ / เงินรับฝากอื่น ฯ
B20: รายจ่าย
B21: รายจ่ายบุคลากร
C22: ค่าจ้างลูกจ้างชั่วคราว / พนักงานกระทรวง | E22: ได้แก่ ค่าจ้างชั่วคราวรายวัน รายเดือน รายคาบ พกส. ของหน่วยบริการ
C23: ค่าล่วงเวลางานบริการ / งานสนับสนุน | E23: ค่าตอบแทนปฏิบัติงานนอกเวลาตามระเบียบ กระทรวงการคลัง ปี พ.ศ. 2550
C24: ค่าตอบแทนการปฏิบัติงานเวรผลัดบ่ายหรือผลัดดึกของเจ้าหน้าที่ | E24: ค่าเวรผลัดบ่ายหรือผลัดดึกของพยาบาล และเจ้าหน้าที่อื่น ตามหลักเกณฑ์ฯ พ.ศ. 2566
C25: ค่าตอบแทนเงินเพิ่มพิเศษไม่ทำเวชปฏิบัติส่วนตัว หรือปฏิบัติงาน รพ.เอกชน | E25: ค่าตอบแทน ไม่ทำเวชของแพทย์ ทันตแพทย์ เภสัชกร ตามหลักเกณฑ์ฯ พ.ศ. 2566
C26: ค่าตอบแทนเบี้ยเลี้ยงเหมาจ่าย (ฉ.11) | E26: ค่าตอบแทนลักษณะเบี้ยเลี้ยงเหมาจ่าย ตามหลักเกณฑ์ ฯ พ.ศ. 2566
C27: ค่าตอบแทนตามผลการปฏิบัติงาน (ฉ.12) | E27: ค่าตอบแทนผลการปฏิบัติงาน ตามหลักเกณฑ์ ฯ พ.ศ. 2566
C28: เงินเพิ่ม (พ.ต.ส) | E28: ค่าตอบแทนเทียบเคียงเงินเพิ่ม (พตส.) สำหรับแพทย์ ทันตแพทย์ เภสัช และสหสาขาวิชาชีพ 7 สาขา
C29: ค่าตอบแทนเจ้าหน้าที่ปฏิบัติงานของเจ้าหน้าที่ (นอกเวลา) ฉ5 | E29: ค่าตอบแทนในการปฏิบัติงานของเจ้าหน้าที่ ตามหลักเกณฑ์ ฯ พ.ศ. 2566
C30: ค่าตอบแทนเจ้าหน้าที่ปฏิบัติงานในคลินิกพิเศษเฉพาะทางนอกเวลาราชการ (SMC) | E30: ค่าตอบแทนการปฏิบัติงานในคลินิกพิเศษนอกเวลา ตามหลักเกณฑ์ฯ พ.ศ. 2566
C31: ค่าตอบแทนอื่น | E31: เช่น ค่าตอบแทนชันสูตรพลิกศพ, สาขาส่งเสริมพิเศษ, ส่งเสริมสุขภาพและเวชปฏิบัติ และค่าตอบแทนอื่นๆ
C32: เงินค่าใช้จ่ายบุคลากรอื่น | E32: เช่น เงินสมทบกองทุนปกส.ส่วนของนายจ้าง เงินสมทบกองทุนสำรองเลี้ยงชีพพนักงานและเจ้าหน้าที่รัฐ (พกส.) เงินสมทบกองทุนทดแทน ปกส. เงินช่วยพิเศษกรณีเสียชีวิต (เงินนอกงบประมาณ)
B33: รายจ่ายดำเนินงาน
C34: ค่ายา | E34: ค่ายา (จากแผนบริหารจัดการเจ้าหนี้ ช่อง [7] แผนการจ่ายชำระปี 25xx ด้วยเงินนอกงบประมาณ)
C35: เวชภัณฑ์มิใช่ยา | E35: ค่าวัสดุการแพทย์ /วัสดุวิทยาศาสตร์การแพทย์/ วัสดุเภสัช /วัสดุทันตกรรม /วัสดุเอ๊กซเรย์ (จากแผนบริหารจัดการเจ้าหนี้ ช่อง [7] แผนการจ่ายชำระปี 25xx ด้วยเงินนอกงบประมาณ)
C36: ค่าวัสดุ | E36: ค่าวัสดุบริโภค วัสดุเครื่องแต่งกาย วัสดุสำนักงาน วัสดุยานพาหนะและขนส่ง วัสดุเชื้อเพลิงและหล่อลื่น วัสดุไฟฟ้าและวิทยุ วัสดุโฆษณาและเผยแพร่ วัสดุคอมพิวเตอร์ วัสดุงานบ้านงานครัว วัสดุก่อสร้าง และวัสดุอื่น (จากแผนบริหารจัดการเจ้าหนี้ ช่อง [7] แผนการจ่ายชำระปี 25xx ด้วยเงินนอกงบประมาณ)
C37: ค่าสาธารณูปโภค | E37: ค่าไฟฟ้า น้ำประปา ค่าบริการไปรษณีย์ ค่าบริการอินเตอร์เน็ต ค่าบริการเช่าสัญญาณเคเบิ้ลทีวี
C38: ค่าใช้สอย | E38: ค่าใช้จ่ายเดินทางไปราชการ ฝึกอบรม, ค่าจ้างเหมา ค่าซ่อมแซมคอาคารและครุภัณฑ์, ค่าเช่าครุภัณฑ์, ค่าเบี้ยประกันภัย, ค่าธรรมเนียมธนาคาร
C39: ค่าใช้จ่ายดำเนินงานอื่น | E39: ค่าใช้จ่ายตามโครงการ ตามแผนงานประจำเงินบำรุง หรือโครงการสร้างเสริมสุขภาพฯ เช่น PP UC , เงินต่างด้าว, เงินอุดหนุนบุคคลที่มีปัญหาสถานะและสิทธิ
B40: รายจ่ายลงทุน
C41: ค่าครุภัณฑ์
D42: ค่าครุภัณฑ์งบค่าเสื่อม | E42: ค่าครุภัณฑ์ทางการแพทย์ หรือครุภัณฑ์ทั่วไป ที่เบิกจ่ายจากเงินกองทุน UC งบลงทุน
D43: ค่าครุภัณฑ์เงินบริจาค | E43: ค่าครุภัณฑ์ทางการแพทย์ หรือครุภัณฑ์ทั่วไป ที่เบิกจ่ายด้วยเงินบริจาค
D44: ค่าครุภัณฑ์เงินบำรุง | E44: ค่าครุภัณฑ์ทางการแพทย์ หรือครุภัณฑ์ทั่วไปที่เบิกจ่ายจากเงินบำรุงของหน่วยบริการ
C45: ค่าที่ดินและสิ่งก่อสร้าง
D46: ค่าที่ดินและสิ่งก่อสร้างงบค่าเสื่อม | E46: ค่าอาคาร หรือสิ่งก่อสร้าง ที่เบิกจ่ายจากเงินกองทุน UC งบลงทุน
D47: ค่าที่ดินและสิ่งก่อสร้างเงินบริจาค | E47: ค่าอาคาร หรือสิ่งก่อสร้าง ที่เบิกจ่ายที่เบิกจ่ายด้วยเงินบริจาค
D48: ค่าที่ดินและสิ่งก่อสร้างเงินบำรุง | E48: ค่าอาคาร หรือสิ่งก่อสร้าง ที่เบิกจ่ายจากเงินบำรุงของหน่วยบริการ
B49: รายจ่ายอื่น
C50: รายจ่ายสนับสนุน รพ.สต. รพช. รพท. รพศ. สสอ. สสจ. | E50: รายจ่ายสนับสนุนหน่วยบริการในสังกัดสป.สธ. ตามข้อตกลงฯ (สสอ. สสจ.รพศ. รพท. รพช. รพ.สต.) สนับสนุน รพ.สต. เช่น งบค่าเสื่อม Fixed cost
C51: รายจ่ายอื่น ๆ | E51: เช่น ตามจ่ายค่ารักษาพยาบาล UC ต่างด้าว บุคคลที่มีปัญหาสถานะและสิทธิ ปกส. , เงินช่วยเหลือบุคลากรสาธารณสุขฯ (ระเบียบเงินบำรุงฯ ข้อ 9 (10) , สนับสนุนการศึกษาสาขาวิชาชีพที่ขาดแคลน (ระเบียบเงินบำรุงฯ ข้อ 9 (11) , โครงการผลิตแพทย์และบุคลากรทางการแพทย์ , เงินประกัน / เงินมัดจำ / เงินรับฝากอื่น ฯ
B52: งบกลาง | E52: รายจ่ายจากกรณีฉุกเฉิน จำเป็น เร่งด่วน ตามนโยบายผู้บริหาร ไม่เกินร้อยละ 2-3.5 ของประมาณการรายจ่าย

Sheet 1 ปี (69) 
A1: สำนักงานสาธารณสุขจังหวัด...ภูเก็ต.....
A2: โรงพยาบาล..วชิระภูเก็ต............
A3: แผนรายรับ - รายจ่าย เงินบำรุง ปีงบประมาณ 2569
K4: หน่วย : บาท | N4: หน่วย : บาท
B5: รายการ | F5: ข้อมูลย้อนหลัง 3 ปีงบประมาณ | Q5: แผนปี 2569 | R5: ผลการดำเนินงาน | T5: ปรับแผน | U5: รายรับ-รายจ่าย เพิ่มจากแผนเดิม (%) | V5: ส่วนต่าง
F6: 2566 | G6: 2567 | O6: 2568 | P6: =+M6 -> 0 | R6: ต.ค. 68 - มี.ค.69 | S6: ร้อยละ
B7: รายรับ
C8: รายรับจากการดำเนินงาน
E9: รายรับค่ารักษาพยาบาลสำหรับโครงการสุขภาพถ้วนหน้า UC | F9: =+ประมาณการรายรับ!K12+ประมาณการรายรับ!K13+ประมาณการรายรับ!L13 -> 5.1272986e+08 | G9: =+ประมาณการรายรับ!M12+ประมาณการรายรับ!M13+ประมาณการรายรับ!N13 -> 6.1287527e+08 | H9: =+ประมาณการรายรับ!O12+ประมาณการรายรับ!O13 -> 620000000 | I9: =+ประมาณการรายรับ!R12+ประมาณการรายรับ!R13 -> 2.8652223e+08 | J9: =+I9/H9*100 -> 46.213262 | K9: =+ประมาณการรายรับ!T12+ประมาณการรายรับ!T13 -> 605000000 | L9: =+ประมาณการรายรับ!V12+ประมาณการรายรับ!V13 -> 4.2974538e+08 | M9: =+L9/K9*100 -> 71.032295 | N9: =+ประมาณการรายรับ!Y12+ประมาณการรายรับ!Y13 -> 555000000 | O9: =+ประมาณการรายรับ!Z12+ประมาณการรายรับ!Z13 -> 5.1153919e+08 | P9: =+O9/N9*100 -> 92.169223 | Q9: =+ประมาณการรายรับ!AB12+ประมาณการรายรับ!AB13 -> 550000000 | R9: =+ประมาณการรายรับ!AE12+ประมาณการรายรับ!AE13 -> 3.8946249e+08 | S9: =+R9/Q9*100 -> 70.811362 | T9: =+ประมาณการรายรับ!AG12+ประมาณการรายรับ!AG13 -> 590000000 | U9: =+(T9-Q9)/T9*100 -> 6.779661 | V9: =+T9-Q9 -> 40000000
E10: รายรับค่ารักษาพยาบาลสำหรับโครงการสุขภาพถ้วนหน้า UC งบลงทุน | F10: =+ประมาณการรายรับ!K18 -> 17480288 | G10: =+ประมาณการรายรับ!M18 -> 16162273 | H10: =+ประมาณการรายรับ!O18 -> 16000000 | I10: =+ประมาณการรายรับ!R18 -> 0 | J10: =+I10/H10*100 -> 0 | K10: =+ประมาณการรายรับ!T18 -> 30827352 | L10: =+ประมาณการรายรับ!V18 -> 30827352 | M10: =+L10/K10*100 -> 100 | N10: =+ประมาณการรายรับ!Y18 -> 30827352 | O10: =+ประมาณการรายรับ!Z18 -> 30827352 | P10: =+O10/N10*100 -> 100 | Q10: =+ประมาณการรายรับ!AB18 -> 17000000 | R10: =+ประมาณการรายรับ!AE18 -> 22596016 | S10: =+R10/Q10*100 -> 132.91774 | T10: =+ประมาณการรายรับ!AG18 -> 22596016 | U10: =+(T10-Q10)/T10*100 -> 24.765499 | V10: =+T10-Q10 -> 5596016.2
E11: รายรับจากระบบปฏิบัติการฉุกเฉิน (EMS) | F11: =+ประมาณการรายรับ!K9 -> 1081750 | G11: =+ประมาณการรายรับ!M9 -> 2316591.5 | H11: =+ประมาณการรายรับ!O9 -> 2500000 | I11: 0 | J11: =+I11/H11*100 -> 0 | K11: =+ประมาณการรายรับ!T9 -> 1500000 | L11: =+ประมาณการรายรับ!V9 -> 446800 | M11: =+L11/K11*100 -> 29.786667 | N11: =+ประมาณการรายรับ!Y9 -> 1500000 | O11: =+ประมาณการรายรับ!Z9 -> 1023450 | P11: =+O11/N11*100 -> 68.23 | Q11: =+ประมาณการรายรับ!AB9 -> 1500000 | R11: =+ประมาณการรายรับ!AE9 -> 565632 | S11: =+R11/Q11*100 -> 37.7088 | T11: =+ประมาณการรายรับ!AG9 -> 1500000 | U11: =+(T11-Q11)/T11*100 -> 0 | V11: =+T11-Q11 -> 0
E12: รายรับค่ารักษาพยาบาลเบิกจ่ายตรงกรมบัญชีกลาง | F12: =+ประมาณการรายรับ!K5 -> 3.357539e+08 | G12: =+ประมาณการรายรับ!M5 -> 3.773114e+08 | H12: =+ประมาณการรายรับ!O5 -> 380000000 | I12: =+ประมาณการรายรับ!R5 -> 2.0388857e+08 | J12: =+I12/H12*100 -> 53.654886 | K12: =+ประมาณการรายรับ!T5 -> 380000000 | L12: =+ประมาณการรายรับ!V5 -> 3.0698713e+08 | M12: =+L12/K12*100 -> 80.786086 | N12: =+ประมาณการรายรับ!Y5 -> 380000000 | O12: =+ประมาณการรายรับ!Z5 -> 4.0901102e+08 | P12: =+O12/N12*100 -> 107.63448 | Q12: =+ประมาณการรายรับ!AB5 -> 420000000 | R12: =+ประมาณการรายรับ!AE5 -> 2.4714886e+08 | S12: =+R12/Q12*100 -> 58.844966 | T12: =+ประมาณการรายรับ!AG5 -> 420000000 | U12: =+(T12-Q12)/T12*100 -> 0 | V12: =+T12-Q12 -> 0
E13: รายรับค่ารักษาพยาบาลผู้ป่วยเบิกต้นสังกัด | F13: =+ประมาณการรายรับ!K6+ประมาณการรายรับ!K7 -> 1.133913e+08 | G13: =+ประมาณการรายรับ!M6 -> 1.4978291e+08 | H13: =+ประมาณการรายรับ!O6 -> 160000000 | I13: =+ประมาณการรายรับ!R6 -> 68939728 | J13: =+I13/H13*100 -> 43.08733 | K13: =+ประมาณการรายรับ!T6 -> 160000000 | L13: =+ประมาณการรายรับ!V6 -> 1.0669321e+08 | M13: =+L13/K13*100 -> 66.683254 | N13: =+ประมาณการรายรับ!Y6 -> 160000000 | O13: =+ประมาณการรายรับ!Z6+ประมาณการรายรับ!Z7 -> 1.4031422e+08 | P13: =+O13/N13*100 -> 87.696387 | Q13: =+ประมาณการรายรับ!AB6+ประมาณการรายรับ!AB7 -> 150000000 | R13: =+ประมาณการรายรับ!AE6+ประมาณการรายรับ!AE7 -> 79330277 | S13: =+R13/Q13*100 -> 52.886851 | T13: =+ประมาณการรายรับ!AG6+ประมาณการรายรับ!AG7 -> 160000000 | U13: =+(T13-Q13)/T13*100 -> 6.25 | V13: =+T13-Q13 -> 10000000
E14: รายรับค่ารักษาพยาบาลเบิกจาก อปท. | F14: =+ประมาณการรายรับ!K8 -> 33388979 | G14: =+ประมาณการรายรับ!M8 -> 53444241 | H14: =+ประมาณการรายรับ!O8 -> 60000000 | I14: =+ประมาณการรายรับ!R8 -> 55379690 | J14: =+I14/H14*100 -> 92.299483 | K14: =+ประมาณการรายรับ!T8 -> 60000000 | L14: =+ประมาณการรายรับ!V8 -> 75077176 | M14: =+L14/K14*100 -> 125.12863 | N14: =+ประมาณการรายรับ!Y8 -> 60000000 | O14: =+ประมาณการรายรับ!Z8 -> 75273784 | P14: =+O14/N14*100 -> 125.45631 | Q14: =+ประมาณการรายรับ!AB8 -> 60000000 | R14: =+ประมาณการรายรับ!AE8 -> 23904233 | S14: =+R14/Q14*100 -> 39.840388 | T14: =+ประมาณการรายรับ!AG8 -> 60000000 | U14: =+(T14-Q14)/T14*100 -> 0 | V14: =+T14-Q14 -> 0
E15: รายรับค่ารักษาพยาบาลจากกองทุนประกันสังคม | F15: =+ประมาณการรายรับ!K14+ประมาณการรายรับ!L14 -> 3.0288769e+08 | G15: =+ประมาณการรายรับ!M14 -> 3.7264421e+08 | H15: =+ประมาณการรายรับ!O14 -> 3.81583e+08 | I15: =+ประมาณการรายรับ!R14 -> 1.746126e+08 | J15: =+I15/H15*100 -> 45.760058 | K15: =+ประมาณการรายรับ!T14 -> 365000000 | L15: =+ประมาณการรายรับ!V14 -> 2.4442917e+08 | M15: =+L15/K15*100 -> 66.966895 | N15: =+ประมาณการรายรับ!Y14 -> 315000000 | O15: =+ประมาณการรายรับ!Z14 -> 3.4698031e+08 | P15: =+O15/N15*100 -> 110.15248 | Q15: =+ประมาณการรายรับ!AB14 -> 350000000 | R15: =+ประมาณการรายรับ!AE14 -> 1.2993182e+08 | S15: =+R15/Q15*100 -> 37.123377 | T15: =+ประมาณการรายรับ!AG14 -> 350000000 | U15: =+(T15-Q15)/T15*100 -> 0 | V15: =+T15-Q15 -> 0
E16: รายรับค่ารักษาพยาบาลแรงงานต่างด้าว | F16: =+ประมาณการรายรับ!K16 -> 53074741 | G16: =+ประมาณการรายรับ!M16 -> 62740891 | H16: =+ประมาณการรายรับ!O16 -> 63000000 | I16: =+ประมาณการรายรับ!R16 -> 53809231 | J16: =+I16/H16*100 -> 85.411478 | K16: =+ประมาณการรายรับ!T16 -> 65000000 | L16: =+ประมาณการรายรับ!V16 -> 67600170 | M16: =+L16/K16*100 -> 104.00026 | N16: =+ประมาณการรายรับ!Y16 -> 65000000 | O16: =+ประมาณการรายรับ!Z16 -> 87645151 | P16: =+O16/N16*100 -> 134.83869 | Q16: =+ประมาณการรายรับ!AB16 -> 60000000 | R16: =+ประมาณการรายรับ!AE16 -> 51470548 | S16: =+R16/Q16*100 -> 85.784247 | T16: =+ประมาณการรายรับ!AG16 -> 60000000 | U16: =+(T16-Q16)/T16*100 -> 0 | V16: =+T16-Q16 -> 0
E17: รายรับค่ารักษาพยาบาลและการบริการอื่น | F17: =+ประมาณการรายรับ!K10+ประมาณการรายรับ!K11+ประมาณการรายรับ!K15+ประมาณการรายรับ!L11 -> 4.6062461e+08 | G17: =+ประมาณการรายรับ!M10+ประมาณการรายรับ!M15+ประมาณการรายรับ!M11 -> 4.9229072e+08 | H17: =+ประมาณการรายรับ!O10+ประมาณการรายรับ!O11+ประมาณการรายรับ!O15 -> 549000000 | I17: =+ประมาณการรายรับ!R10+ประมาณการรายรับ!R15+ประมาณการรายรับ!R11 -> 2.884586e+08 | J17: =+I17/H17*100 -> 52.542551 | K17: =+ประมาณการรายรับ!T10+ประมาณการรายรับ!T11+ประมาณการรายรับ!T15 -> 544000000 | L17: =+ประมาณการรายรับ!V10+ประมาณการรายรับ!V11+ประมาณการรายรับ!V15 -> 4.392999e+08 | M17: =+L17/K17*100 -> 80.753659 | N17: =+ประมาณการรายรับ!Y10+ประมาณการรายรับ!Y11+ประมาณการรายรับ!Y15 -> 544000000 | O17: =+ประมาณการรายรับ!Z10+ประมาณการรายรับ!Z11+ประมาณการรายรับ!Z15 -> 5.9269145e+08 | P17: =+O17/N17*100 -> 108.95063 | Q17: =+ประมาณการรายรับ!AB10+ประมาณการรายรับ!AB11+ประมาณการรายรับ!AB15 -> 610273460 | R17: =+ประมาณการรายรับ!AE10+ประมาณการรายรับ!AE11+ประมาณการรายรับ!AE15 -> 3.2780044e+08 | S17: =+R17/Q17*100 -> 53.713697 | T17: =+ประมาณการรายรับ!AG10+ประมาณการรายรับ!AG11+ประมาณการรายรับ!AG15 -> 614500000 | U17: =+(T17-Q17)/T17*100 -> 0.68780146 | V17: =+T17-Q17 -> 4226540
C18: รายรับอื่น
E19: รายรับเงินช่วยเหลือ | F19: 0 | G19: 0 | H19: 0 | I19: 0 | J19: 0 | K19: 0 | L19: 0 | M19: 0 | N19: 0 | O19: 0 | P19: 0 | Q19: 0 | R19: 0 | S19: 0 | T19: 0 | U19: 0
E20: รายรับเงินอุดหนุน | F20: 0 | G20: 0 | H20: 0 | I20: 0 | J20: 0 | K20: 0 | L20: 0 | M20: 0 | N20: 0 | O20: 0 | P20: 0 | Q20: 0 | R20: 0 | S20: 0 | T20: 0 | U20: 0
E21: รายรับจากการบริจาค | F21: =+ประมาณการรายรับ!K20 -> 39570974 | G21: =+ประมาณการรายรับ!M20 -> 57795480 | H21: =+ประมาณการรายรับ!O20 -> 123000000 | I21: =+ประมาณการรายรับ!R20 -> 3.3596509e+08 | J21: =+I21/H21*100 -> 273.14235 | K21: =+ประมาณการรายรับ!T20 -> 420000000 | L21: =+ประมาณการรายรับ!V20 -> 4.119507e+08 | M21: =+L21/K21*100 -> 98.083499 | N21: =+ประมาณการรายรับ!Y20 -> 4.119507e+08 | O21: =+ประมาณการรายรับ!Z20 -> 4.2419399e+08 | P21: =+O21/N21*100 -> 102.97203 | Q21: =+ประมาณการรายรับ!AB20 -> 100000000 | R21: =+ประมาณการรายรับ!AE20 -> 60933732 | S21: =+R21/Q21*100 -> 60.933732 | T21: =+ประมาณการรายรับ!AG20 -> 150000000 | U21: =+(T21-Q21)/T21*100 -> 33.333333 | V21: =+T21-Q21 -> 50000000
E22: รายรับดอกเบี้ยเงินฝากธนาคาร | F22: =+ประมาณการรายรับ!K17 -> 2022594.5 | G22: =+ประมาณการรายรับ!M17 -> 2896990.4 | H22: =+ประมาณการรายรับ!O17 -> 3000000 | I22: =+ประมาณการรายรับ!R17 -> 1322097.3 | J22: =+I22/H22*100 -> 44.069909 | K22: =+ประมาณการรายรับ!T17 -> 2500000 | L22: =+ประมาณการรายรับ!V17 -> 3096143.2 | M22: =+L22/K22*100 -> 123.84573 | N22: =+ประมาณการรายรับ!Y17 -> 2500000 | O22: =+ประมาณการรายรับ!Z17 -> 3269077.6 | P22: =+O22/N22*100 -> 130.7631 | Q22: =+ประมาณการรายรับ!AB17 -> 2500000 | R22: =+ประมาณการรายรับ!AE17 -> 1353525.5 | S22: =+R22/Q22*100 -> 54.14102 | T22: =+ประมาณการรายรับ!AG17 -> 2500000 | U22: =+(T22-Q22)/T22*100 -> 0 | V22: =+T22-Q22 -> 0
E23: รายรับอื่น | F23: =+ประมาณการรายรับ!K19 -> 19066136 | G23: =+ประมาณการรายรับ!M19 -> 52743682 | H23: =+ประมาณการรายรับ!O19 -> 52540891 | I23: =+ประมาณการรายรับ!R19 -> 18239955 | J23: =+I23/H23*100 -> 34.715733 | K23: =+ประมาณการรายรับ!T19 -> 25000000 | L23: =+ประมาณการรายรับ!V19 -> 21765857 | M23: =+L23/K23*100 -> 87.063429 | N23: =+ประมาณการรายรับ!Y19 -> 25000000 | O23: =+ประมาณการรายรับ!Z19 -> 55181492 | P23: =+O23/N23*100 -> 220.72597 | Q23: =+ประมาณการรายรับ!AB19 -> 28000000 | R23: =+ประมาณการรายรับ!AE19 -> 10378143 | S23: =+R23/Q23*100 -> 37.064797 | T23: =+ประมาณการรายรับ!AG19 -> 28000000 | U23: =+(T23-Q23)/T23*100 -> 0 | V23: =+T23-Q23 -> 0
E24: รวมรายรับ | F24: =SUM(F9:F23) -> 1.8910728e+09 | G24: =SUM(G9:G23) -> 2.2530046e+09 | H24: =SUM(H9:H23) -> 2.4106239e+09 | I24: =SUM(I9:I23) -> 1.4871378e+09 | J24: =+I24/H24*100 -> 61.690992 | K24: =SUM(K9:K23) -> 2.6588274e+09 | L24: =SUM(L9:L23) -> 2.137919e+09 | M24: =+L24/K24*100 -> 80.408342 | N24: =SUM(N9:N23) -> 2.550778e+09 | O24: =SUM(O9:O23) -> 2.6779505e+09 | P24: =+O24/N24*100 -> 104.98563 | Q24: =SUM(Q9:Q23) -> 2349273460 | R24: =SUM(R9:R23) -> 1.3448757e+09 | S24: =+R24/Q24*100 -> 57.246452 | T24: =SUM(T9:T23) -> 2.459096e+09 | U24: =+(T24-Q24)/T24*100 -> 4.4659727 | V24: =+T24-Q24 -> 1.0982256e+08
B25: รายจ่าย
C26: รายจ่ายบุคลากร
E27: ค่าจ้างลูกจ้างชั่วคราว / พนักงานกระทรวง | F27: 1.8846488e+08 | G27: =+ประมาณการรายจ่าย!M5 -> 1.917608e+08 | H27: =+รายละเอียดรายจ่าย!Y5 -> 205000000 | I27: =+ประมาณการรายจ่าย!R5 -> 1.008702e+08 | J27: =+I27/H27*100 -> 49.204977 | K27: =+รายละเอียดรายจ่าย!AF5 -> 205000000 | L27: =+รายละเอียดรายจ่าย!AG5 -> 1.5132586e+08 | M27: =+L27/K27*100 -> 73.817492 | N27: =+รายละเอียดรายจ่าย!AJ5 -> 205000000 | O27: =+ประมาณการรายจ่าย!Z5 -> 2.0640163e+08 | P27: =+O27/N27*100 -> 100.68372 | Q27: =+รายละเอียดรายจ่าย!AN5+รายละเอียดรายจ่าย!AN222 -> 212329680 | R27: =+รายละเอียดรายจ่าย!AR5 -> 1.1330709e+08 | S27: =+R27/Q27*100 -> 53.363754 | T27: =+รายละเอียดรายจ่าย!AU5 -> 212000000 | U27: =+(T27-Q27)/T27*100 -> -0.15550943 | V27: =+T27-Q27 -> -329680
E28: ค่าล่วงเวลางานบริการ / งานสนับสนุน | F28: 0 | G28: 0 | H28: 0 | I28: 0 | J28: 0 | K28: 0 | L28: 0 | M28: 0 | N28: 0 | O28: 0 | P28: 0 | Q28: 0 | R28: 0 | S28: 0 | T28: 0 | V28: =+T28-Q28 -> 0
E29: ค่าตอบแทนการปฏิบัติงานเวรผลัดบ่ายหรือผลัดดึกของเจ้าหน้าที่ | F29: 26605920 | G29: =3801440+5627970+3063870+2496060+3050640+2634390+3027090+2362770+2731950+2622150+2979720+2955780 -> 37353830 | H29: 40000000 | I29: 28124363 | J29: =+I29/H29*100 -> 70.310907 | K29: 48000000 | L29: 41070563 | M29: =+L29/K29*100 -> 85.563673 | N29: =+K29 -> 48000000 | O29: =49997833+2609125 -> 52606958 | P29: =+O29/N29*100 -> 109.59783 | Q29: 50000000 | R29: 28232440 | S29: =+R29/Q29*100 -> 56.46488 | T29: 50000000 | U29: =+(T29-Q29)/T29*100 -> 0 | V29: =+T29-Q29 -> 0
E30: ค่าตอบแทนเงินเพิ่มพิเศษไม่ทำเวชปฏิบัติส่วนตัว หรือปฏิบัติงาน รพ.เอกชน | F30: 10495200 | G30: =+ประมาณการรายจ่าย!M12 -> 10899200 | H30: =+รายละเอียดรายจ่าย!Y130 -> 11136000 | I30: =+รายละเอียดรายจ่าย!AD131+รายละเอียดรายจ่าย!AD132+รายละเอียดรายจ่าย!AD133 -> 5445000 | J30: =+I30/H30*100 -> 48.895474 | K30: =+รายละเอียดรายจ่าย!AF131+รายละเอียดรายจ่าย!AF132+รายละเอียดรายจ่าย!AF133 -> 11040000 | L30: =+รายละเอียดรายจ่าย!AG131+รายละเอียดรายจ่าย!AG132+รายละเอียดรายจ่าย!AG133 -> 8100000 | M30: =+L30/K30*100 -> 73.369565 | N30: =+รายละเอียดรายจ่าย!AJ131+รายละเอียดรายจ่าย!AJ132+รายละเอียดรายจ่าย!AJ133 -> 11040000 | O30: =+รายละเอียดรายจ่าย!AK131+รายละเอียดรายจ่าย!AK132+รายละเอียดรายจ่าย!AK133 -> 10915000 | P30: =+O30/N30*100 -> 98.867754 | Q30: =+รายละเอียดรายจ่าย!AN131+รายละเอียดรายจ่าย!AN132+รายละเอียดรายจ่าย!AN133 -> 11040000 | R30: =+รายละเอียดรายจ่าย!AR131+รายละเอียดรายจ่าย!AR132+รายละเอียดรายจ่าย!AR133 -> 5185000 | S30: =+R30/Q30*100 -> 46.96558 | T30: =+รายละเอียดรายจ่าย!AU131+รายละเอียดรายจ่าย!AU132+รายละเอียดรายจ่าย!AU133 -> 11040000 | U30: =+(T30-Q30)/T30*100 -> 0 | V30: =+T30-Q30 -> 0
E31: ค่าตอบแทนเบี้ยเลี้ยงเหมาจ่าย (ฉ.11) | F31: 0 | G31: 0 | H31: 0 | I31: 0 | J31: 0 | K31: 0 | L31: 0 | M31: 0 | N31: 0 | O31: 0 | P31: 0 | Q31: 0 | R31: 0 | S31: 0 | T31: 0 | V31: =+T31-Q31 -> 0
E32: ค่าตอบแทนตามผลการปฏิบัติงาน (ฉ.12) | F32: 8605551 | G32: =+รายละเอียดรายจ่าย!R10 -> 41374950 | H32: =+รายละเอียดรายจ่าย!Y10 -> 41200000 | I32: =+รายละเอียดรายจ่าย!AD10 -> 13805834 | J32: =+I32/H32*100 -> 33.509306 | K32: =+รายละเอียดรายจ่าย!AF10 -> 41200000 | L32: =+รายละเอียดรายจ่าย!AG10 -> 15644233 | M32: =+L32/K32*100 -> 37.971439 | N32: =+รายละเอียดรายจ่าย!AJ10 -> 41200000 | O32: =+รายละเอียดรายจ่าย!AK10 -> 25896114 | P32: =+O32/N32*100 -> 62.854646 | Q32: =+รายละเอียดรายจ่าย!AN10 -> 52600000 | R32: =+รายละเอียดรายจ่าย!AR10 -> 10163706 | S32: =+R32/Q32*100 -> 19.322635 | T32: =+รายละเอียดรายจ่าย!AU10 -> 52600000 | U32: =+(T32-Q32)/T32*100 -> 0 | V32: =+T32-Q32 -> 0
E33: เงินเพิ่ม (พ.ต.ส) | F33: 225000 | G33: =+รายละเอียดรายจ่าย!R13 -> 0 | H33: =+รายละเอียดรายจ่าย!Y13 -> 300000 | I33: 0 | J33: =+I33/H33*100 -> 0 | K33: =+รายละเอียดรายจ่าย!AF13 -> 300000 | L33: =+รายละเอียดรายจ่าย!AG13 -> 0 | M33: =+รายละเอียดรายจ่าย!AI13 -> 0 | N33: =+รายละเอียดรายจ่าย!AJ13 -> 300000 | O33: =+รายละเอียดรายจ่าย!AK13 -> 70000 | P33: =+O33/N33*100 -> 23.333333 | Q33: =+รายละเอียดรายจ่าย!AN13 -> 300000 | R33: =+รายละเอียดรายจ่าย!AR13 -> 210000 | S33: =+R33/Q33*100 -> 70 | T33: =+รายละเอียดรายจ่าย!AU13 -> 300000 | U33: =+(T33-Q33)/T33*100 -> 0 | V33: =+T33-Q33 -> 0
E34: ค่าตอบแทนเจ้าหน้าที่ปฏิบัติงานของเจ้าหน้าที่ (นอกเวลา) ฉ5 | F34: =367202135.79+10495200-F29-F30 -> 3.4059622e+08 | G34: =+รายละเอียดรายจ่าย!R7-G29 -> 3.9459317e+08 | H34: =432000000-H29 -> 392000000 | I34: =+รายละเอียดรายจ่าย!AD7-I29 -> 1.9464115e+08 | J34: =+I34/H34*100 -> 49.653353 | K34: =+รายละเอียดรายจ่าย!AF7-K29 -> 384000000 | L34: =+รายละเอียดรายจ่าย!AG7-L29 -> 3.0266828e+08 | M34: =+L34/K34*100 -> 78.819863 | N34: =+รายละเอียดรายจ่าย!AJ7-N29 -> 384000000 | O34: =+รายละเอียดรายจ่าย!AK7-O29 -> 4.1044253e+08 | P34: =+O34/N34*100 -> 106.88608 | Q34: =+รายละเอียดรายจ่าย!AN7-Q29 -> 382000000 | R34: =+รายละเอียดรายจ่าย!AR7-R29 -> 2.0588715e+08 | S34: =+R34/Q34*100 -> 53.89716 | T34: =+รายละเอียดรายจ่าย!AU7-T29 -> 382000000 | U34: =+(T34-Q34)/T34*100 -> 0 | V34: =+T34-Q34 -> 0
E35: ค่าตอบแทนเจ้าหน้าที่ปฏิบัติงานในคลินิกพิเศษเฉพาะทางนอกเวลาราชการ (SMC) | V35: =+T35-Q35 -> 0
E36: ค่าตอบแทนอื่น | F36: =555000+295380+1278500 -> 2128880 | G36: =+รายละเอียดรายจ่าย!R8+รายละเอียดรายจ่าย!R11+รายละเอียดรายจ่าย!R12 -> 2342425 | H36: =+รายละเอียดรายจ่าย!Y8+รายละเอียดรายจ่าย!Y11+รายละเอียดรายจ่าย!Y12+รายละเอียดรายจ่าย!Y15 -> 2200000 | I36: =+รายละเอียดรายจ่าย!AD134+รายละเอียดรายจ่าย!AD8+รายละเอียดรายจ่าย!AD11+รายละเอียดรายจ่าย!AD12 -> 1219775 | J36: =+I36/H36*100 -> 55.444318 | K36: =+รายละเอียดรายจ่าย!AF134+รายละเอียดรายจ่าย!AF8+รายละเอียดรายจ่าย!AF11+รายละเอียดรายจ่าย!AF12+รายละเอียดรายจ่าย!AF15 -> 2296000 | L36: =+รายละเอียดรายจ่าย!AG8+รายละเอียดรายจ่าย!AG11+รายละเอียดรายจ่าย!AG12+รายละเอียดรายจ่าย!AG134 -> 1765925 | M36: =+L36/K36*100 -> 76.91311 | N36: =+รายละเอียดรายจ่าย!AJ8+รายละเอียดรายจ่าย!AJ11+รายละเอียดรายจ่าย!AJ12+รายละเอียดรายจ่าย!AJ15+รายละเอียดรายจ่าย!AJ134 -> 2296000 | O36: =+รายละเอียดรายจ่าย!AK11+รายละเอียดรายจ่าย!AK12+รายละเอียดรายจ่าย!AK8 -> 2482475 | P36: =+O36/N36*100 -> 108.12173 | Q36: =+รายละเอียดรายจ่าย!AN8+รายละเอียดรายจ่าย!AN11+รายละเอียดรายจ่าย!AN12+รายละเอียดรายจ่าย!AN15+รายละเอียดรายจ่าย!AN134 -> 2296000 | R36: =+รายละเอียดรายจ่าย!AR8+รายละเอียดรายจ่าย!AR11+รายละเอียดรายจ่าย!AR12+รายละเอียดรายจ่าย!AR15+รายละเอียดรายจ่าย!AR134 -> 1290015 | S36: =+R36/Q36*100 -> 56.185322 | T36: =+รายละเอียดรายจ่าย!AU8+รายละเอียดรายจ่าย!AU11+รายละเอียดรายจ่าย!AU12+รายละเอียดรายจ่าย!AU15+รายละเอียดรายจ่าย!AU134 -> 2296000 | U36: =+(T36-Q36)/T36*100 -> 0 | V36: =+T36-Q36 -> 0
E37: เงินค่าใช้จ่ายบุคลากรอื่น | F37: =189000+247200 -> 436200 | G37: =+รายละเอียดรายจ่าย!R9 -> 147300 | H37: =+รายละเอียดรายจ่าย!Y9+รายละเอียดรายจ่าย!Y16 -> 500000 | I37: =+รายละเอียดรายจ่าย!AD9+รายละเอียดรายจ่าย!AD16 -> 53400 | J37: =+I37/H37*100 -> 10.68 | K37: =+รายละเอียดรายจ่าย!AF16+รายละเอียดรายจ่าย!AF9 -> 500000 | L37: =+รายละเอียดรายจ่าย!AG16+รายละเอียดรายจ่าย!AG9 -> 120592 | M37: =+L37/K37*100 -> 24.1184 | N37: =+รายละเอียดรายจ่าย!AJ9+รายละเอียดรายจ่าย!AJ16 -> 500000 | O37: =+รายละเอียดรายจ่าย!AK16+รายละเอียดรายจ่าย!AK9+รายละเอียดรายจ่าย!AK134 -> 229492 | P37: =+O37/N37*100 -> 45.8984 | Q37: =+รายละเอียดรายจ่าย!AN9+รายละเอียดรายจ่าย!AN16 -> 500000 | R37: =+รายละเอียดรายจ่าย!AR9+รายละเอียดรายจ่าย!AR16 -> 164400 | S37: =+R37/Q37*100 -> 32.88 | T37: =+รายละเอียดรายจ่าย!AU9+รายละเอียดรายจ่าย!AU16 -> 500000 | U37: =+(T37-Q37)/T37*100 -> 0 | V37: =+T37-Q37 -> 0
C38: รายจ่ายจากการดำเนินงาน
E39: ค่ายา | F39: 4.2364677e+08 | G39: =+รายละเอียดรายจ่าย!R155 -> 5.0685247e+08 | H39: =+รายละเอียดรายจ่าย!Y155 -> 480000000 | I39: =+รายละเอียดรายจ่าย!AD155 -> 2.4986011e+08 | J39: =+I39/H39*100 -> 52.05419 | K39: =+รายละเอียดรายจ่าย!AF155 -> 500000000 | L39: =+รายละเอียดรายจ่าย!AG155 -> 3.8111785e+08 | M39: =+L39/K39*100 -> 76.223569 | N39: =+รายละเอียดรายจ่าย!AJ155 -> 530000000 | O39: =+รายละเอียดรายจ่าย!AK155 -> 5.4328725e+08 | P39: =+O39/N39*100 -> 102.50703 | Q39: =+รายละเอียดรายจ่าย!AN155 -> 500000000 | R39: =+รายละเอียดรายจ่าย!AR155 -> 3.292986e+08 | S39: =+R39/Q39*100 -> 65.85972 | T39: =+รายละเอียดรายจ่าย!AU155 -> 530000000 | U39: =+(T39-Q39)/T39*100 -> 5.6603774 | V39: =+T39-Q39 -> 30000000
E40: ค่าเวชภัณฑ์มิใช่ยา
E41: ค่าวัสดุการแพทย์ | F41: 2.9458271e+08 | G41: =+รายละเอียดรายจ่าย!R163 -> 3.8081199e+08 | H41: =+รายละเอียดรายจ่าย!Y163 -> 332850000 | I41: =+รายละเอียดรายจ่าย!AD163 -> 1.8382693e+08 | J41: =+I41/H41*100 -> 55.228158 | K41: =+รายละเอียดรายจ่าย!AF164+รายละเอียดรายจ่าย!AF165+รายละเอียดรายจ่าย!AF166+รายละเอียดรายจ่าย!AF167+รายละเอียดรายจ่าย!AF168+รายละเอียดรายจ่าย!AF169+รายละเอียดรายจ่าย!AF170+รายละเอียดรายจ่าย!AF171+รายละเอียดรายจ่าย!AF172+รายละเอียดรายจ่าย!AF173+รายละเอียดรายจ่าย!AF174 -> 357850000 | L41: =+รายละเอียดรายจ่าย!AG163 -> 2.7447779e+08 | M41: =+L41/K41*100 -> 76.701912 | N41: =+รายละเอียดรายจ่าย!AJ164+รายละเอียดรายจ่าย!AJ165+รายละเอียดรายจ่าย!AJ166+รายละเอียดรายจ่าย!AJ167+รายละเอียดรายจ่าย!AJ168+รายละเอียดรายจ่าย!AJ169+รายละเอียดรายจ่าย!AJ170+รายละเอียดรายจ่าย!AJ171+รายละเอียดรายจ่าย!AJ172+รายละเอียดรายจ่าย!AJ173+รายละเอียดรายจ่าย!AJ174 -> 362090000 | O41: =+รายละเอียดรายจ่าย!AK163 -> 3.6702322e+08 | P41: =+O41/N41*100 -> 101.36243 | Q41: =+รายละเอียดรายจ่าย!AN163 -> 356040000 | R41: =+รายละเอียดรายจ่าย!AR163 -> 2.0472507e+08 | S41: =+R41/Q41*100 -> 57.500582 | T41: =+รายละเอียดรายจ่าย!AU163 -> 366540000 | U41: =+(T41-Q41)/T41*100 -> 2.864626 | V41: =+T41-Q41 -> 10500000
E42: ค่าวัสดุวิทยาศาสตร์การแพทย์ | F42: 1.0830269e+08 | G42: =+รายละเอียดรายจ่าย!R147 -> 115724946 | H42: =+รายละเอียดรายจ่าย!Y147 -> 115000000 | I42: =+รายละเอียดรายจ่าย!AA147 -> 18202622 | J42: =+I42/H42*100 -> 15.828367 | K42: =+รายละเอียดรายจ่าย!AF147 -> 114000000 | L42: =+รายละเอียดรายจ่าย!AG147 -> 77604035 | M42: =+L42/K42*100 -> 68.073714 | N42: =+รายละเอียดรายจ่าย!AJ147 -> 114000000 | O42: =+รายละเอียดรายจ่าย!AK147 -> 1.2171739e+08 | P42: =+O42/N42*100 -> 106.76964 | Q42: =+รายละเอียดรายจ่าย!AN147 -> 126500000 | R42: =+รายละเอียดรายจ่าย!AR147 -> 31645459 | S42: =+R42/Q42*100 -> 25.016173 | T42: =+รายละเอียดรายจ่าย!AU147 -> 126500000 | U42: =+(T42-Q42)/T42*100 -> 0 | V42: =+T42-Q42 -> 0
E43: ค่าวัสดุเภสัช | F43: 4860582.4 | G43: =+รายละเอียดรายจ่าย!R157 -> 7758767.7 | H43: =+รายละเอียดรายจ่าย!Y157 -> 8000000 | I43: =+รายละเอียดรายจ่าย!AD157 -> 3932785.1 | J43: =+I43/H43*100 -> 49.159814 | K43: =+รายละเอียดรายจ่าย!AF157 -> 8000000 | L43: =+รายละเอียดรายจ่าย!AG157 -> 4822656.7 | M43: =+L43/K43*100 -> 60.283208 | N43: =+รายละเอียดรายจ่าย!AJ157 -> 8000000 | O43: =+รายละเอียดรายจ่าย!AK157 -> 7196561.5 | P43: =+O43/N43*100 -> 89.957019 | Q43: =+รายละเอียดรายจ่าย!AN157 -> 8000000 | R43: =+รายละเอียดรายจ่าย!AR157 -> 3612236.6 | S43: =+R43/Q43*100 -> 45.152957 | T43: =+รายละเอียดรายจ่าย!AU157 -> 8000000 | U43: =+(T43-Q43)/T43*100 -> 0 | V43: =+T43-Q43 -> 0
E44: ค่าวัสดุทันตกรรม | F44: 10163307 | G44: =+รายละเอียดรายจ่าย!R158 -> 12136643 | H44: =+รายละเอียดรายจ่าย!Y158 -> 10000000 | I44: =+รายละเอียดรายจ่าย!AD158 -> 4292423.5 | J44: =+I44/H44*100 -> 42.924235 | K44: =+รายละเอียดรายจ่าย!AF158 -> 13000000 | L44: =+รายละเอียดรายจ่าย!AG158 -> 7656813 | M44: =+L44/K44*100 -> 58.898562 | N44: =+รายละเอียดรายจ่าย!AJ158 -> 13000000 | O44: =+รายละเอียดรายจ่าย!AK158 -> 10784868 | P44: =+O44/N44*100 -> 82.960524 | Q44: =+รายละเอียดรายจ่าย!AN158 -> 10000000 | R44: =+รายละเอียดรายจ่าย!AR158 -> 6134433.3 | S44: =+R44/Q44*100 -> 61.344333 | T44: =+รายละเอียดรายจ่าย!AU158 -> 10000000 | U44: =+(T44-Q44)/T44*100 -> 0 | V44: =+T44-Q44 -> 0
E45: ค่าวัสดุเอ็กซเรย์ | F45: 4427235.5 | G45: =+รายละเอียดรายจ่าย!R159 -> 22896824 | H45: =+รายละเอียดรายจ่าย!Y159 -> 30000000 | I45: =+รายละเอียดรายจ่าย!AD159 -> 10926774 | J45: =+I45/H45*100 -> 36.422579 | K45: =+รายละเอียดรายจ่าย!AF159 -> 30000000 | L45: =+รายละเอียดรายจ่าย!AG159 -> 17196707 | M45: =+L45/K45*100 -> 57.322356 | N45: =+รายละเอียดรายจ่าย!AJ159 -> 30000000 | O45: =+รายละเอียดรายจ่าย!AK159 -> 23154495 | P45: =+O45/N45*100 -> 77.181649 | Q45: =+รายละเอียดรายจ่าย!AN159 -> 30000000 | R45: =+รายละเอียดรายจ่าย!AR159 -> 12615605 | S45: =+R45/Q45*100 -> 42.052017 | T45: =+รายละเอียดรายจ่าย!AU159 -> 30000000 | U45: =+(T45-Q45)/T45*100 -> 0 | V45: =+T45-Q45 -> 0
E46: ค่าวัสดุ | F46: =904032336.97-F41-F42-F43-F44-F45-F39 -> 58049037 | G46: =+รายละเอียดรายจ่าย!R135-G39-G41-G42-G43-G44-G45 -> 66635517 | H46: =+รายละเอียดรายจ่าย!Y135-H39-H41-H42-H43-H44-H45 -> 74130000 | I46: =+รายละเอียดรายจ่าย!AD135-I39-I41-I42-I43-I44-I45 -> 61962203 | J46: =+I46/H46*100 -> 83.585867 | K46: =+รายละเอียดรายจ่าย!AF135-K39-K41-K42-K43-K44-K45 -> 74890000 | L46: =+รายละเอียดรายจ่าย!AG135-L39-L41-L42-L43-L44-L45 -> 48412914 | M46: =+L46/K46*100 -> 64.645366 | N46: =+รายละเอียดรายจ่าย!AJ135-N39-N41-N42-N43-N44-N45 -> 74890000 | O46: =+รายละเอียดรายจ่าย!AK135-O45-O44-O43-O42-O41-O39 -> 69659346 | P46: =+O46/N46*100 -> 93.015551 | Q46: =+รายละเอียดรายจ่าย!AN135-Q39-Q41-Q42-Q43-Q44-Q45 -> 71020000 | R46: =+รายละเอียดรายจ่าย!AR135-R39-R41-R42-R43-R44-R45 -> 42322372 | S46: =+R46/Q46*100 -> 59.592189 | T46: =+รายละเอียดรายจ่าย!AU135-T39-T41-T42-T43-T44-T45 -> 74120000 | U46: =+(T46-Q46)/T46*100 -> 4.1824069 | V46: =+T46-Q46 -> 3100000
E47: ค่าสาธารณูปโภค | F47: 64033302 | G47: =+รายละเอียดรายจ่าย!R125 -> 59796624 | H47: =+รายละเอียดรายจ่าย!Y125 -> 70000000 | I47: =+รายละเอียดรายจ่าย!AD125 -> 29100809 | J47: =+I47/H47*100 -> 41.572585 | K47: =+รายละเอียดรายจ่าย!AF125 -> 70000000 | L47: =+รายละเอียดรายจ่าย!AG125 -> 44400794 | M47: =+L47/K47*100 -> 63.429705 | N47: =+รายละเอียดรายจ่าย!AJ125 -> 70000000 | O47: =+รายละเอียดรายจ่าย!AK125 -> 59560214 | P47: =+O47/N47*100 -> 85.086019 | Q47: =+รายละเอียดรายจ่าย!AN125 -> 70000000 | R47: =+รายละเอียดรายจ่าย!AR125 -> 29037250 | S47: =+R47/Q47*100 -> 41.481785 | T47: =+รายละเอียดรายจ่าย!AU125 -> 60000000 | U47: =+(T47-Q47)/T47*100 -> -16.666667 | V47: =+T47-Q47 -> -10000000
E48: ค่าใช้สอย | F48: 1.7022475e+08 | G48: =+รายละเอียดรายจ่าย!R17 -> 2.1937941e+08 | H48: =+รายละเอียดรายจ่าย!Y17 -> 209321600 | I48: =+รายละเอียดรายจ่าย!AD17 -> 92750469 | J48: =+I48/H48*100 -> 44.310033 | K48: =+รายละเอียดรายจ่าย!AF17+รายละเอียดรายจ่าย!AF218 -> 2.03055e+08 | L48: =+รายละเอียดรายจ่าย!AG17 -> 1.442119e+08 | M48: =+L48/K48*100 -> 71.021103 | N48: =+รายละเอียดรายจ่าย!AJ17+รายละเอียดรายจ่าย!AJ218 -> 2.03055e+08 | O48: =+รายละเอียดรายจ่าย!AK17+325000 -> 2.0041744e+08 | P48: =+O48/N48*100 -> 98.701063 | Q48: =+รายละเอียดรายจ่าย!AN17+รายละเอียดรายจ่าย!AN223 -> 236517690 | R48: =+รายละเอียดรายจ่าย!AR17 -> 1.0752965e+08 | S48: =+R48/Q48*100 -> 45.463681 | T48: =+รายละเอียดรายจ่าย!AU17+รายละเอียดรายจ่าย!AU222+รายละเอียดรายจ่าย!AU223 -> 268157520 | U48: =+(T48-Q48)/T48*100 -> 11.798972 | V48: =+T48-Q48 -> 31639830
E49: ค่าใช้จ่ายดำเนินงานอื่น | F49: 0 | G49: 0 | H49: 0 | I49: 0 | J49: 0 | K49: 0 | L49: 0 | M49: 0 | N49: 0 | O49: 0 | P49: 0 | Q49: 0 | R49: 0 | S49: 0 | T49: 0 | V49: =+T49-Q49 -> 0
C50: รายจ่ายลงทุน
E51: ค่าครุภัณฑ์
E52: ค่าครุภัณฑ์งบค่าเสื่อม | F52: 16655750 | G52: =+รายละเอียดรายจ่าย!R193 -> 0 | H52: =+รายละเอียดรายจ่าย!Y193 -> 16000000 | I52: 0 | J52: 0 | K52: =+รายละเอียดรายจ่าย!AF193 -> 30827352 | L52: =+รายละเอียดรายจ่าย!AG193 -> 0 | M52: =+L52/K52*100 -> 0 | N52: =+รายละเอียดรายจ่าย!AJ193 -> 30827352 | O52: =+รายละเอียดรายจ่าย!AW193 -> 16665000 | P52: =+O52/N52*100 -> 54.059136 | Q52: =+รายละเอียดรายจ่าย!AN193 -> 17000000 | R52: =+รายละเอียดรายจ่าย!AR193 -> 10122384 | S52: =+R52/Q52*100 -> 59.543438 | T52: =+รายละเอียดรายจ่าย!AU193 -> 22596016 | U52: =+(T52-Q52)/T52*100 -> 24.765499 | V52: =+T52-Q52 -> 5596016.2
E53: ค่าครุภัณฑ์เงินบริจาค | F53: =62031461.74-F52 -> 45375712 | G53: =+รายละเอียดรายจ่าย!R178 -> 89194196 | H53: 0 | I53: 0 | J53: 0 | K53: 0 | L53: 0 | M53: 0 | N53: 0 | O53: 0 | P53: 0 | Q53: 0 | R53: 0 | S53: 0 | T53: 0 | V53: =+T53-Q53 -> 0
E54: ค่าครุภัณฑ์เงินบำรุง | H54: =+รายละเอียดรายจ่าย!Y178-H52+รายละเอียดรายจ่าย!Y218+รายละเอียดรายจ่าย!Y219 -> 88046937 | I54: =+รายละเอียดรายจ่าย!AD178 -> 39114996 | J54: =+I54/H54*100 -> 44.425164 | K54: =+รายละเอียดรายจ่าย!AF178-K52+รายละเอียดรายจ่าย!AF219 -> 1.4755332e+08 | L54: =+รายละเอียดรายจ่าย!AG178 -> 44725395 | M54: =+L54/K54*100 -> 30.311345 | N54: =+รายละเอียดรายจ่าย!AJ178-N52+ประมาณการรายจ่าย!Y15 -> 1.0334183e+08 | O54: =+รายละเอียดรายจ่าย!AK178-O52+รายละเอียดรายจ่าย!AK219 -> 98849620 | P54: =+O54/N54*100 -> 95.653054 | Q54: =+รายละเอียดรายจ่าย!AN178-Q52 -> 1.4028332e+08 | R54: =+รายละเอียดรายจ่าย!AR178-R52 -> 52319171 | S54: =+R54/Q54*100 -> 37.295363 | T54: =+รายละเอียดรายจ่าย!AU178-T52+รายละเอียดรายจ่าย!AU220 -> 1.9073823e+08 | U54: =+(T54-Q54)/T54*100 -> 26.452438 | V54: =+T54-Q54 -> 50454911
E55: ค่าที่ดินและสิ่งก่อสร้าง
E56: ค่าที่ดินและสิ่งก่อสร้างงบค่าเสื่อม | F56: 0 | G56: 0 | H56: 0 | I56: 0 | J56: 0 | K56: 0 | L56: 0 | M56: 0 | N56: 0 | O56: 0 | P56: 0 | Q56: 0 | R56: 0 | S56: 0 | T56: 0
E57: ค่าที่ดินและสิ่งก่อสร้างเงินบริจาค | F57: 0 | G57: =+รายละเอียดรายจ่าย!R195 -> 0 | H57: =+รายละเอียดรายจ่าย!Y197 -> 24000000 | I57: 0 | J57: 0 | K57: =+รายละเอียดรายจ่าย!AF197 -> 200000000 | L57: =+L56 -> 0 | M57: 0 | N57: =+รายละเอียดรายจ่าย!AJ197 -> 14465000 | O57: =+รายละเอียดรายจ่าย!AK197 -> 0 | P57: =+รายละเอียดรายจ่าย!AL197 -> 0 | Q57: =+รายละเอียดรายจ่าย!AN197+รายละเอียดรายจ่าย!AN198 -> 229000000 | R57: =+รายละเอียดรายจ่าย!AR198 -> 41982194 | S57: =+R57/Q57*100 -> 18.332836 | T57: =+'สิ่งก่อสร้าง (NEW)'!E38 -> 104700000 | U57: =+(T57-Q57)/T57*100 -> -118.72015 | V57: =+T57-Q57 -> -124300000
E58: ค่าที่ดินและสิ่งก่อสร้างเงินบำรุง | F58: 0 | G58: =+รายละเอียดรายจ่าย!R196 -> 0 | H58: =+รายละเอียดรายจ่าย!Y196 -> 2.2602691e+08 | I58: =+รายละเอียดรายจ่าย!AD195 -> 1237363 | J58: =+I58/H58*100 -> 0.54744057 | K58: =+รายละเอียดรายจ่าย!AF196 -> 1.7364051e+08 | L58: =+รายละเอียดรายจ่าย!AG195 -> 6270963 | M58: =+L58/K58*100 -> 3.6114631 | N58: =+รายละเอียดรายจ่าย!AJ196 -> 28350511 | O58: =+รายละเอียดรายจ่าย!AK196 -> 20311326 | P58: =+O58/N58*100 -> 71.643597 | Q58: =+รายละเอียดรายจ่าย!AN196+รายละเอียดรายจ่าย!AN220 -> 2.7508117e+08 | R58: =+รายละเอียดรายจ่าย!AR195-R57 -> 34545500 | S58: =+R58/Q58*100 -> 12.558293 | T58: =+รายละเอียดรายจ่าย!AU196 -> 89577751 | U58: =+(T58-Q58)/T58*100 -> -207.08648 | V58: =+T58-Q58 -> -1.8550341e+08
C59: รายจ่ายอื่น
D60: รายจ่ายสนับสนุน รพ.สต. รพช. รพท. รพศ. สสอ. สสจ. | F60: =127930+1102457.67+1099806.51+4230700 -> 6560894.2 | G60: 11105887 | H60: =+รายละเอียดรายจ่าย!Y210 -> 2000000 | I60: =+รายละเอียดรายจ่าย!AD210 -> 31200 | J60: 0 | K60: =+รายละเอียดรายจ่าย!AF210 -> 2000000 | L60: =+รายละเอียดรายจ่าย!AG199 -> 10621099 | M60: =+L60/(K60+K61)*100 -> 47.303824 | N60: 17600000 | O60: =+รายละเอียดรายจ่าย!AK210+รายละเอียดรายจ่าย!AK205 -> 11673320 | P60: =+O60/N60*100 -> 66.325682 | Q60: =+รายละเอียดรายจ่าย!AN205 -> 5071005.1 | R60: =+รายละเอียดรายจ่าย!AR205 -> 5194485.1 | S60: 59.543438 | T60: =+รายละเอียดรายจ่าย!AU210 -> 6545000 | U60: =+(T60-Q60)/T60*100 -> 22.520931 | V60: =+T60-Q60 -> 1473994.9
D61: รายจ่ายอื่นๆ | F61: =12299449.89-F60+4357500 -> 10096056 | G61: 16943337 | H61: =+รายละเอียดรายจ่าย!Y199-H60 -> 20452940 | I61: =+รายละเอียดรายจ่าย!AD199-I60 -> 7729774.3 | J61: =+I61/H61 -> 0.37792974 | K61: =+รายละเอียดรายจ่าย!AF199-K60 -> 20452940 | N61: =+รายละเอียดรายจ่าย!AJ199-N60 -> 4864940 | O61: =+รายละเอียดรายจ่าย!AK199-O60 -> 13116961 | P61: =+O61/N61*100 -> 269.62227 | Q61: =+รายละเอียดรายจ่าย!AN199-Q60 -> 7100000 | R61: =+รายละเอียดรายจ่าย!AR199-R60 -> 14256326 | S61: =+R61/Q61*100 -> 200.79332 | T61: =+รายละเอียดรายจ่าย!AU199-T60 -> 21280000 | U61: =+(T61-Q61)/T61*100 -> 66.635338 | V61: =+T61-Q61 -> 14180000
C62: งบกลาง (ไม่เกินร้อยละ 2-3.5 ของประมาณการรายจ่าย) | F62: 0 | G62: 0 | H62: =+รายละเอียดรายจ่าย!Y224 -> 10000000 | I62: =+รายละเอียดรายจ่าย!AA224 -> 0 | J62: =+รายละเอียดรายจ่าย!AB224 -> 0 | K62: =+รายละเอียดรายจ่าย!AF224 -> 10000000 | L62: 0 | M62: 0 | N62: =+รายละเอียดรายจ่าย!AJ224 -> 10000000 | O62: =+รายละเอียดรายจ่าย!AK224 -> 0 | P62: =+O62/N62*100 -> 0 | Q62: =+รายละเอียดรายจ่าย!AN224 -> 10000000 | R62: =+รายละเอียดรายจ่าย!AO224 -> 0 | S62: 0 | T62: =+รายละเอียดรายจ่าย!AU224 -> 10000000 | U62: =+(T62-Q62)/T62*100 -> 0 | V62: =+T62-Q62 -> 0
E63: รวมรายจ่าย | F63: =SUM(F27:F62) -> 1.7945367e+09 | G63: =SUM(G27:G62) -> 2.1877083e+09 | H63: =SUM(H25:H62) -> 2.4081644e+09 | I63: =SUM(I25:I62) -> 1.0471282e+09 | J63: =+I63/H63*100 -> 43.482421 | K63: =SUM(K25:K62) -> 2.6476051e+09 | L63: =SUM(L27:L62) -> 1.5822144e+09 | M63: =+L63/K63*100 -> 59.760209 | N63: =SUM(N27:N62) -> 2.3068206e+09 | O63: =SUM(O27:O62) -> 2.2724612e+09 | P63: =+O63/N63*100 -> 98.510529 | Q63: =SUM(Q27:Q62) -> 2.8026789e+09 | R63: =SUM(R27:R62) -> 1.2897805e+09 | S63: =+R63/Q63*100 -> 46.019562 | T63: =SUM(T27:T62) -> 2.6294905e+09 | U63: =+(T63-Q63)/T63*100 -> -6.586384 | V63: =+T63-Q63 -> -1.7318834e+08
E64: รายรับสูง(ต่ำกว่า)รายจ่ายสุทธิ | F64: =F24-F63 -> 96536164 | G64: =G24-G63 -> 65296370 | H64: =H24-H63 -> 2459500 | I64: =I24-I63 -> 4.4000961e+08 | K64: =K24-K63 -> 11222236 | L64: =+L24-L63 -> 5.5570462e+08 | N64: =+N24-N63 -> 2.4395742e+08 | O64: =+O24-O63 -> 4.0548928e+08 | Q64: =+Q24-Q63 -> -4.534054e+08 | R64: =+R24-R63 -> 55095178 | T64: =+T24-T63 -> -1.703945e+08
E65: บวกเงินคงเหลือสะสมยกมา | F65: 6.0032004e+08 | G65: =+F66 -> 6.9685621e+08 | H65: =+G66 -> 7.6215258e+08 | I65: =+H66 -> 7.6461208e+08 | K65: =+H66 -> 7.6461208e+08 | L65: =+H66 -> 7.6461208e+08 | N65: =+G66 -> 7.6215258e+08 | O65: =+G66 -> 7.6215258e+08 | Q65: =+O66 -> 1.1676419e+09 | T65: =+Q65 -> 1.1676419e+09
E66: เงินคงเหลือทั้งสิ้น(1) | F66: =+F64+F65 -> 6.9685621e+08 | G66: =+G64+G65 -> 7.6215258e+08 | H66: =+H64+H65 -> 7.6461208e+08 | I66: =+I64+I65 -> 1.2046217e+09 | K66: =+K64+K65 -> 7.7583431e+08 | L66: =+L64+L65 -> 1.3203167e+09 | N66: =+N64+N65 -> 1.00611e+09 | O66: =+O64+O65 -> 1.1676419e+09 | Q66: =+Q64+Q65 -> 7.1423646e+08 | T66: =+T64+T65 -> 9.9724736e+08
E67: หักเงินกองทุนรอการจัดสรร(4) | F67: 85488667 | G67: 65293913 | H67: =+รายได้รอการจัดสรร!F11 -> 56000000 | I67: 78096264 | K67: =+รายได้รอการจัดสรร!F11 -> 56000000 | L67: 78190149 | N67: =+K67 -> 56000000 | O67: 73221721 | Q67: =+รายได้รอการจัดสรร!F11 -> 56000000 | T67: =+Q67 -> 56000000
E68: หักภาระผูกพัน(5) | F68: 5.2349753e+08 | G68: =+รายละเอียดรายจ่าย!T225 -> 2.8831468e+08 | H68: =+ภาระผูกพัน!F30 -> 379000000 | I68: 4.7972117e+08 | K68: =+ภาระผูกพัน!F30 -> 379000000 | L68: 5.711383e+08 | N68: =+ภาระผูกพัน!F30 -> 379000000 | O68: =572311816.89-O67 -> 4.990901e+08 | Q68: 379000000 | T68: =+'ภาระผูกพัน (2)'!F30 -> 268000000
E69: เงินคงเหลือหลังหักตามข้อ (4) ข้อ(5) | F69: =+F66-F67-F68 -> 87870010 | G69: =+G66-G67-G68 -> 4.0854399e+08 | H69: =+H66-H67-H68 -> 3.2961208e+08 | I69: =+I66-I67-I68 -> 6.4680426e+08 | K69: =+K66-K67-K68 -> 3.4083431e+08 | L69: =+L66-L67-L68 -> 6.7098825e+08 | N69: =+N66-N67-N68 -> 5.7110999e+08 | O69: =+O66-O67-O68 -> 5.9533004e+08 | Q69: =+Q66-Q67-Q68 -> 2.7923646e+08 | T69: =+T66-T67-T68 -> 6.7324736e+08
B70: เงินคงเหลือทั้งสิ้น ประกอบด้วย
C71: เงินสด | F71: 0 | G71: 0 | H71: 0 | I71: 0 | J71: 0 | K71: 0 | L71: 0 | M71: 0 | N71: 0 | O71: 0 | P71: 0 | Q71: 0 | T71: 0
C72: เงินฝากคลัง | F72: 83264088 | G72: 1.4654664e+08 | H72: 158000000 | I72: 1.5140793e+08 | K72: 150000000 | L72: 72317585 | M72: =+L72/K72*100 -> 48.211723 | N72: 150000000 | O72: 270114183 | Q72: 200000000 | T72: 150000000
C73: เงินฝากธนาคาร
E74: ประเภทประจำ | F74: 0 | G74: 0 | H74: 0 | I74: 0 | J74: 0 | K74: 0 | L74: 0 | M74: 0 | N74: 0 | O74: 0 | P74: 0 | Q74: 0 | T74: 0
E75: ประเภทออมทรัพย์ | F75: =+F66-F72 -> 6.1359212e+08 | G75: =+G66-G72 -> 6.1560594e+08 | H75: =+G77+H24-H63+H62-H72 -> 6.1661208e+08 | I75: 6.311642e+08 | K75: 7.2620982e+08 | L75: 8.0731583e+08 | M75: =+L75/K75*100 -> 111.1684 | N75: 780000000 | O75: =+O66-O72 -> 8.9752767e+08 | Q75: =+Q66-Q72 -> 5.1423646e+08 | T75: =+T66-T72 -> 8.4724736e+08
E76: ประเภทกระแสรายวัน | F76: 0 | G76: 0 | H76: 0 | I76: 0 | J76: 0 | K76: 0 | L76: 0 | M76: 0 | N76: 0 | O76: 0 | P76: 0 | Q76: 0 | T76: 0
E77: รวมเงินคงเหลือทั้งสิ้น(2) | F77: =SUM(F71:F72,F74,F75,F76) -> 6.9685621e+08 | G77: =SUM(G71:G72,G74,G75,G76) -> 7.6215258e+08 | H77: =SUM(H71:H72,H74,H75,H76) -> 7.7461208e+08 | I77: =SUM(I71:I76) -> 7.8257213e+08 | K77: =SUM(K71:K72,K74,K75,K76) -> 8.7620982e+08 | L77: =SUM(L71:L72,L74,L75,L76) -> 8.7963342e+08 | N77: =SUM(N71:N76) -> 930000000 | O77: =SUM(O71:O76) -> 1.1676419e+09 | Q77: =SUM(Q71:Q76) -> 7.1423646e+08 | T77: =SUM(T71:T76) -> 9.9724736e+08
B78: สมมติฐานในการจัดทำแผน | H78: =+H5 -> 0 | K78: =+K5 -> 0 | N78: =+N5 -> 0
E79: รายรับแต่ละหมวด % เพิ่มในแต่ละปี (%) | H79: =+(H24-G24)/G24*100 -> 6.9959573 | K79: =+(K24-H24)/H24*100 -> 10.296233 | N79: =+(N24-K24)/K24*100 -> -4.0637954 | Q79: =+(Q24-O24)/O24*100 -> -12.273454 | T79: =+(T24-Q24)/T24*100 -> 4.4659727
E80: รายจ่ายแต่ละหมวด % เพิ่มในแต่ละปี (%) | H80: =+(H63-G63)/G63*100 -> 10.077034 | K80: =+(K63-H63)/H63*100 -> 9.9428731 | N80: =+(N63-K63)/K63*100 -> -12.871424 | Q80: =+(Q63-O63)/O63*100 -> 23.332308 | T80: =+(T63-Q63)/T63*100 -> -6.586384
E81: การลงทุน สัดส่วน % ต่อรายจ่าย (%) | H81: =+(H52+H54+H58+H57)/H63*100 -> 14.70306 | K81: =+(K52+K54+K57+K58)/K63*100 -> 20.84983 | N81: =+(N52+N54+N57+N58)/N63*100 -> 7.6722348 | Q81: =+(Q52+Q54+Q57+Q58)/Q63*100 -> 23.597583 | T81: =+(T52+T54+T57+T58)/T63*100 -> 15.501558
E82: 1. รายงานการรับ - จ่ายเงินบำรุง เป็นข้อมูลที่แสดงเงินสดรับและเงินสดจ่ายจากกิจกรรมดำเนินงานต่าง ๆ
E83: 2. เงินคงเหลือทั้งสิ้น (1) ต้องเท่ากับยอดรวมเงินคงเหลือทั้งสิ้น (2)
E84: 3. เงินคงเหลือทั้งสิ้นปีงบประมาณ 2566 (3) ต้องเท่ากับยอดเงินคงเหลือสะสมยกมาในปีงบประมาณ 2567 (3)
E85: 4. เงินกองทุน UC , กองทุนแรงงานต่างด้าว และกองทุนประกันสังคม ฯลฯ ที่รับไว้เพื่อรอจัดสรรให้กับบุคคลอื่น หรือหน่วยงานอื่น
E86: 5. ภาระผูกพัน (5) ในรายงานการรับ - จ่ายเงินบำรุง ต้องเท่ากับ รวมภาระผูกพันทั้งสิ้น (5) ในรายละเอียดภาระผูกพันของหน่วยงาน
C90: ลงชื่อ.................................... ลงชื่อ............................................................................... | E90: (ลงชื่อ)........................................................ผู้เสนอขออนุมัติ (ลงชื่อ).........................................................ผู้เห็นชอบ (นางปทมา ตันโชติกุล ) (นายวีระศักดิ์ หล่อทองคำ) ตำแหน่ง รองผู้อำนวยการกลุ่มภารกิจ ด้าน พรส. ตำแหน่ง ผู้อำนวยการโรงพยาบาลวชิระภูเก็ต
C95: (ลงชื่อ)......................................................ผู้อนุมัติ

Sheet 3ปี
B1: สำนักงานสาธารณสุขจังหวัด...ภูเก็ต.....
B2: โรงพยาบาล..วชิระภูเก็ต............
B3: แผนรายรับ - รายจ่ายเงินบำรุง ปีงบประมาณ 2569 - 2571
L4: หน่วย : บาท
A5: รายการ | E5: ข้อมูลย้อนหลัง 3 ปีงบประมาณ | J5: แผนปี 2569 | K5: แผนปี 2570 | L5: แผนปี 2571
E6: 2566 | F6: 2567 | G6: แผนปี 2568 | H6: แผนครึ่งปีหลัง | I6: 2568
A7: รายรับ
B8: รายรับจากการดำเนินงาน
D9: รายรับค่ารักษาพยาบาลสำหรับโครงการสุขภาพถ้วนหน้า UC | E9: =+'1 ปี (69) '!F9 -> 5.1272986e+08 | F9: =+'1 ปี (69) '!G9 -> 6.1287527e+08 | G9: =+'1 ปี (69) '!H9 -> 620000000 | H9: =+'1 ปี (69) '!K9 -> 605000000 | I9: =+'1 ปี (69) '!O9 -> 5.1153919e+08 | J9: =+'1 ปี (69) '!T9 -> 590000000 | K9: =+J9*3%+J9 -> 607700000 | L9: =+K9*3%+K9 -> 625931000
D10: รายรับค่ารักษาพยาบาลสำหรับโครงการสุขภาพถ้วนหน้า UC งบลงทุน | E10: =+'1 ปี (69) '!F10 -> 17480288 | F10: =+'1 ปี (69) '!G10 -> 16162273 | G10: =+'1 ปี (69) '!H10 -> 16000000 | H10: =+'1 ปี (69) '!K10 -> 30827352 | I10: =+'1 ปี (69) '!O10 -> 30827352 | J10: =+'1 ปี (69) '!T10 -> 22596016 | K10: 17000000 | L10: 17000000
D11: รายรับจากระบบปฏิบัติการฉุกเฉิน (EMS) | E11: =+'1 ปี (69) '!F11 -> 1081750 | F11: =+'1 ปี (69) '!G11 -> 2316591.5 | G11: =+'1 ปี (69) '!H11 -> 2500000 | H11: =+'1 ปี (69) '!K11 -> 1500000 | I11: =+'1 ปี (69) '!O11 -> 1023450 | J11: =+'1 ปี (69) '!T11 -> 1500000 | K11: 1500000 | L11: 1500000
D12: รายรับค่ารักษาพยาบาลเบิกจ่ายตรงกรมบัญชีกลาง | E12: =+'1 ปี (69) '!F12 -> 3.357539e+08 | F12: =+'1 ปี (69) '!G12 -> 3.773114e+08 | G12: =+'1 ปี (69) '!H12 -> 380000000 | H12: =+'1 ปี (69) '!K12 -> 380000000 | I12: =+'1 ปี (69) '!O12 -> 4.0901102e+08 | J12: =+'1 ปี (69) '!T12 -> 420000000 | K12: =+J12*3%+J12 -> 432600000 | L12: =+K12*3%+K12 -> 445578000
D13: รายรับค่ารักษาพยาบาลผู้ป่วยเบิกต้นสังกัด | E13: =+'1 ปี (69) '!F13 -> 1.133913e+08 | F13: =+'1 ปี (69) '!G13 -> 1.4978291e+08 | G13: =+'1 ปี (69) '!H13 -> 160000000 | H13: =+'1 ปี (69) '!K13 -> 160000000 | I13: =+'1 ปี (69) '!O13 -> 1.4031422e+08 | J13: =+'1 ปี (69) '!T13 -> 160000000 | K13: =+J13*5%+J13 -> 168000000 | L13: =+K13*3%+K13 -> 173040000
D14: รายรับค่ารักษาพยาบาลเบิกจาก อปท. | E14: =+'1 ปี (69) '!F14 -> 33388979 | F14: =+'1 ปี (69) '!G14 -> 53444241 | G14: =+'1 ปี (69) '!H14 -> 60000000 | H14: =+'1 ปี (69) '!K14 -> 60000000 | I14: =+'1 ปี (69) '!O14 -> 75273784 | J14: =+'1 ปี (69) '!T14 -> 60000000 | K14: =+J14*3%+J14 -> 61800000 | L14: =+K14*3%+K14 -> 63654000
D15: รายรับค่ารักษาพยาบาลจากกองทุนประกันสังคม | E15: =+'1 ปี (69) '!F15 -> 3.0288769e+08 | F15: =+'1 ปี (69) '!G15 -> 3.7264421e+08 | G15: =+'1 ปี (69) '!H15 -> 3.81583e+08 | H15: =+'1 ปี (69) '!K15 -> 365000000 | I15: =+'1 ปี (69) '!O15 -> 3.4698031e+08 | J15: =+'1 ปี (69) '!T15 -> 350000000 | K15: =+J15*3%+J15 -> 360500000 | L15: =+K15*3%+K15 -> 371315000
D16: รายรับค่ารักษาพยาบาลแรงงานต่างด้าว | E16: =+'1 ปี (69) '!F16 -> 53074741 | F16: =+'1 ปี (69) '!G16 -> 62740891 | G16: =+'1 ปี (69) '!H16 -> 63000000 | H16: =+'1 ปี (69) '!K16 -> 65000000 | I16: =+'1 ปี (69) '!O16 -> 87645151 | J16: =+'1 ปี (69) '!T16 -> 60000000 | K16: =+J16*3%+J16 -> 61800000 | L16: =+K16*3%+K16 -> 63654000
D17: รายรับค่ารักษาพยาบาลและการบริการอื่น | E17: =+'1 ปี (69) '!F17 -> 4.6062461e+08 | F17: =+'1 ปี (69) '!G17 -> 4.9229072e+08 | G17: =+'1 ปี (69) '!H17 -> 549000000 | H17: =+'1 ปี (69) '!K17 -> 544000000 | I17: =+'1 ปี (69) '!O17 -> 5.9269145e+08 | J17: =+'1 ปี (69) '!T17 -> 614500000 | K17: =+J17*5%+J17 -> 645225000 | L17: =+K17*8%+K17 -> 696843000
B18: รายรับอื่น
D19: รายรับเงินช่วยเหลือ | E19: 0 | F19: 0 | G19: 0 | H19: =+'1 ปี (69) '!K19 -> 0 | I19: =+'1 ปี (69) '!L19 -> 0 | J19: 0 | K19: 0 | L19: 0
D20: รายรับเงินอุดหนุน | E20: 0 | F20: 0 | G20: 0 | H20: =+'1 ปี (69) '!K20 -> 0 | I20: =+'1 ปี (69) '!L20 -> 0 | J20: 0 | K20: 0 | L20: 0
D21: รายรับจากการบริจาค | E21: =+'1 ปี (69) '!F21 -> 39570974 | F21: =+'1 ปี (69) '!G21 -> 57795480 | G21: =+'1 ปี (69) '!H21 -> 123000000 | H21: =+'1 ปี (69) '!K21 -> 420000000 | I21: =+'1 ปี (69) '!O21 -> 4.2419399e+08 | J21: =+'1 ปี (69) '!T21 -> 150000000 | K21: 100000000 | L21: 100000000
D22: รายรับดอกเบี้ยเงินฝากธนาคาร | E22: =+'1 ปี (69) '!F22 -> 2022594.5 | F22: =+'1 ปี (69) '!G22 -> 2896990.4 | G22: =+'1 ปี (69) '!H22 -> 3000000 | H22: =+'1 ปี (69) '!K22 -> 2500000 | I22: =+'1 ปี (69) '!O22 -> 3269077.6 | J22: =+'1 ปี (69) '!T22 -> 2500000 | K22: =+J22*3%+J22 -> 2575000 | L22: =+K22*3%+K22 -> 2652250
D23: รายรับอื่น | E23: =+'1 ปี (69) '!F23 -> 19066136 | F23: =+'1 ปี (69) '!G23 -> 52743682 | G23: =+'1 ปี (69) '!H23 -> 52540891 | H23: =+'1 ปี (69) '!K23 -> 25000000 | I23: =+'1 ปี (69) '!O23 -> 55181492 | J23: =+'1 ปี (69) '!T23 -> 28000000 | K23: =+J23*3%+J23 -> 28840000 | L23: =+K23*3%+K23 -> 29705200
D24: รวมรายรับ | E24: =SUM(E9:E23) -> 1.8910728e+09 | F24: =+'1 ปี (69) '!G24 -> 2.2530046e+09 | G24: =SUM(G9:G23) -> 2.4106239e+09 | H24: =SUM(H9:H23) -> 2.6588274e+09 | I24: =SUM(I9:I23) -> 2.6779505e+09 | J24: =SUM(J9:J23) -> 2.459096e+09 | K24: =SUM(K9:K23) -> 2487540000 | L24: =SUM(L9:L23) -> 2590872450
A25: รายจ่าย
B26: รายจ่ายบุคลากร
D27: ค่าจ้างลูกจ้างชั่วคราว / พนักงานกระทรวง | E27: =+'1 ปี (69) '!F27 -> 1.8846488e+08 | F27: =+'1 ปี (69) '!G27 -> 1.917608e+08 | G27: =+'1 ปี (69) '!H27 -> 205000000 | H27: =+'1 ปี (69) '!K27 -> 205000000 | I27: =+'1 ปี (69) '!O27 -> 2.0640163e+08 | J27: =+'1 ปี (69) '!T27 -> 212000000 | K27: =+J27*4%+J27 -> 220480000 | L27: =+K27*4%+K27 -> 229299200
D28: ค่าล่วงเวลางานบริการ / งานสนับสนุน | E28: 0 | F28: 0 | G28: 0 | H28: =+'1 ปี (69) '!K28 -> 0 | I28: =+'1 ปี (69) '!O28 -> 0 | J28: =+'1 ปี (69) '!Q28 -> 0 | K28: 0 | L28: 0
D29: ค่าตอบแทนการปฏิบัติงานเวรผลัดบ่ายหรือผลัดดึกของเจ้าหน้าที่ | E29: 26605920 | F29: =+'1 ปี (69) '!G29 -> 37353830 | G29: =+'1 ปี (69) '!H29 -> 40000000 | H29: =+'1 ปี (69) '!K29 -> 48000000 | I29: =+'1 ปี (69) '!O29 -> 52606958 | J29: =+'1 ปี (69) '!T29 -> 50000000 | K29: =+J29*3%+J29 -> 51500000 | L29: =+K29*3%+K29 -> 53045000
D30: ค่าตอบแทนเงินเพิ่มพิเศษไม่ทำเวชปฏิบัติส่วนตัว หรือปฏิบัติงาน รพ.เอกชน | E30: 10495200 | F30: =+'1 ปี (69) '!G30 -> 10899200 | G30: =+'1 ปี (69) '!H30 -> 11136000 | H30: =+'1 ปี (69) '!K30 -> 11040000 | I30: =+'1 ปี (69) '!O30 -> 10915000 | J30: =+'1 ปี (69) '!T30 -> 11040000 | K30: =+J30*3%+J30 -> 11371200 | L30: =+K30*3%+K30 -> 11712336
D31: ค่าตอบแทนเบี้ยเลี้ยงเหมาจ่าย (ฉ.11) | E31: 0 | F31: 0 | G31: 0 | H31: =+'1 ปี (69) '!K31 -> 0 | I31: =+'1 ปี (69) '!O31 -> 0 | J31: =+'1 ปี (69) '!Q31 -> 0 | K31: 0 | L31: 0
D32: ค่าตอบแทนตามผลการปฏิบัติงาน (ฉ.12) | E32: 8605551 | F32: =+'1 ปี (69) '!G32 -> 41374950 | G32: =+'1 ปี (69) '!H32 -> 41200000 | H32: =+'1 ปี (69) '!K32 -> 41200000 | I32: =+'1 ปี (69) '!O32 -> 25896114 | J32: =+'1 ปี (69) '!T32 -> 52600000 | K32: =+J32*3%+J32 -> 54178000 | L32: =+K32*3%+K32 -> 55803340
D33: เงินเพิ่ม (พ.ต.ส) | E33: 225000 | F33: =+'1 ปี (69) '!G33 -> 0 | G33: =+'1 ปี (69) '!H33 -> 300000 | H33: =+'1 ปี (69) '!K33 -> 300000 | I33: =+'1 ปี (69) '!O33 -> 70000 | J33: =+'1 ปี (69) '!T33 -> 300000 | K33: 0 | L33: 0
D34: ค่าตอบแทนเจ้าหน้าที่ปฏิบัติงานของเจ้าหน้าที่ (นอกเวลา) ฉ5 | E34: =367202135.79+10495200-E29-E30 -> 3.4059622e+08 | F34: =+'1 ปี (69) '!G34 -> 3.9459317e+08 | G34: =+'1 ปี (69) '!H34:H35 -> 392000000 | H34: =+'1 ปี (69) '!K34 -> 384000000 | I34: =+'1 ปี (69) '!O34:O35 -> 4.1044253e+08 | J34: =+'1 ปี (69) '!T34:T35 -> 382000000 | K34: =+J34*3%+J34 -> 393460000 | L34: =+K34*3%+K34 -> 405263800
D35: ค่าตอบแทนเจ้าหน้าที่ปฏิบัติงานในคลินิกพิเศษเฉพาะทางนอกเวลาราชการ (SMC)
D36: ค่าตอบแทนอื่น | E36: =555000+295380+1278500 -> 2128880 | F36: =+'1 ปี (69) '!G36 -> 2342425 | G36: =+'1 ปี (69) '!H36 -> 2200000 | H36: =+'1 ปี (69) '!K36 -> 2296000 | I36: =+'1 ปี (69) '!O36 -> 2482475 | J36: =+'1 ปี (69) '!T36 -> 2296000 | K36: =+J36*3%+J36 -> 2364880 | L36: =+K36*3%+K36 -> 2435826.4
D37: เงินค่าใช้จ่ายบุคลากรอื่น | E37: =189000+247200 -> 436200 | F37: =+'1 ปี (69) '!G37 -> 147300 | G37: =+'1 ปี (69) '!H37 -> 500000 | H37: =+'1 ปี (69) '!K37 -> 500000 | I37: =+'1 ปี (69) '!O37 -> 229492 | J37: =+'1 ปี (69) '!T37 -> 500000 | K37: 500000 | L37: 500000
B38: รายจ่ายจากการดำเนินงาน
D39: ค่ายา | E39: =+'1 ปี (69) '!F39 -> 4.2364677e+08 | F39: =+'1 ปี (69) '!G39 -> 5.0685247e+08 | G39: =+'1 ปี (69) '!H39 -> 480000000 | H39: =+'1 ปี (69) '!K39 -> 500000000 | I39: =+'1 ปี (69) '!O39 -> 5.4328725e+08 | J39: =+'1 ปี (69) '!T39 -> 530000000 | K39: 510000000 | L39: 510000000
D40: ค่าเวชภัณฑ์มิใช่ยา
D41: ค่าวัสดุการแพทย์ | E41: =+'1 ปี (69) '!F41 -> 2.9458271e+08 | F41: =+'1 ปี (69) '!G41 -> 3.8081199e+08 | G41: =+'1 ปี (69) '!H41 -> 332850000 | H41: =+'1 ปี (69) '!K41 -> 357850000 | I41: =+'1 ปี (69) '!O41 -> 3.6702322e+08 | J41: =+'1 ปี (69) '!T41 -> 366540000 | K41: =+J41*3%+J41 -> 377536200 | L41: =+K41*3%+K41 -> 388862286
D42: ค่าวัสดุวิทยาศาสตร์การแพทย์ | E42: =+'1 ปี (69) '!F42 -> 1.0830269e+08 | F42: =+'1 ปี (69) '!G42 -> 115724946 | G42: =+'1 ปี (69) '!H42 -> 115000000 | H42: =+'1 ปี (69) '!K42 -> 114000000 | I42: =+'1 ปี (69) '!O42 -> 1.2171739e+08 | J42: =+'1 ปี (69) '!T42 -> 126500000 | K42: =+J42*3%+J42 -> 130295000 | L42: =+K42*3%+K42 -> 134203850
D43: ค่าวัสดุเภสัช | E43: =+'1 ปี (69) '!F43 -> 4860582.4 | F43: =+'1 ปี (69) '!G43 -> 7758767.7 | G43: =+'1 ปี (69) '!H43 -> 8000000 | H43: =+'1 ปี (69) '!K43 -> 8000000 | I43: =+'1 ปี (69) '!O43 -> 7196561.5 | J43: =+'1 ปี (69) '!T43 -> 8000000 | K43: =+J43*3%+J43 -> 8240000 | L43: =+K43*3%+K43 -> 8487200
D44: ค่าวัสดุทันตกรรม | E44: =+'1 ปี (69) '!F44 -> 10163307 | F44: =+'1 ปี (69) '!G44 -> 12136643 | G44: =+'1 ปี (69) '!H44 -> 10000000 | H44: =+'1 ปี (69) '!K44 -> 13000000 | I44: =+'1 ปี (69) '!O44 -> 10784868 | J44: =+'1 ปี (69) '!T44 -> 10000000 | K44: =+J44*3%+J44 -> 10300000 | L44: =+K44*3%+K44 -> 10609000
D45: ค่าวัสดุเอ็กซเรย์ | E45: =+'1 ปี (69) '!F45 -> 4427235.5 | F45: =+'1 ปี (69) '!G45 -> 22896824 | G45: =+'1 ปี (69) '!H45 -> 30000000 | H45: =+'1 ปี (69) '!K45 -> 30000000 | I45: =+'1 ปี (69) '!O45 -> 23154495 | J45: =+'1 ปี (69) '!T45 -> 30000000 | K45: =+J45*3%+J45 -> 30900000 | L45: =+K45*3%+K45 -> 31827000
D46: ค่าวัสดุ | E46: =+'1 ปี (69) '!F46 -> 58049037 | F46: =+'1 ปี (69) '!G46 -> 66635517 | G46: =+'1 ปี (69) '!H46 -> 74130000 | H46: =+'1 ปี (69) '!K46 -> 74890000 | I46: =+'1 ปี (69) '!O46 -> 69659346 | J46: =+'1 ปี (69) '!T46 -> 74120000 | K46: =+J46*3%+J46 -> 76343600 | L46: =+K46*3%+K46 -> 78633908
D47: ค่าสาธารณูปโภค | E47: =+'1 ปี (69) '!F47 -> 64033302 | F47: =+'1 ปี (69) '!G47 -> 59796624 | G47: =+'1 ปี (69) '!H47 -> 70000000 | H47: =+'1 ปี (69) '!K47 -> 70000000 | I47: =+'1 ปี (69) '!O47 -> 59560214 | J47: =+'1 ปี (69) '!T47 -> 60000000 | K47: =+J47*3%+J47 -> 61800000 | L47: =+K47*3%+K47 -> 63654000
D48: ค่าใช้สอย | E48: =+'1 ปี (69) '!F48 -> 1.7022475e+08 | F48: =+'1 ปี (69) '!G48 -> 2.1937941e+08 | G48: =+'1 ปี (69) '!H48 -> 209321600 | H48: =+'1 ปี (69) '!K48 -> 2.03055e+08 | I48: =+'1 ปี (69) '!O48 -> 2.0041744e+08 | J48: =+'1 ปี (69) '!T48 -> 268157520 | K48: =+J48*3%+J48 -> 2.7620225e+08 | L48: =+K48*3%+K48 -> 2.8448831e+08
D49: ค่าใช้จ่ายดำเนินงานอื่น | E49: =+'1 ปี (69) '!F49 -> 0 | F49: 0 | G49: 0 | H49: =+'1 ปี (69) '!K49 -> 0 | I49: =+'1 ปี (69) '!O49 -> 0 | J49: =+'1 ปี (69) '!Q49 -> 0 | K49: 0 | L49: 0
B50: รายจ่ายลงทุน
D51: ค่าครุภัณฑ์
D52: ค่าครุภัณฑ์งบค่าเสื่อม | E52: 16655750 | F52: 0 | G52: =+รายละเอียดรายจ่าย!Y193 -> 16000000 | H52: =+'1 ปี (69) '!K52 -> 30827352 | I52: =+'1 ปี (69) '!O52 -> 16665000 | J52: =+'1 ปี (69) '!T52 -> 22596016 | K52: 17000000 | L52: 17000000
D53: ค่าครุภัณฑ์เงินบริจาค | E53: =62031461.74-E52 -> 45375712 | F53: =+'1 ปี (69) '!G53 -> 89194196 | G53: 0 | H53: =+'1 ปี (69) '!K53 -> 0 | I53: =+'1 ปี (69) '!O53 -> 0 | J53: =+'1 ปี (69) '!T53 -> 0 | K53: 0 | L53: 0
D54: ค่าครุภัณฑ์เงินบำรุง | F54: 0 | G54: =+'1 ปี (69) '!H54 -> 88046937 | H54: =+'1 ปี (69) '!K54 -> 1.4755332e+08 | I54: =+'1 ปี (69) '!O54 -> 98849620 | J54: =+'1 ปี (69) '!T54 -> 1.9073823e+08 | K54: 100000000 | L54: 100000000
D55: ค่าที่ดินและสิ่งก่อสร้าง
D56: ค่าที่ดินและสิ่งก่อสร้างงบค่าเสื่อม | E56: 0 | F56: 0 | G56: 0 | H56: =+'1 ปี (69) '!K56 -> 0 | I56: =+'1 ปี (69) '!O56 -> 0 | J56: 0 | K56: 0 | L56: 0
D57: ค่าที่ดินและสิ่งก่อสร้างเงินบริจาค | E57: 0 | F57: 0 | G57: =+รายละเอียดรายจ่าย!Y197 -> 24000000 | H57: =+'1 ปี (69) '!K57 -> 200000000 | I57: =+'1 ปี (69) '!O57 -> 0 | J57: =+'1 ปี (69) '!T57 -> 104700000 | K57: 321000000 | L57: 50000000
D58: ค่าที่ดินและสิ่งก่อสร้างเงินบำรุง | E58: 0 | F58: 0 | G58: =+'1 ปี (69) '!H58 -> 2.2602691e+08 | H58: =+'1 ปี (69) '!K58 -> 1.7364051e+08 | I58: =+'1 ปี (69) '!O58 -> 20311326 | J58: =+'1 ปี (69) '!T58 -> 89577751 | K58: =+'สิ่งก่อสร้าง (NEW)'!E49 -> 1.9848522e+08 | L58: 50000000
B59: รายจ่ายอื่น
C60: รายจ่ายสนับสนุน รพ.สต. รพช. รพท. รพศ. สสอ. สสจ. | E60: =127930+1102457.67+1099806.51+4230700 -> 6560894.2 | F60: =+'1 ปี (69) '!G60 -> 11105887 | G60: =+'1 ปี (69) '!H60 -> 2000000 | H60: =+'1 ปี (69) '!K60 -> 2000000 | I60: =+'1 ปี (69) '!O60 -> 11673320 | J60: =+'1 ปี (69) '!T60 -> 6545000 | K60: 6000000 | L60: 6000000
C61: รายจ่ายอื่นๆ | E61: =12299449.89-E60+4357500 -> 10096056 | F61: =+'1 ปี (69) '!G61 -> 16943337 | G61: =+'1 ปี (69) '!H61 -> 20452940 | H61: =+'1 ปี (69) '!K61 -> 20452940 | I61: =+'1 ปี (69) '!O61 -> 13116961 | J61: =+'1 ปี (69) '!T61 -> 21280000 | K61: =+J61*3%+J61 -> 21918400 | L61: =+K61*3%+K61 -> 22575952
B62: งบกลาง (ไม่เกินร้อยละ 2-3.5 ของประมาณการรายจ่าย) | E62: 0 | F62: 0 | G62: =+'1 ปี (69) '!H62 -> 10000000 | H62: =+'1 ปี (69) '!K62 -> 10000000 | I62: =+'1 ปี (69) '!O62 -> 0 | J62: =+'1 ปี (69) '!T62 -> 10000000 | K62: 10000000 | L62: 10000000
D63: รวมรายจ่าย | E63: =SUM(E27:E62) -> 1.7945367e+09 | F63: =+'1 ปี (69) '!G63 -> 2.1877083e+09 | G63: =SUM(G25:G62) -> 2.4081644e+09 | H63: =SUM(H25:H62) -> 2.6476051e+09 | I63: =SUM(I25:I62) -> 2.2724612e+09 | J63: =SUM(J27:J62) -> 2.6294905e+09 | K63: =SUM(K25:K62) -> 2.8898747e+09 | L63: =SUM(L25:L62) -> 2.524401e+09
D64: รายรับสูง(ต่ำกว่า)รายจ่ายสุทธิ | E64: =E24-E63 -> 96536164 | F64: =+F24-F63 -> 65296370 | G64: =+G24-G63 -> 2459500 | H64: =+H24-H63 -> 11222236 | I64: =+I24-I63 -> 4.0548928e+08 | J64: =J24-J63 -> -1.703945e+08 | K64: =K24-K63 -> -4.0233475e+08 | L64: =+L24-L63 -> 66471439
D65: บวกเงินคงเหลือสะสมยกมา | E65: =+'1 ปี (69) '!F65 -> 6.0032004e+08 | F65: =+'1 ปี (69) '!G65 -> 6.9685621e+08 | G65: =+F66 -> 7.6215258e+08 | H65: =+G66 -> 7.6461208e+08 | I65: =+'1 ปี (69) '!N65 -> 7.6215258e+08 | J65: =+I66 -> 1.1676419e+09 | K65: =+J66 -> 9.9724736e+08 | L65: =+K66 -> 5.9491261e+08
D66: เงินคงเหลือทั้งสิ้น(1) | E66: =+E64+E65 -> 6.9685621e+08 | F66: =+F64+F65 -> 7.6215258e+08 | G66: =+G64+G65 -> 7.6461208e+08 | H66: =+H64+H65 -> 7.7583431e+08 | I66: =+I64+I65 -> 1.1676419e+09 | J66: =+J64+J65 -> 9.9724736e+08 | K66: =+K64+K65 -> 5.9491261e+08 | L66: =+L64+L65 -> 6.6138405e+08
D67: หักเงินกองทุนรอการจัดสรร(4) | E67: 85488667 | F67: =+'1 ปี (69) '!G67 -> 65293913 | G67: =+รายได้รอการจัดสรร!F11 -> 56000000 | H67: =+รายได้รอการจัดสรร!F11 -> 56000000 | I67: =+'1 ปี (69) '!O67 -> 73221721 | J67: =+รายได้รอการจัดสรร!H11 -> 56000000 | K67: =+รายได้รอการจัดสรร!G11 -> 56000000 | L67: =+รายได้รอการจัดสรร!H11 -> 56000000
D68: หักภาระผูกพัน(5) | E68: 5.2349753e+08 | F68: =+'1 ปี (69) '!G68 -> 2.8831468e+08 | G68: =+ภาระผูกพัน!F30 -> 379000000 | H68: =+ภาระผูกพัน!F30 -> 379000000 | I68: =+'1 ปี (69) '!O68 -> 4.990901e+08 | J68: =+'ภาระผูกพัน (2)'!F30 -> 268000000 | K68: =+ภาระผูกพัน!G30 -> 389000000 | L68: =+ภาระผูกพัน!H30 -> 399000000
D69: เงินคงเหลือหลังหักตามข้อ (4) ข้อ(5) | E69: =+E66-E67-E68 -> 87870010 | F69: =+F66-F67-F68 -> 4.0854399e+08 | G69: =+G66-G67-G68 -> 3.2961208e+08 | H69: =+'1 ปี (69) '!K69 -> 3.4083431e+08 | I69: =+I66-I67-I68 -> 5.9533004e+08 | J69: =+J66-J67-J68 -> 6.7324736e+08 | K69: =+K66-K67-K68 -> 1.4991261e+08 | L69: =+L66-L67-L68 -> 2.0638405e+08
A70: เงินคงเหลือทั้งสิ้น ประกอบด้วย
B71: เงินสด | E71: 0 | F71: 0 | G71: 0 | H71: 0 | I71: 0 | J71: 0 | K71: 0 | L71: 0 | M71: 0
B72: เงินฝากคลัง | E72: 83264088 | F72: =+'1 ปี (69) '!G72 -> 1.4654664e+08 | G72: 158000000 | H72: =+'1 ปี (69) '!K72 -> 150000000 | I72: =+'1 ปี (69) '!N72 -> 150000000 | J72: =+'1 ปี (69) '!T72 -> 150000000 | K72: 150000000 | L72: 150000000
B73: เงินฝากธนาคาร
D74: ประเภทประจำ | E74: 0 | F74: 0 | G74: 0 | H74: 0 | I74: 0 | J74: 0 | K74: 0 | L74: 0
D75: ประเภทออมทรัพย์ | E75: 6.1359212e+08 | F75: =+'1 ปี (69) '!G75 -> 6.1560594e+08 | G75: =+F77+G24-G63+G62-G72 -> 6.1661208e+08 | H75: =+'1 ปี (69) '!K75 -> 7.2620982e+08 | I75: =+I66-I72 -> 1.0176419e+09 | J75: =+'1 ปี (69) '!T75 -> 8.4724736e+08 | K75: =+K66-K72 -> 4.4491261e+08 | L75: =+L66-L72 -> 5.1138405e+08
D76: ประเภทกระแสรายวัน | E76: 0 | F76: 0 | G76: 0 | H76: 0 | I76: =+'1 ปี (69) '!N76 -> 0 | J76: 0 | K76: 0
D77: รวมเงินคงเหลือทั้งสิ้น(2) | E77: =SUM(E71:E72,E74,E75,E76) -> 6.9685621e+08 | F77: =+'1 ปี (69) '!G77 -> 7.6215258e+08 | G77: =SUM(G71:G72,G74,G75,G76) -> 7.7461208e+08 | H77: =+'1 ปี (69) '!K77 -> 8.7620982e+08 | I77: =SUM(I71:I76) -> 1.1676419e+09 | J77: =SUM(J71:J72,J74,J75,J76) -> 9.9724736e+08 | K77: =SUM(K71:K72,K74,K75,K76) -> 5.9491261e+08 | L77: =SUM(L70:L76) -> 6.6138405e+08
A79: สมมติฐานในการจัดทำแผน | G79: =+G5 -> 0 | H79: แผนครึ่งปี | J79: =+J5 -> แผนปี 2569 | K79: =+K5 -> แผนปี 2570 | L79: =+L5 -> แผนปี 2571
D80: รายรับแต่ละหมวด % เพิ่มในแต่ละปี (%) | G80: =+(G24-F24)/F24*100 -> 6.9959573 | H80: =+(H24-G24)/G24*100 -> 10.296233 | J80: =+(J24-I24)/I24*100 -> -8.1724611 | K80: =+(K24-J24)/J24*100 -> 1.1566846 | L80: =+(L24-K24)/K24*100 -> 4.1540015
D81: รายจ่ายแต่ละหมวด % เพิ่มในแต่ละปี (%) | G81: =+(G63-F63)/F63*100 -> 10.077034 | H81: =+(H63-G63)/G63*100 -> 9.9428731 | J81: =+(J63-I63)/I63*100 -> 15.711129 | K81: =+(K63-J63)/J63*100 -> 9.9024596 | L81: =+(L63-K63)/K63*100 -> -12.646698
D82: การลงทุน สัดส่วน % ต่อรายจ่าย (%) | G82: =+(G52+G54+G58+G57)/G63*100 -> 14.70306 | H82: =+(H52+H54+H57+H58)/H63*100 -> 20.84983 | J82: =+(J52+J54+J57+J58)/J63*100 -> 15.501558 | K82: =+(K52+K54+K57+K58)/K63*100 -> 22.024665 | L82: =+(L52+L54+L57+L58)/L63*100 -> 8.5960986
A83: หมายเหตุ
D84: 1. รายงานการรับ - จ่ายเงินบำรุง เป็นข้อมูลที่แสดงเงินสดรับและเงินสดจ่ายจากกิจกรรมดำเนินงานต่าง ๆ
D85: 2. เงินคงเหลือทั้งสิ้น (1) ต้องเท่ากับยอดรวมเงินคงเหลือทั้งสิ้น (2)
D86: 3. เงินคงเหลือทั้งสิ้นปีงบประมาณ 2566 (3) ต้องเท่ากับยอดเงินคงเหลือสะสมยกมาในปีงบประมาณ 2567 (3)
D87: 4. เงินกองทุน UC , กองทุนแรงงานต่างด้าว และกองทุนประกันสังคม ฯลฯ ที่รับไว้เพื่อรอจัดสรรให้กับบุคคลอื่น หรือหน่วยงานอื่น
D88: 5. ภาระผูกพัน (5) ในรายงานการรับ - จ่ายเงินบำรุง ต้องเท่ากับ รวมภาระผูกพันทั้งสิ้น (5) ในรายละเอียดภาระผูกพันของหน่วยงาน
B91: ลงชื่อ.................................... ลงชื่อ...............................................................................
A92: (ลงชื่อ)......................................ผู้เสนอขออนุมัติ (ลงชื่อ).......................................ผู้เห็นชอบ
A93: (นางปทมา ตันโชติกุล ) (นายวีระศักดิ์ หล่อทองคำ)
A94: ตำแหน่ง รองผู้อำนวยการกลุ่มภารกิจ ด้าน พรส. ตำแหน่ง ผู้อำนวยการโรงพยาบาลวชิระภูเก็ต
A97: (ลงชื่อ)....................................ผู้อนุมัติ

Sheet แผนลงทุน 1ปี 
A1: แบบฟอร์ม แผนการลงทุนด้วยเงินบำรุง 1 ปี ปีงบประมาณ 2569
A2: ตามนโยบายการลงทุน Environment , Modernization And Smart Service : EMS
A3: หน่วยบริการ....โรงพยาบาลวชิระภูเก็ต....วงเงินลงทุนปีงบประมาณ 2569 = 404,611,992.80 บ.
A5: ลำดับ | B5: รายการ | C5: ราคาต่อหน่วย (บาท) | D5: จำนวนหน่วย | E5: รวมเป็นเงิน (บาท) | F5: แหล่งเงิน (งบค่าเสื่อม/งบบริจาค/เงินบำรุง) | G5: ประเภทงบ (ครุภัณฑ์/สิ่งก่อสร้าง) | H5: **สอดคล้อง นโยบายด้านใด
A6: 1 | B6: กล้องกำลังขยายสูงสำหรับงานทันตกรรม | C6: =+'ครุภัณฑ์ (NEW) (การแพทย์)'!D4 -> 1950000 | D6: =+'ครุภัณฑ์ (NEW) (การแพทย์)'!C4 -> 1 | E6: =+C6*D6 -> 1950000 | F6: เงินบำรุง | G6: ครุภัณฑ์ | H6: M
A7: 2 | B7: เครื่องติดตามการทำงานของหัวใจและสัญญาณชีพอัตโนมัติ | C7: =+'ครุภัณฑ์ (NEW) (การแพทย์)'!D5 -> 250000 | D7: =+'ครุภัณฑ์ (NEW) (การแพทย์)'!C5 -> 1 | E7: =+C7*D7 -> 250000 | F7: เงินบำรุง | G7: ครุภัณฑ์ | H7: M
A8: 3 | B8: ระบบ Nurse Call อาคารหลวงพ่อแช่ม ชั้น 5 | C8: =+'ครุภัณฑ์ (NEW) (การแพทย์)'!D6 -> 200000 | D8: =+'ครุภัณฑ์ (NEW) (การแพทย์)'!C6 -> 1 | E8: =+C8*D8 -> 200000 | F8: เงินบำรุง | G8: ครุภัณฑ์ | H8: M
A9: 4 | B9: เครื่องตรวจคลื่นไฟฟ้าหัวใจพร้อมระบบวิเคราะห์ผลและจัดเก็บภาพในระบบเครือข่าย | C9: =+'ครุภัณฑ์ (NEW) (การแพทย์)'!D7 -> 150000 | D9: =+'ครุภัณฑ์ (NEW) (การแพทย์)'!C7 -> 1 | E9: =+C9*D9 -> 150000 | F9: เงินบำรุง | G9: ครุภัณฑ์ | H9: M
A10: 5 | B10: เครื่องช่วยหายใจควบคุมปริมาตรและความดันเคลื่อนย้ายได้ | C10: =+'ครุภัณฑ์ (NEW) (การแพทย์)'!D8 -> 550000 | D10: =+'ครุภัณฑ์ (NEW) (การแพทย์)'!C8 -> 2 | E10: =+C10*D10 -> 1100000 | F10: เงินบำรุง | G10: ครุภัณฑ์ | H10: M
A11: 6 | B11: foot switch voluson e6 | C11: =+'ครุภัณฑ์ (NEW) (การแพทย์)'!D9 -> 30000 | D11: =+'ครุภัณฑ์ (NEW) (การแพทย์)'!C9 -> 1 | E11: =+C11*D11 -> 30000 | F11: เงินบำรุง | G11: ครุภัณฑ์ | H11: M
A12: 7 | B12: เครื่องให้การรักษาด้วยแสงเลเซอร์ สำหรับรักษาความผิดปกติของเม็ดสี ริ้วรอย สิว ความไม่สม่ำเสมอของผิวและแผลเป็น | C12: =+'ครุภัณฑ์ (NEW) (การแพทย์)'!D10 -> 2700000 | D12: =+'ครุภัณฑ์ (NEW) (การแพทย์)'!C10 -> 1 | E12: =+C12*D12 -> 2700000 | F12: เงินบำรุง | G12: ครุภัณฑ์ | H12: M
A13: 8 | B13: เครื่องเลเซอร์คาร์บอนไดออกไซด์แบบ Ultra Pulse | C13: =+'ครุภัณฑ์ (NEW) (การแพทย์)'!D11 -> 650000 | D13: =+'ครุภัณฑ์ (NEW) (การแพทย์)'!C11 -> 1 | E13: =+C13*D13 -> 650000 | F13: เงินบำรุง | G13: ครุภัณฑ์ | H13: M
A14: 9 | B14: เครื่องวิเคราะห์สภาพผิวหน้า VISIA | C14: =+'ครุภัณฑ์ (NEW) (การแพทย์)'!D12 -> 1337500 | D14: =+'ครุภัณฑ์ (NEW) (การแพทย์)'!C12 -> 1 | E14: =+C14*D14 -> 1337500 | F14: เงินบำรุง | G14: ครุภัณฑ์ | H14: M
A15: 10 | B15: เครื่องพ่นลมเย็น | C15: =+'ครุภัณฑ์ (NEW) (การแพทย์)'!D13 -> 448598.13 | D15: =+'ครุภัณฑ์ (NEW) (การแพทย์)'!C13 -> 1 | E15: =+C15*D15 -> 448598.13 | F15: เงินบำรุง | G15: ครุภัณฑ์ | H15: M
A16: 11 | B16: เครื่องยกกระชับใบหน้าโดยไม่ต้องผ่าตัด ULTHERA | C16: =+'ครุภัณฑ์ (NEW) (การแพทย์)'!D14 -> 4500000 | D16: =+'ครุภัณฑ์ (NEW) (การแพทย์)'!C14 -> 1 | E16: =+C16*D16 -> 4500000 | F16: เงินบำรุง | G16: ครุภัณฑ์ | H16: M
A17: 12 | B17: ยูนิตทำฟัน | C17: =+'ครุภัณฑ์ (NEW) (การแพทย์)'!D15 -> 579900 | D17: =+'ครุภัณฑ์ (NEW) (การแพทย์)'!C15 -> 1 | E17: =+C17*D17 -> 579900 | F17: เงินบำรุง | G17: ครุภัณฑ์ | H17: M
... A142: 137 | B142: เครื่องควบคุมการให้สารละลายทางหลอดเลือดดำ (Infusion pump) | C142: =+'ครุภัณฑ์ (NEW) (การแพทย์)'!D140 -> 39000 | D142: =+'ครุภัณฑ์ (NEW) (การแพทย์)'!C140 -> 4 | E142: =+C142*D142 -> 156000 | F142: เงินบำรุง | G142: ครุภัณฑ์ | H142: M
A143: 138 | B143: Pressure bag | D143: =+'ครุภัณฑ์ (NEW) (การแพทย์)'!C141 -> 7 | E143: =+'ครุภัณฑ์ (NEW) (การแพทย์)'!E141 -> 44000 | F143: เงินบำรุง | G143: ครุภัณฑ์ | H143: M
A144: 139 | B144: Laryngoscop | C144: =+'ครุภัณฑ์ (NEW) (การแพทย์)'!D142 -> 17500 | D144: =+'ครุภัณฑ์ (NEW) (การแพทย์)'!C142 -> 8 | E144: =+C144*D144 -> 140000 | F144: เงินบำรุง | G144: ครุภัณฑ์ | H144: M
A145: 140 | B145: เกย์ออกซิเจน | C145: =+'ครุภัณฑ์ (NEW) (การแพทย์)'!D143 -> 0 | D145: =+'ครุภัณฑ์ (NEW) (การแพทย์)'!C143 -> 11 | E145: =+'ครุภัณฑ์ (NEW) (การแพทย์)'!E143 -> 28700 | F145: เงินบำรุง | G145: ครุภัณฑ์ | H145: M
A146: 141 | B146: เกจ์ Suction | C146: =+'ครุภัณฑ์ (NEW) (การแพทย์)'!D144 -> 1000 | D146: =+'ครุภัณฑ์ (NEW) (การแพทย์)'!C144 -> 7 | E146: =+C146*D146 -> 7000 | F146: เงินบำรุง | G146: ครุภัณฑ์ | H146: M
A147: 142 | B147: เครื่องควบคุมอุณหภูมิผู้ป่วยแรงลมร้อน Bair Hugger Temprature management cnits | C147: =+'ครุภัณฑ์ (NEW) (การแพทย์)'!D145 -> 80250 | D147: =+'ครุภัณฑ์ (NEW) (การแพทย์)'!C145 -> 4 | E147: =+C147*D147 -> 321000 | F147: เงินบำรุง | G147: ครุภัณฑ์ | H147: M
A148: 143 | B148: เตียงสำหรับส่องตรวจเนื้อเยื่อปากมดลูก ปรับด้วยระบบไฟฟ้า | C148: =+'ครุภัณฑ์ (NEW) (การแพทย์)'!D146 -> 750000 | D148: =+'ครุภัณฑ์ (NEW) (การแพทย์)'!C146 -> 1 | E148: =+C148*D148 -> 750000 | F148: เงินบำรุง | G148: ครุภัณฑ์ | H148: M
A149: 144 | B149: เครื่องตรวจอวัยวะภายในด้วยคลื่นเสียงความถี่สูงสองมิติ | C149: =+'ครุภัณฑ์ (NEW) (การแพทย์)'!D147 -> 1500000 | D149: =+'ครุภัณฑ์ (NEW) (การแพทย์)'!C147 -> 1 | E149: =+C149*D149 -> 1500000 | F149: เงินบำรุง | G149: ครุภัณฑ์ | H149: M
A150: 145 | B150: Larygeal Mirror 3K (มีด้าม) | C150: =+'ครุภัณฑ์ (NEW) (การแพทย์)'!D148 -> 180 | D150: =+'ครุภัณฑ์ (NEW) (การแพทย์)'!C148 -> 10 | E150: =+C150*D150 -> 1800 | F150: เงินบำรุง | G150: ครุภัณฑ์ | H150: M
A151: 146 | B151: Larygeal Mirror 4K (มีด้าม) | C151: =+'ครุภัณฑ์ (NEW) (การแพทย์)'!D149 -> 180 | D151: =+'ครุภัณฑ์ (NEW) (การแพทย์)'!C149 -> 50 | E151: =+C151*D151 -> 9000 | F151: เงินบำรุง | G151: ครุภัณฑ์ | H151: M
A152: 147 | B152: Larygeal Mirror 5K (มีด้าม) | C152: =+'ครุภัณฑ์ (NEW) (การแพทย์)'!D150 -> 180 | D152: =+'ครุภัณฑ์ (NEW) (การแพทย์)'!C150 -> 50 | E152: =+C152*D152 -> 9000 | F152: เงินบำรุง | G152: ครุภัณฑ์ | H152: M
A153: 148 | B153: ระบบเรียกพยาบาล | C153: =+'ครุภัณฑ์ (NEW) (การแพทย์)'!D151 -> 243853 | D153: =+'ครุภัณฑ์ (NEW) (การแพทย์)'!C151 -> 1 | E153: =+C153*D153 -> 243853 | F153: เงินบำรุง | G153: ครุภัณฑ์ | H153: M
A154: 149 | B154: เครื่องตรวจสอบซองยา พร้อมแกนม้วนซองยา | C154: =+'ครุภัณฑ์ (NEW) (การแพทย์)'!D152 -> 3000000 | D154: =+'ครุภัณฑ์ (NEW) (การแพทย์)'!C152 -> 1 | E154: =+C154*D154 -> 3000000 | F154: เงินบำรุง | G154: ครุภัณฑ์ | H154: M
A155: 150 | B155: ตู้จ่ายยาอัจฉริยะบนหอผู้ป่วย | C155: =+'ครุภัณฑ์ (NEW) (การแพทย์)'!D153 -> 800000 | D155: =+'ครุภัณฑ์ (NEW) (การแพทย์)'!C153 -> 1 | E155: =+C155*D155 -> 800000 | F155: เงินบำรุง | G155: ครุภัณฑ์ | H155: M
A156: 151 | B156: ตู้จัดเก็บยาและชั้นวางของสำหรับห้องยาอาคารศูนย์อุบัติเหตุฉุกเฉินและศูนย์หัวใจ | C156: =+'ครุภัณฑ์ (NEW) (การแพทย์)'!D154 -> 162308.3 | D156: =+'ครุภัณฑ์ (NEW) (การแพทย์)'!C154 -> 1 | E156: =+C156*D156 -> 162308.3 | F156: เงินบำรุง | G156: ครุภัณฑ์ | H156: M
A157: 152 | B157: โคมไฟผ่าตัดส่องทำหัตถการ | C157: =+'ครุภัณฑ์ (NEW) (การแพทย์)'!D155 -> 450000 | D157: =+'ครุภัณฑ์ (NEW) (การแพทย์)'!C155 -> 1 | E157: =+C157*D157 -> 450000 | F157: เงินบำรุง | G157: ครุภัณฑ์ | H157: M
... A230: 225 | B230: เก้าอี้นั่งตรวจ/ผ่าตัดสำหรับแพทย์ ระบบโช๊อัพแก๊ส ปรับระดับใช้เท้า | C230: =+'ครุภัณฑ์ (NEW) (การแพทย์)'!D228 -> 13000 | D230: =+'ครุภัณฑ์ (NEW) (การแพทย์)'!C228 -> 1 | E230: =+C230*D230 -> 13000 | F230: เงินบำรุง | G230: ครุภัณฑ์ | H230: M
A231: 226 | B231: Gerald Tissue FCPS STR 1x2 175MM | C231: =+'ครุภัณฑ์ (NEW) (การแพทย์)'!D234 -> 3200 | D231: =+'ครุภัณฑ์ (NEW) (การแพทย์)'!C234 -> 4 | E231: =+C231*D231 -> 12800 | F231: เงินบริจาค | G231: ครุภัณฑ์ | H231: M
A232: 227 | B232: Std. Straight Handpiece200 M | C232: =+'ครุภัณฑ์ (NEW) (การแพทย์)'!D235 -> 90900 | D232: =+'ครุภัณฑ์ (NEW) (การแพทย์)'!C235 -> 2 | E232: =+C232*D232 -> 181800 | F232: เงินบริจาค | G232: ครุภัณฑ์ | H232: M
A233: 228 | B233: ชุดอุปกรณ์ดูดจ่ายของเหลวสำหรับผ่าตัด แบบปรับได้ SuperBypass Suction-Lrrigation system starter kit 1 | C233: =+'ครุภัณฑ์ (NEW) (การแพทย์)'!D236 -> 250000 | D233: =+'ครุภัณฑ์ (NEW) (การแพทย์)'!C236 -> 1 | E233: =+C233*D233 -> 250000 | F233: เงินบริจาค | G233: ครุภัณฑ์ | H233: M
A234: 229 | B234: Kamiya - Tsuboi Micro Rongeur K-Bayonet 200 mm (90 mm W.L.) Straight Tip | C234: =+'ครุภัณฑ์ (NEW) (การแพทย์)'!D237 -> 98600 | D234: =+'ครุภัณฑ์ (NEW) (การแพทย์)'!C237 -> 1 | E234: =+C234*D234 -> 98600 | F234: เงินบริจาค | G234: ครุภัณฑ์ | H234: M
A235: 230 | B235: Super-Bypass Needle Holder Scissors Mario Zuccarello Special Small-size | C235: =+'ครุภัณฑ์ (NEW) (การแพทย์)'!D238 -> 91400 | D235: =+'ครุภัณฑ์ (NEW) (การแพทย์)'!C238 -> 1 | E235: =+C235*D235 -> 91400 | F235: เงินบริจาค | G235: ครุภัณฑ์ | H235: M
A236: 231 | B236: SILVER NON-STICK BIPOLA-FORCEPE 180 mm./2.0mm BAYONET2 PIN-PLUG | C236: =+'ครุภัณฑ์ (NEW) (การแพทย์)'!D239 -> 32000 | D236: =+'ครุภัณฑ์ (NEW) (การแพทย์)'!C239 -> 5 | E236: =+C236*D236 -> 160000 | F236: เงินบริจาค | G236: ครุภัณฑ์ | H236: M
A237: 232 | B237: SILVER NON-STICK BIPOLA-FORCEPE 200 mm./2.0mm BAYONET2 PIN-PLUG | C237: =+'ครุภัณฑ์ (NEW) (การแพทย์)'!D240 -> 32000 | D237: =+'ครุภัณฑ์ (NEW) (การแพทย์)'!C240 -> 5 | E237: =+C237*D237 -> 160000 | F237: เงินบริจาค | G237: ครุภัณฑ์ | H237: M
A238: 233 | B238: RETRACTOR WEITLANER SHARP 16.5 cm | C238: =+'ครุภัณฑ์ (NEW) (การแพทย์)'!D241 -> 7700 | D238: =+'ครุภัณฑ์ (NEW) (การแพทย์)'!C241 -> 2 | E238: =+C238*D238 -> 15400 | F238: เงินบริจาค | G238: ครุภัณฑ์ | H238: M
A239: 234 | B239: เครื่องควบคุมการให้สารละลายและเลือดทางหลอดเลือดดำ | C239: =+'ครุภัณฑ์ (NEW) (การแพทย์)'!D242 -> 50000 | D239: =+'ครุภัณฑ์ (NEW) (การแพทย์)'!C242 -> 1 | E239: =+C239*D239 -> 50000 | F239: เงินบริจาค | G239: ครุภัณฑ์ | H239: M
A240: 235 | B240: รถเข็นสำหรับอุปกรณ์วิสัญญี | C240: =+'ครุภัณฑ์ (NEW) (การแพทย์)'!D243 -> 40000 | D240: =+'ครุภัณฑ์ (NEW) (การแพทย์)'!C243 -> 1 | E240: =+C240*D240 -> 40000 | F240: เงินบริจาค | G240: ครุภัณฑ์ | H240: M
A241: 236 | B241: เครื่องตรวจคลื่นไฟฟ้าหัวใจ พร้อมโปรแกรมวิเคราะห์ผลอัตโนมัติ | C241: =+'ครุภัณฑ์ (NEW) (การแพทย์)'!D244 -> 150000 | D241: =+'ครุภัณฑ์ (NEW) (การแพทย์)'!C244 -> 1 | E241: =+C241*D241 -> 150000 | F241: เงินบริจาค | G241: ครุภัณฑ์ | H241: M
A242: 237 | B242: เครื่องควบคุมการให้สารละลายอัตโนมัติ | C242: =+'ครุภัณฑ์ (NEW) (การแพทย์)'!D245 -> 50000 | D242: =+'ครุภัณฑ์ (NEW) (การแพทย์)'!C245 -> 1 | E242: =+C242*D242 -> 50000 | F242: เงินบริจาค | G242: ครุภัณฑ์ | H242: M
... A249: 244 | B249: เครื่องวัดระดับความอิ่มตัวของออกซิเขนในเลือดพร้อมโปรแกรมสำหรับวิเคราะห์และรายงานผลข้อมูล | C249: =+'ครุภัณฑ์ (NEW) (การแพทย์)'!D252 -> 100000 | D249: =+'ครุภัณฑ์ (NEW) (การแพทย์)'!C252 -> 1 | E249: =+C249*D249 -> 100000 | F249: เงินบริจาค | G249: ครุภัณฑ์ | H249: M
A250: 245 | B250: เครื่องตัดพลาสม่า | C250: =+'ครุภัณฑ์ (NEW) (การแพทย์)'!D253 -> 21500 | D250: =+'ครุภัณฑ์ (NEW) (การแพทย์)'!C253 -> 1 | E250: =+'ครุภัณฑ์ (NEW) (การแพทย์)'!E253 -> 21500 | F250: เงินบริจาค | G250: ครุภัณฑ์ | H250: M
A251: 246 | B251: ชุด CPU (core i5,Ram 8GB, Hard Disk 1TB) | C251: =+'ครุภัณฑ์ (NEW) (การแพทย์)'!D254 -> 28355 | D251: =+'ครุภัณฑ์ (NEW) (การแพทย์)'!C254 -> 1 | E251: =+'ครุภัณฑ์ (NEW) (การแพทย์)'!E254 -> 28355 | F251: เงินบริจาค | G251: ครุภัณฑ์ | H251: M
A252: 247 | B252: ครุภัณฑ์งานบ้าน | E252: =+รายละเอียดรายจ่าย!AU179 -> 1950787
A253: 248 | B253: ครุภัณฑ์สำนักงาน | E253: =+รายละเอียดรายจ่าย!AU180 -> 15841852
A254: 249 | B254: ครุภัณฑ์ไฟฟ้า | E254: =+รายละเอียดรายจ่าย!AU185 -> 154098
A255: 250 | B255: ครุภัณฑ์คอมพิวเตอร์ | E255: =+รายละเอียดรายจ่าย!AU186 -> 50433574
A256: 251 | B256: ครุภัณฑ์ยานพาหนะ | E256: =+รายละเอียดรายจ่าย!AU187 -> 3148000
A257: 252 | B257: ครุภัณฑ์โฆษณา | E257: =+รายละเอียดรายจ่าย!AU188 -> 46663
A258: 253 | B258: ครุภัณฑ์โรงงาน | E258: =+รายละเอียดรายจ่าย!AU189 -> 67172.5
A259: 254 | B259: ครุภัณฑ์ก่อสร้าง | E259: =+รายละเอียดรายจ่าย!AU190 -> 0
A260: 255 | B260: ครุภัณฑ์ต่ำกว่าเกณฑ์ | E260: =+รายละเอียดรายจ่าย!AU191 -> 0
A261: 256 | B261: ครุภัณฑ์การเกษตร | E261: =+รายละเอียดรายจ่าย!AU192 -> 124655
A262: 257 | B262: ครุภัณฑ์งบแรงงานต่างด้าว | E262: =+รายละเอียดรายจ่าย!AU220 -> 3187710
A263: 258 | B263: เครื่องช่วยหายใจชนิดควบคุมปริมาตรและความดัน พร้อมระบบการหย่าเครื่องอัตโนมัติและประมวลพยาธิสภาพปอด พร้อมแสดงรูปภาพปอดจำลองของคนไข้ | C263: =+'ครุภัณฑ์ (NEW) (อื่นๆ+ค่าเสื่อ)'!D20 -> 530000 | D263: =+'ครุภัณฑ์ (NEW) (อื่นๆ+ค่าเสื่อ)'!C20 -> 6 | E263: =+'ครุภัณฑ์ (NEW) (อื่นๆ+ค่าเสื่อ)'!E20 -> 3180000 | F263: งบค่าเสื่อม | G263: ครุภัณฑ์ | H263: M
A264: 259 | B264: เครื่องปั่นแยกส่วนประกอบของเลือด | C264: =+'ครุภัณฑ์ (NEW) (อื่นๆ+ค่าเสื่อ)'!D21 -> 1799500 | D264: =+'ครุภัณฑ์ (NEW) (อื่นๆ+ค่าเสื่อ)'!C21 -> 1 | E264: =+'ครุภัณฑ์ (NEW) (อื่นๆ+ค่าเสื่อ)'!E21 -> 1799500 | F264: งบค่าเสื่อม | G264: ครุภัณฑ์ | H264: M
A265: 260 | B265: เครื่องนึ่งฆ่าเชื้อจุลินทรีย์ด้วยไอน้ำระบบอัตโนมัติ ขนาดไม่น้อยกว่า 570 ลิตร (Pre–Post Vac) ชนิด 2 ประตู | C265: =+'ครุภัณฑ์ (NEW) (อื่นๆ+ค่าเสื่อ)'!D22 -> 4800000 | D265: =+'ครุภัณฑ์ (NEW) (อื่นๆ+ค่าเสื่อ)'!C22 -> 1 | E265: =+'ครุภัณฑ์ (NEW) (อื่นๆ+ค่าเสื่อ)'!E22 -> 4800000 | F265: งบค่าเสื่อม | G265: ครุภัณฑ์ | H265: M
A266: 261 | B266: รถตู้นั่ง กระบอกสูบ 2,755 ซีซี กำลังเครื่องยนต์สูงสุด 120 กิโลวัตต์ | C266: =+'ครุภัณฑ์ (NEW) (อื่นๆ+ค่าเสื่อ)'!D23 -> 1585000 | D266: =+'ครุภัณฑ์ (NEW) (อื่นๆ+ค่าเสื่อ)'!C23 -> 1 | E266: =+'ครุภัณฑ์ (NEW) (อื่นๆ+ค่าเสื่อ)'!E23 -> 1585000 | F266: งบค่าเสื่อม | G266: ครุภัณฑ์ | H266: M
A267: 262 | B267: เครื่องช่วยหายใจชนิดควบคุมปริมาตรและความดันพร้อมแสดงรูปภาพปอดจำลองคนไข้ สำหรับเด็ก | C267: =+'ครุภัณฑ์ (NEW) (อื่นๆ+ค่าเสื่อ)'!D24 -> 900000 | D267: =+'ครุภัณฑ์ (NEW) (อื่นๆ+ค่าเสื่อ)'!C24 -> 1 | E267: =+'ครุภัณฑ์ (NEW) (อื่นๆ+ค่าเสื่อ)'!E24 -> 900000 | F267: งบค่าเสื่อม | G267: ครุภัณฑ์ | H267: M
A268: 263 | B268: เครื่องส่องรักษาทารกตัวเหลืองแบบสองด้าน | C268: =+'ครุภัณฑ์ (NEW) (อื่นๆ+ค่าเสื่อ)'!D25 -> 160000 | D268: =+'ครุภัณฑ์ (NEW) (อื่นๆ+ค่าเสื่อ)'!C25 -> 3 | E268: =+'ครุภัณฑ์ (NEW) (อื่นๆ+ค่าเสื่อ)'!E25 -> 480000 | F268: งบค่าเสื่อม | G268: ครุภัณฑ์ | H268: M
A269: 264 | B269: เครื่องตรวจอวัยวะภายในด้วยคลื่นเสียงความถี่สูงสองมิติ สำหรับสูตินรีเวชศาสตร์ | C269: =+'ครุภัณฑ์ (NEW) (อื่นๆ+ค่าเสื่อ)'!D26 -> 1500000 | D269: =+'ครุภัณฑ์ (NEW) (อื่นๆ+ค่าเสื่อ)'!C26 -> 1 | E269: =+'ครุภัณฑ์ (NEW) (อื่นๆ+ค่าเสื่อ)'!E26 -> 1500000 | F269: งบค่าเสื่อม | G269: ครุภัณฑ์ | H269: M
A270: 265 | B270: เครื่องตรวจอวัยวะทางหน้าท้องทั่วไป และต่อมลูกหมากผ่านทางทวารหนักด้วยคลื่นเสียงความถี่สูง ชนิดสี | C270: =+'ครุภัณฑ์ (NEW) (อื่นๆ+ค่าเสื่อ)'!D27 -> 3000000 | D270: =+'ครุภัณฑ์ (NEW) (อื่นๆ+ค่าเสื่อ)'!C27 -> 1 | E270: =+'ครุภัณฑ์ (NEW) (อื่นๆ+ค่าเสื่อ)'!E27 -> 3000000 | F270: งบค่าเสื่อม | G270: ครุภัณฑ์ | H270: M
A271: 266 | B271: เครื่องตรวจอวัยวะภายในด้วยคลื่นเสียงความถี่สูง ชนิดพกพา | C271: =+'ครุภัณฑ์ (NEW) (อื่นๆ+ค่าเสื่อ)'!D28 -> 350000 | D271: =+'ครุภัณฑ์ (NEW) (อื่นๆ+ค่าเสื่อ)'!C28 -> 1 | E271: =+'ครุภัณฑ์ (NEW) (อื่นๆ+ค่าเสื่อ)'!E28 -> 350000 | F271: งบค่าเสื่อม | G271: ครุภัณฑ์ | H271: M
A272: 267 | B272: เครื่องตรวจคลื่นไฟฟ้าหัวใจพร้อมระบบวิเคราะห์ผล สป.สธ. (พ.ย.67) ID=AA375 ID=AA375 | C272: =+'ครุภัณฑ์ (NEW) (อื่นๆ+ค่าเสื่อ)'!D29 -> 150000 | D272: =+'ครุภัณฑ์ (NEW) (อื่นๆ+ค่าเสื่อ)'!C29 -> 1 | E272: =+'ครุภัณฑ์ (NEW) (อื่นๆ+ค่าเสื่อ)'!E29 -> 150000 | F272: งบค่าเสื่อม | G272: ครุภัณฑ์ | H272: M
A273: 268 | B273: เครื่องให้ออกซิเจนด้วยอัตราการไหลสูง | C273: =+'ครุภัณฑ์ (NEW) (อื่นๆ+ค่าเสื่อ)'!D30 -> 180000 | D273: =+'ครุภัณฑ์ (NEW) (อื่นๆ+ค่าเสื่อ)'!C30 -> 1 | E273: =+'ครุภัณฑ์ (NEW) (อื่นๆ+ค่าเสื่อ)'!E30 -> 180000 | F273: งบค่าเสื่อม | G273: ครุภัณฑ์ | H273: M
A274: 269 | B274: เครื่องวัดสายตาในเด็ก ระบบอัตโนมัติ | C274: =+'ครุภัณฑ์ (NEW) (อื่นๆ+ค่าเสื่อ)'!D34 -> 369000 | D274: =+'ครุภัณฑ์ (NEW) (อื่นๆ+ค่าเสื่อ)'!C34 -> 1 | E274: =+'ครุภัณฑ์ (NEW) (อื่นๆ+ค่าเสื่อ)'!E34 -> 369000 | F274: งบค่าเสื่อม | G274: ครุภัณฑ์ | H274: M
A275: 270 | B275: เครื่องดมยาสลบชนิดมาตรฐาน | C275: =+'ครุภัณฑ์ (NEW) (อื่นๆ+ค่าเสื่อ)'!D35 -> 1670000 | D275: =+'ครุภัณฑ์ (NEW) (อื่นๆ+ค่าเสื่อ)'!C35 -> 3 | E275: =+'ครุภัณฑ์ (NEW) (อื่นๆ+ค่าเสื่อ)'!E35 -> 5010000 | F275: งบค่าเสื่อม | G275: ครุภัณฑ์ | H275: M
A276: 271 | B276: เครื่องขูดหินปูน | C276: =+'ครุภัณฑ์ (NEW) (อื่นๆ+ค่าเสื่อ)'!D36 -> 70500 | D276: =+'ครุภัณฑ์ (NEW) (อื่นๆ+ค่าเสื่อ)'!C36 -> 2 | E276: =+'ครุภัณฑ์ (NEW) (อื่นๆ+ค่าเสื่อ)'!E36 -> 141000 | F276: งบค่าเสื่อม | G276: ครุภัณฑ์ | H276: M
A277: 272 | B277: ทางเดินเชื่อมตึกอันดามันไปอาคารอุบัติเหตุ 10 ชั้น | C277: =+'สิ่งก่อสร้าง (NEW)'!D4 -> 4500000 | D277: =+'สิ่งก่อสร้าง (NEW)'!C4 -> 1 | E277: =+'สิ่งก่อสร้าง (NEW)'!E4 -> 4500000 | F277: เงินบำรุง | G277: สิ่งก่อสร้าง | H277: M
A278: 273 | B278: ซื้อที่ดิน 1 ไร่ 63.2 ตารางวา ตรงข้ามหน้าโรงพยาบาลวชิระภูเก็ต | C278: =+'สิ่งก่อสร้าง (NEW)'!D5 -> 57000000 | D278: =+'สิ่งก่อสร้าง (NEW)'!C5 -> 1 | E278: =+'สิ่งก่อสร้าง (NEW)'!E5 -> 57000000 | F278: เงินบำรุง | G278: สิ่งก่อสร้าง | H278: M
A279: 274 | B279: ขยายพื้นที่ด้านข้างอาคารจ่ายยาปุดจ้อ | C279: =+'สิ่งก่อสร้าง (NEW)'!D6 -> 2000000 | D279: =+'สิ่งก่อสร้าง (NEW)'!C6 -> 1 | E279: =+'สิ่งก่อสร้าง (NEW)'!E6 -> 2000000 | F279: เงินบำรุง | G279: สิ่งก่อสร้าง | H279: M
A280: 275 | B280: ก่อสร้างและปรับปรุงห้องจ่ายยาผู้ป่วยนอกชั้น 1 | C280: =+'สิ่งก่อสร้าง (NEW)'!D7 -> 2300000 | D280: =+'สิ่งก่อสร้าง (NEW)'!C7 -> 1 | E280: =+'สิ่งก่อสร้าง (NEW)'!E7 -> 2300000 | F280: เงินบำรุง | G280: สิ่งก่อสร้าง | H280: M
A281: 276 | B281: ปรับปรุงระบบปรับอากาศระบายอากาศ ห้องแยกโรคผู้ป่วยแพร่เชื้อทางอากาศ ชั้น 2 และชั้น 3 อาคาร 298 (วิจารณ์ร่างเสนอตรวจสอบ) | C281: =+'สิ่งก่อสร้าง (NEW)'!D8 -> 17250000 | D281: =+'สิ่งก่อสร้าง (NEW)'!C8 -> 1 | E281: =+'สิ่งก่อสร้าง (NEW)'!E8 -> 17250000 | F281: เงินบำรุง | G281: สิ่งก่อสร้าง | H281: M
A282: 277 | B282: ระบบเติมอากาศในห้องคลอด | C282: =+'สิ่งก่อสร้าง (NEW)'!D9 -> 2500000 | D282: =+'สิ่งก่อสร้าง (NEW)'!C9 -> 1 | E282: =+'สิ่งก่อสร้าง (NEW)'!E9 -> 2500000 | F282: เงินบำรุง | G282: สิ่งก่อสร้าง | H282: E
A283: 278 | B283: ปรับปรุงห้องประชุมศูนย์คุณภาพ | C283: =+'สิ่งก่อสร้าง (NEW)'!D10 -> 99450 | D283: =+'สิ่งก่อสร้าง (NEW)'!C10 -> 1 | E283: =+'สิ่งก่อสร้าง (NEW)'!E10 -> 99450 | F283: เงินบำรุง | G283: สิ่งก่อสร้าง | H283: M
A284: 279 | B284: ปรับปรุงระบบปรับอากาศระบายอากาศ (clean room positive pressure) ห้องแยกผู้ป่วยเคมีบำบัด ชั้น 8 ตึก 298 | C284: =+'สิ่งก่อสร้าง (NEW)'!D11 -> 359200 | D284: =+'สิ่งก่อสร้าง (NEW)'!C11 -> 1 | E284: =+'สิ่งก่อสร้าง (NEW)'!E11 -> 359200 | F284: เงินบำรุง | G284: สิ่งก่อสร้าง | H284: M
A285: 280 | B285: ปรับปรุงห้องตู้แช่เนื้อสัตว์ | C285: =+'สิ่งก่อสร้าง (NEW)'!D12 -> 400000 | D285: =+'สิ่งก่อสร้าง (NEW)'!C12 -> 1 | E285: =+'สิ่งก่อสร้าง (NEW)'!E12 -> 400000 | F285: เงินบำรุง | G285: สิ่งก่อสร้าง | H285: M
A286: 281 | B286: ปรับปรุงแผนก NEURO ชั้น 9 | C286: =+'สิ่งก่อสร้าง (NEW)'!D13 -> 573000 | D286: =+'สิ่งก่อสร้าง (NEW)'!C13 -> 1 | E286: =+'สิ่งก่อสร้าง (NEW)'!E13 -> 573000 | F286: เงินบำรุง | G286: สิ่งก่อสร้าง | H286: M
A287: 282 | B287: ปรับปรุงเคาน์เตอร์ติดต่อสอบถาม | C287: =+'สิ่งก่อสร้าง (NEW)'!D14 -> 200000 | D287: =+'สิ่งก่อสร้าง (NEW)'!C14 -> 1 | E287: =+'สิ่งก่อสร้าง (NEW)'!E14 -> 200000 | F287: เงินบำรุง | G287: สิ่งก่อสร้าง | H287: M
A288: 283 | B288: ติดตั้งราวตากผ้า 3 ล็อก ล็อกละ 3 แถว | C288: =+'สิ่งก่อสร้าง (NEW)'!D15 -> 45000 | D288: =+'สิ่งก่อสร้าง (NEW)'!C15 -> 2 | E288: =+'สิ่งก่อสร้าง (NEW)'!E15 -> 90000 | F288: เงินบำรุง | G288: สิ่งก่อสร้าง | H288: M
... A296: 291 | B296: ปรับปรุงหออภิบาลโรคหลอดเลือดสมอง (Stroke Unit) | C296: =+'สิ่งก่อสร้าง (NEW)'!D23 -> 500000 | D296: =+'สิ่งก่อสร้าง (NEW)'!C23 -> 1 | E296: =+'สิ่งก่อสร้าง (NEW)'!E23 -> 500000 | F296: เงินบำรุง | G296: สิ่งก่อสร้าง | H296: M
A297: 292 | B297: ปรับปรุงใช้ห้อง Cath lab ตึก 10 ชั้น ชั้น 5 | C297: =+'สิ่งก่อสร้าง (NEW)'!D35 -> 2000000 | D297: =+'สิ่งก่อสร้าง (NEW)'!C35 -> 1 | E297: =+'สิ่งก่อสร้าง (NEW)'!E35 -> 2000000 | F297: เงินบริจาค | G297: สิ่งก่อสร้าง | H297: M
A298: 293 | B298: ปรับปรุงห้องผ่าตัดหัวใจ CVT และ ติดตั้ง HEPAตึก 10 ชั้น (ชั้น 5) | C298: =+'สิ่งก่อสร้าง (NEW)'!D36 -> 2700000 | D298: =+'สิ่งก่อสร้าง (NEW)'!C36 -> 1 | E298: =+'สิ่งก่อสร้าง (NEW)'!E36 -> 2700000 | F298: เงินบริจาค | G298: สิ่งก่อสร้าง | H298: M
A299: 294 | B299: อาคารรังสีรักษา (ราคาก่อสร้าง 421 ล้านบาท) | C299: =+'สิ่งก่อสร้าง (NEW)'!D37 -> 100000000 | D299: =+'สิ่งก่อสร้าง (NEW)'!C37 -> 1 | E299: =+'สิ่งก่อสร้าง (NEW)'!E37 -> 100000000 | F299: เงินบริจาค | G299: สิ่งก่อสร้าง | H299: M
A300: รวม | E300: =SUM(E6:E299) -> 4.0761199e+08
B303: ผู้จัดทำ.......................................................................... | E303: ผู้อำนวยการโรงพยาบาล...............................................................
B304: (นางปทมา ตันโชติกุล ) ตำแหน่ง รองผู้อำนวยการกลุ่มภารกิจ ด้าน พรส. | E304: (นายวีระศักดิ์ หล่อทองคำ) ผู้อำนวยการโรงพยาบาลวชิระภูเก็ต
C307: นายแพทย์สาธารณสุขจังหวัด......................................................... ผู้อนุมัติ

Sheet แผนลงทุน 3 ปี
A1: แบบฟอร์ม แผนการลงทุนด้วยเงินบำรุง 3 ปี งบประมาณ 2569 - 2571
A2: ตามนโยบายการลงทุน Environment , Modernization And Smart Service : EMS
A3: หน่วยบริการ....โรงพยาบาลวชิระภูเก็ต..วงเงินลงทุนปีงบประมาณ 2569-2571…= 1,261,097,216.32 บ.
M4: หน่วย : บาท
B5: ลำดับ | C5: รายการ | D5: หน่วยนับ | E5: ราคา ต่อหน่วย | F5: ปีงบประมาณ 2569 | H5: ปีงบประมาณ 2570 | J5: ปีงบประมาณ 2571 | L5: รวม 2569-2571 | N5: แหล่งเงิน (งบค่าเสื่อม/งบบริจาค/เงินบำรุง) | O5: ประเภทงบ (ครุภัณฑ์/ สิ่งก่อสร้าง) | P5: **สอดคล้องนโยบายด้านใด
F6: จำนวน หน่วย | G6: เป็นเงิน | H6: จำนวนหน่วย | I6: เป็นเงิน | J6: จำนวนหน่วย | K6: เป็นเงิน | L6: จำนวน หน่วย | M6: เป็นเงิน
C7: ครุภัณฑ์
B8: 1 | C8: กล้องกำลังขยายสูงสำหรับงานทันตกรรม | D8: สถานี | E8: =+'แผนลงทุน 1ปี '!C6 -> 1950000 | F8: =+'แผนลงทุน 1ปี '!D6 -> 1 | G8: =+'แผนลงทุน 1ปี '!E6 -> 1950000 | H8: 0 | I8: 0 | J8: 0 | K8: 0 | L8: 0 | M8: 0 | N8: =+'แผนลงทุน 1ปี '!F6 -> เงินบำรุง | O8: =+'แผนลงทุน 1ปี '!G6 -> ครุภัณฑ์ | P8: =+'แผนลงทุน 1ปี '!H6 -> M
B9: 2 | C9: เครื่องติดตามการทำงานของหัวใจและสัญญาณชีพอัตโนมัติ | D9: เครื่อง | E9: =+'แผนลงทุน 1ปี '!C7 -> 250000 | F9: =+'แผนลงทุน 1ปี '!D7 -> 1 | G9: =+'แผนลงทุน 1ปี '!E7 -> 250000 | H9: 0 | I9: 0 | J9: 0 | K9: 0 | L9: 0 | M9: 0 | N9: =+'แผนลงทุน 1ปี '!F7 -> เงินบำรุง | O9: =+'แผนลงทุน 1ปี '!G7 -> ครุภัณฑ์ | P9: =+'แผนลงทุน 1ปี '!H7 -> M
B10: 3 | C10: ระบบ Nurse Call อาคารหลวงพ่อแช่ม ชั้น 5 | D10: ระบบ | E10: =+'แผนลงทุน 1ปี '!C8 -> 200000 | F10: =+'แผนลงทุน 1ปี '!D8 -> 1 | G10: =+'แผนลงทุน 1ปี '!E8 -> 200000 | H10: 0 | I10: 0 | J10: 0 | K10: 0 | L10: 0 | M10: 0 | N10: =+'แผนลงทุน 1ปี '!F8 -> เงินบำรุง | O10: =+'แผนลงทุน 1ปี '!G8 -> ครุภัณฑ์ | P10: =+'แผนลงทุน 1ปี '!H8 -> M
B11: 4 | C11: เครื่องตรวจคลื่นไฟฟ้าหัวใจพร้อมระบบวิเคราะห์ผลและจัดเก็บภาพในระบบเครือข่าย | D11: เครื่อง | E11: =+'แผนลงทุน 1ปี '!C9 -> 150000 | F11: =+'แผนลงทุน 1ปี '!D9 -> 1 | G11: =+'แผนลงทุน 1ปี '!E9 -> 150000 | H11: 0 | I11: 0 | J11: 0 | K11: 0 | L11: 0 | M11: 0 | N11: =+'แผนลงทุน 1ปี '!F9 -> เงินบำรุง | O11: =+'แผนลงทุน 1ปี '!G9 -> ครุภัณฑ์ | P11: =+'แผนลงทุน 1ปี '!H9 -> M
B12: 5 | C12: เครื่องช่วยหายใจควบคุมปริมาตรและความดันเคลื่อนย้ายได้ | D12: เครื่อง | E12: =+'แผนลงทุน 1ปี '!C10 -> 550000 | F12: =+'แผนลงทุน 1ปี '!D10 -> 2 | G12: =+'แผนลงทุน 1ปี '!E10 -> 1100000 | H12: 0 | I12: 0 | J12: 0 | K12: 0 | L12: 0 | M12: 0 | N12: =+'แผนลงทุน 1ปี '!F10 -> เงินบำรุง | O12: =+'แผนลงทุน 1ปี '!G10 -> ครุภัณฑ์ | P12: =+'แผนลงทุน 1ปี '!H10 -> M
B13: 6 | C13: foot switch voluson e6 | D13: เครื่อง | E13: =+'แผนลงทุน 1ปี '!C11 -> 30000 | F13: =+'แผนลงทุน 1ปี '!D11 -> 1 | G13: =+'แผนลงทุน 1ปี '!E11 -> 30000 | H13: 0 | I13: 0 | J13: 0 | K13: 0 | L13: 0 | M13: 0 | N13: =+'แผนลงทุน 1ปี '!F11 -> เงินบำรุง | O13: =+'แผนลงทุน 1ปี '!G11 -> ครุภัณฑ์ | P13: =+'แผนลงทุน 1ปี '!H11 -> M
B14: 7 | C14: เครื่องให้การรักษาด้วยแสงเลเซอร์ สำหรับรักษาความผิดปกติของเม็ดสี ริ้วรอย สิว ความไม่สม่ำเสมอของผิวและแผลเป็น | D14: เครื่อง | E14: =+'แผนลงทุน 1ปี '!C12 -> 2700000 | F14: =+'แผนลงทุน 1ปี '!D12 -> 1 | G14: =+'แผนลงทุน 1ปี '!E12 -> 2700000 | H14: 0 | I14: 0 | J14: 0 | K14: 0 | L14: 0 | M14: 0 | N14: =+'แผนลงทุน 1ปี '!F12 -> เงินบำรุง | O14: =+'แผนลงทุน 1ปี '!G12 -> ครุภัณฑ์ | P14: =+'แผนลงทุน 1ปี '!H12 -> M
B15: 8 | C15: เครื่องเลเซอร์คาร์บอนไดออกไซด์แบบ Ultra Pulse | D15: เครื่อง | E15: =+'แผนลงทุน 1ปี '!C13 -> 650000 | F15: =+'แผนลงทุน 1ปี '!D13 -> 1 | G15: =+'แผนลงทุน 1ปี '!E13 -> 650000 | H15: 0 | I15: 0 | J15: 0 | K15: 0 | L15: 0 | M15: 0 | N15: =+'แผนลงทุน 1ปี '!F13 -> เงินบำรุง | O15: =+'แผนลงทุน 1ปี '!G13 -> ครุภัณฑ์ | P15: =+'แผนลงทุน 1ปี '!H13 -> M
B16: 9 | C16: เครื่องวิเคราะห์สภาพผิวหน้า VISIA | D16: เครื่อง | E16: =+'แผนลงทุน 1ปี '!C14 -> 1337500 | F16: =+'แผนลงทุน 1ปี '!D14 -> 1 | G16: =+'แผนลงทุน 1ปี '!E14 -> 1337500 | H16: 0 | I16: 0 | J16: 0 | K16: 0 | L16: 0 | M16: 0 | N16: =+'แผนลงทุน 1ปี '!F14 -> เงินบำรุง | O16: =+'แผนลงทุน 1ปี '!G14 -> ครุภัณฑ์ | P16: =+'แผนลงทุน 1ปี '!H14 -> M
B17: 10 | C17: เครื่องพ่นลมเย็น | D17: เครื่อง | E17: =+'แผนลงทุน 1ปี '!C15 -> 448598.13 | F17: =+'แผนลงทุน 1ปี '!D15 -> 1 | G17: =+'แผนลงทุน 1ปี '!E15 -> 448598.13 | H17: 0 | I17: 0 | J17: 0 | K17: 0 | L17: 0 | M17: 0 | N17: =+'แผนลงทุน 1ปี '!F15 -> เงินบำรุง | O17: =+'แผนลงทุน 1ปี '!G15 -> ครุภัณฑ์ | P17: =+'แผนลงทุน 1ปี '!H15 -> M
B18: 11 | C18: เครื่องยกกระชับใบหน้าโดยไม่ต้องผ่าตัด ULTHERA | D18: เครื่อง | E18: =+'แผนลงทุน 1ปี '!C16 -> 4500000 | F18: =+'แผนลงทุน 1ปี '!D16 -> 1 | G18: =+'แผนลงทุน 1ปี '!E16 -> 4500000 | H18: 0 | I18: 0 | J18: 0 | K18: 0 | L18: 0 | M18: 0 | N18: =+'แผนลงทุน 1ปี '!F16 -> เงินบำรุง | O18: =+'แผนลงทุน 1ปี '!G16 -> ครุภัณฑ์ | P18: =+'แผนลงทุน 1ปี '!H16 -> M
B19: 12 | C19: ยูนิตทำฟัน | D19: ยูนิต | E19: =+'แผนลงทุน 1ปี '!C17 -> 579900 | F19: =+'แผนลงทุน 1ปี '!D17 -> 1 | G19: =+'แผนลงทุน 1ปี '!E17 -> 579900 | H19: 0 | I19: 0 | J19: 0 | K19: 0 | L19: 0 | M19: 0 | N19: =+'แผนลงทุน 1ปี '!F17 -> เงินบำรุง | O19: =+'แผนลงทุน 1ปี '!G17 -> ครุภัณฑ์ | P19: =+'แผนลงทุน 1ปี '!H17 -> M
... B253: 246 | C253: ชุด CPU (core i5,Ram 8GB, Hard Disk 1TB) | D253: ชุด | E253: =+'แผนลงทุน 1ปี '!C251 -> 28355 | F253: =+'แผนลงทุน 1ปี '!D251 -> 1 | G253: =+'แผนลงทุน 1ปี '!E251 -> 28355 | H253: 0 | I253: 0 | J253: 0 | K253: 0 | L253: 0 | M253: 0 | N253: =+'แผนลงทุน 1ปี '!F251 -> เงินบริจาค | O253: =+'แผนลงทุน 1ปี '!G251 -> ครุภัณฑ์ | P253: =+'แผนลงทุน 1ปี '!H251 -> M
B254: 247 | C254: ครุภัณฑ์งานบ้าน | E254: =+'แผนลงทุน 1ปี '!C252 -> 0 | F254: =+'แผนลงทุน 1ปี '!D252 -> 0 | G254: =+'แผนลงทุน 1ปี '!E252 -> 1950787 | H254: 0 | I254: 0 | J254: 0 | K254: 0 | L254: 0 | M254: 0 | N254: =+'แผนลงทุน 1ปี '!F252 -> 0 | O254: =+'แผนลงทุน 1ปี '!G252 -> 0 | P254: =+'แผนลงทุน 1ปี '!H252 -> 0
B255: 248 | C255: ครุภัณฑ์สำนักงาน | E255: =+'แผนลงทุน 1ปี '!C253 -> 0 | F255: =+'แผนลงทุน 1ปี '!D253 -> 0 | G255: =+'แผนลงทุน 1ปี '!E253 -> 15841852 | H255: 0 | I255: 0 | J255: 0 | K255: 0 | L255: 0 | M255: 0 | N255: =+'แผนลงทุน 1ปี '!F253 -> 0 | O255: =+'แผนลงทุน 1ปี '!G253 -> 0 | P255: =+'แผนลงทุน 1ปี '!H253 -> 0
B256: 249 | C256: ครุภัณฑ์ไฟฟ้า | E256: =+'แผนลงทุน 1ปี '!C254 -> 0 | F256: =+'แผนลงทุน 1ปี '!D254 -> 0 | G256: =+'แผนลงทุน 1ปี '!E254 -> 154098 | H256: 0 | I256: 0 | J256: 0 | K256: 0 | L256: 0 | M256: 0 | N256: =+'แผนลงทุน 1ปี '!F254 -> 0 | O256: =+'แผนลงทุน 1ปี '!G254 -> 0 | P256: =+'แผนลงทุน 1ปี '!H254 -> 0
B257: 250 | C257: ครุภัณฑ์คอมพิวเตอร์ | E257: =+'แผนลงทุน 1ปี '!C255 -> 0 | F257: =+'แผนลงทุน 1ปี '!D255 -> 0 | G257: =+'แผนลงทุน 1ปี '!E255 -> 50433574 | H257: 0 | I257: 0 | J257: 0 | K257: 0 | L257: 0 | M257: 0 | N257: =+'แผนลงทุน 1ปี '!F255 -> 0 | O257: =+'แผนลงทุน 1ปี '!G255 -> 0 | P257: =+'แผนลงทุน 1ปี '!H255 -> 0
B258: 251 | C258: ครุภัณฑ์ยานพาหนะ | E258: =+'แผนลงทุน 1ปี '!C256 -> 0 | F258: =+'แผนลงทุน 1ปี '!D256 -> 0 | G258: =+'แผนลงทุน 1ปี '!E256 -> 3148000 | H258: 0 | I258: 0 | J258: 0 | K258: 0 | L258: 0 | M258: 0 | N258: =+'แผนลงทุน 1ปี '!F256 -> 0 | O258: =+'แผนลงทุน 1ปี '!G256 -> 0 | P258: =+'แผนลงทุน 1ปี '!H256 -> 0
B259: 252 | C259: ครุภัณฑ์โฆษณา | E259: =+'แผนลงทุน 1ปี '!C257 -> 0 | F259: =+'แผนลงทุน 1ปี '!D257 -> 0 | G259: =+'แผนลงทุน 1ปี '!E257 -> 46663 | H259: 0 | I259: 0 | J259: 0 | K259: 0 | L259: 0 | M259: 0 | N259: =+'แผนลงทุน 1ปี '!F257 -> 0 | O259: =+'แผนลงทุน 1ปี '!G257 -> 0 | P259: =+'แผนลงทุน 1ปี '!H257 -> 0
B260: 253 | C260: ครุภัณฑ์โรงงาน | E260: =+'แผนลงทุน 1ปี '!C258 -> 0 | F260: =+'แผนลงทุน 1ปี '!D258 -> 0 | G260: =+'แผนลงทุน 1ปี '!E258 -> 67172.5 | H260: 0 | I260: 0 | J260: 0 | K260: 0 | L260: 0 | M260: 0 | N260: =+'แผนลงทุน 1ปี '!F258 -> 0 | O260: =+'แผนลงทุน 1ปี '!G258 -> 0 | P260: =+'แผนลงทุน 1ปี '!H258 -> 0
B261: 254 | C261: ครุภัณฑ์ก่อสร้าง | E261: =+'แผนลงทุน 1ปี '!C259 -> 0 | F261: =+'แผนลงทุน 1ปี '!D259 -> 0 | G261: =+'แผนลงทุน 1ปี '!E259 -> 0 | H261: 0 | I261: 0 | J261: 0 | K261: 0 | L261: 0 | M261: 0 | N261: =+'แผนลงทุน 1ปี '!F259 -> 0 | O261: =+'แผนลงทุน 1ปี '!G259 -> 0 | P261: =+'แผนลงทุน 1ปี '!H259 -> 0
B262: 255 | C262: ครุภัณฑ์ต่ำกว่าเกณฑ์ | E262: =+'แผนลงทุน 1ปี '!C260 -> 0 | F262: =+'แผนลงทุน 1ปี '!D260 -> 0 | G262: =+'แผนลงทุน 1ปี '!E260 -> 0 | H262: 0 | I262: 0 | J262: 0 | K262: 0 | L262: 0 | M262: 0 | N262: =+'แผนลงทุน 1ปี '!F260 -> 0 | O262: =+'แผนลงทุน 1ปี '!G260 -> 0 | P262: =+'แผนลงทุน 1ปี '!H260 -> 0
B263: 256 | C263: ครุภัณฑ์การเกษตร | E263: =+'แผนลงทุน 1ปี '!C261 -> 0 | F263: =+'แผนลงทุน 1ปี '!D261 -> 0 | G263: =+'แผนลงทุน 1ปี '!E261 -> 124655 | H263: 0 | I263: 0 | J263: 0 | K263: 0 | L263: 0 | M263: 0 | N263: =+'แผนลงทุน 1ปี '!F261 -> 0 | O263: =+'แผนลงทุน 1ปี '!G261 -> 0 | P263: =+'แผนลงทุน 1ปี '!H261 -> 0
B264: 257 | C264: ครุภัณฑ์งบแรงงานต่างด้าว | E264: =+'แผนลงทุน 1ปี '!C262 -> 0 | F264: =+'แผนลงทุน 1ปี '!D262 -> 0 | G264: =+'แผนลงทุน 1ปี '!E262 -> 3187710 | H264: 0 | I264: 0 | J264: 0 | K264: 0 | L264: 0 | M264: 0 | N264: =+'แผนลงทุน 1ปี '!F262 -> 0 | O264: =+'แผนลงทุน 1ปี '!G262 -> 0 | P264: =+'แผนลงทุน 1ปี '!H262 -> 0
B265: 258 | C265: เครื่องช่วยหายใจชนิดควบคุมปริมาตรและความดัน พร้อมระบบการหย่าเครื่องอัตโนมัติและประมวลพยาธิสภาพปอด พร้อมแสดงรูปภาพปอดจำลองของคนไข้ | D265: เครื่อง | E265: =+'แผนลงทุน 1ปี '!C263 -> 530000 | F265: =+'แผนลงทุน 1ปี '!D263 -> 6 | G265: =+'แผนลงทุน 1ปี '!E263 -> 3180000 | H265: 0 | I265: 0 | J265: 0 | K265: 0 | L265: 0 | M265: 0 | N265: =+'แผนลงทุน 1ปี '!F263 -> งบค่าเสื่อม | O265: =+'แผนลงทุน 1ปี '!G263 -> ครุภัณฑ์ | P265: =+'แผนลงทุน 1ปี '!H263 -> M
B266: 259 | C266: เครื่องปั่นแยกส่วนประกอบของเลือด | D266: เครื่อง | E266: =+'แผนลงทุน 1ปี '!C264 -> 1799500 | F266: =+'แผนลงทุน 1ปี '!D264 -> 1 | G266: =+'แผนลงทุน 1ปี '!E264 -> 1799500 | H266: 0 | I266: 0 | J266: 0 | K266: 0 | L266: 0 | M266: 0 | N266: =+'แผนลงทุน 1ปี '!F264 -> งบค่าเสื่อม | O266: =+'แผนลงทุน 1ปี '!G264 -> ครุภัณฑ์ | P266: =+'แผนลงทุน 1ปี '!H264 -> M
B267: 260 | C267: เครื่องนึ่งฆ่าเชื้อจุลินทรีย์ด้วยไอน้ำระบบอัตโนมัติ ขนาดไม่น้อยกว่า 570 ลิตร (Pre–Post Vac) ชนิด 2 ประตู | D267: เครื่อง | E267: =+'แผนลงทุน 1ปี '!C265 -> 4800000 | F267: =+'แผนลงทุน 1ปี '!D265 -> 1 | G267: =+'แผนลงทุน 1ปี '!E265 -> 4800000 | H267: 0 | I267: 0 | J267: 0 | K267: 0 | L267: 0 | M267: 0 | N267: =+'แผนลงทุน 1ปี '!F265 -> งบค่าเสื่อม | O267: =+'แผนลงทุน 1ปี '!G265 -> ครุภัณฑ์ | P267: =+'แผนลงทุน 1ปี '!H265 -> M
B268: 261 | C268: รถตู้นั่ง กระบอกสูบ 2,755 ซีซี กำลังเครื่องยนต์สูงสุด 120 กิโลวัตต์ | D268: คัน | E268: =+'แผนลงทุน 1ปี '!C266 -> 1585000 | F268: =+'แผนลงทุน 1ปี '!D266 -> 1 | G268: =+'แผนลงทุน 1ปี '!E266 -> 1585000 | H268: 0 | I268: 0 | J268: 0 | K268: 0 | L268: 0 | M268: 0 | N268: =+'แผนลงทุน 1ปี '!F266 -> งบค่าเสื่อม | O268: =+'แผนลงทุน 1ปี '!G266 -> ครุภัณฑ์ | P268: =+'แผนลงทุน 1ปี '!H266 -> M
B269: 262 | C269: เครื่องช่วยหายใจชนิดควบคุมปริมาตรและความดันพร้อมแสดงรูปภาพปอดจำลองคนไข้ สำหรับเด็ก | D269: เครื่อง | E269: =+'แผนลงทุน 1ปี '!C267 -> 900000 | F269: =+'แผนลงทุน 1ปี '!D267 -> 1 | G269: =+'แผนลงทุน 1ปี '!E267 -> 900000 | H269: 0 | I269: 0 | J269: 0 | K269: 0 | L269: 0 | M269: 0 | N269: =+'แผนลงทุน 1ปี '!F267 -> งบค่าเสื่อม | O269: =+'แผนลงทุน 1ปี '!G267 -> ครุภัณฑ์ | P269: =+'แผนลงทุน 1ปี '!H267 -> M
B270: 263 | C270: เครื่องส่องรักษาทารกตัวเหลืองแบบสองด้าน | D270: เครื่อง | E270: =+'แผนลงทุน 1ปี '!C268 -> 160000 | F270: =+'แผนลงทุน 1ปี '!D268 -> 3 | G270: =+'แผนลงทุน 1ปี '!E268 -> 480000 | H270: 0 | I270: 0 | J270: 0 | K270: 0 | L270: 0 | M270: 0 | N270: =+'แผนลงทุน 1ปี '!F268 -> งบค่าเสื่อม | O270: =+'แผนลงทุน 1ปี '!G268 -> ครุภัณฑ์ | P270: =+'แผนลงทุน 1ปี '!H268 -> M
B271: 264 | C271: เครื่องตรวจอวัยวะภายในด้วยคลื่นเสียงความถี่สูงสองมิติ สำหรับสูตินรีเวชศาสตร์ | D271: เครื่อง | E271: =+'แผนลงทุน 1ปี '!C269 -> 1500000 | F271: =+'แผนลงทุน 1ปี '!D269 -> 1 | G271: =+'แผนลงทุน 1ปี '!E269 -> 1500000 | H271: 0 | I271: 0 | J271: 0 | K271: 0 | L271: 0 | M271: 0 | N271: =+'แผนลงทุน 1ปี '!F269 -> งบค่าเสื่อม | O271: =+'แผนลงทุน 1ปี '!G269 -> ครุภัณฑ์ | P271: =+'แผนลงทุน 1ปี '!H269 -> M
B272: 265 | C272: เครื่องตรวจอวัยวะทางหน้าท้องทั่วไป และต่อมลูกหมากผ่านทางทวารหนักด้วยคลื่นเสียงความถี่สูง ชนิดสี | D272: เครื่อง | E272: =+'แผนลงทุน 1ปี '!C270 -> 3000000 | F272: =+'แผนลงทุน 1ปี '!D270 -> 1 | G272: =+'แผนลงทุน 1ปี '!E270 -> 3000000 | H272: 0 | I272: 0 | J272: 0 | K272: 0 | L272: 0 | M272: 0 | N272: =+'แผนลงทุน 1ปี '!F270 -> งบค่าเสื่อม | O272: =+'แผนลงทุน 1ปี '!G270 -> ครุภัณฑ์ | P272: =+'แผนลงทุน 1ปี '!H270 -> M
B273: 266 | C273: เครื่องตรวจอวัยวะภายในด้วยคลื่นเสียงความถี่สูง ชนิดพกพา | D273: เครื่อง | E273: =+'แผนลงทุน 1ปี '!C271 -> 350000 | F273: =+'แผนลงทุน 1ปี '!D271 -> 1 | G273: =+'แผนลงทุน 1ปี '!E271 -> 350000 | H273: 0 | I273: 0 | J273: 0 | K273: 0 | L273: 0 | M273: 0 | N273: =+'แผนลงทุน 1ปี '!F271 -> งบค่าเสื่อม | O273: =+'แผนลงทุน 1ปี '!G271 -> ครุภัณฑ์ | P273: =+'แผนลงทุน 1ปี '!H271 -> M
B274: 267 | C274: เครื่องตรวจคลื่นไฟฟ้าหัวใจพร้อมระบบวิเคราะห์ผล | D274: เครื่อง | E274: =+'แผนลงทุน 1ปี '!C272 -> 150000 | F274: =+'แผนลงทุน 1ปี '!D272 -> 1 | G274: =+'แผนลงทุน 1ปี '!E272 -> 150000 | H274: 0 | I274: 0 | J274: 0 | K274: 0 | L274: 0 | M274: 0 | N274: =+'แผนลงทุน 1ปี '!F272 -> งบค่าเสื่อม | O274: =+'แผนลงทุน 1ปี '!G272 -> ครุภัณฑ์ | P274: =+'แผนลงทุน 1ปี '!H272 -> M
B275: 268 | C275: เครื่องให้ออกซิเจนด้วยอัตราการไหลสูง | D275: เครื่อง | E275: =+'แผนลงทุน 1ปี '!C273 -> 180000 | F275: =+'แผนลงทุน 1ปี '!D273 -> 1 | G275: =+'แผนลงทุน 1ปี '!E273 -> 180000 | H275: 0 | I275: 0 | J275: 0 | K275: 0 | L275: 0 | M275: 0 | N275: =+'แผนลงทุน 1ปี '!F273 -> งบค่าเสื่อม | O275: =+'แผนลงทุน 1ปี '!G273 -> ครุภัณฑ์ | P275: =+'แผนลงทุน 1ปี '!H273 -> M
B276: 269 | C276: เครื่องวัดสายตาในเด็ก ระบบอัตโนมัติ | D276: เครื่อง | E276: =+'แผนลงทุน 1ปี '!C274 -> 369000 | F276: =+'แผนลงทุน 1ปี '!D274 -> 1 | G276: =+'แผนลงทุน 1ปี '!E274 -> 369000 | H276: 0 | I276: 0 | J276: 0 | K276: 0 | L276: 0 | M276: 0 | N276: =+'แผนลงทุน 1ปี '!F274 -> งบค่าเสื่อม | O276: =+'แผนลงทุน 1ปี '!G274 -> ครุภัณฑ์ | P276: =+'แผนลงทุน 1ปี '!H274 -> M
... B278: 271 | C278: เครื่องขูดหินปูน | D278: เครื่อง | E278: =+'แผนลงทุน 1ปี '!C276 -> 70500 | F278: =+'แผนลงทุน 1ปี '!D276 -> 2 | G278: =+'แผนลงทุน 1ปี '!E276 -> 141000 | H278: 0 | I278: 0 | J278: 0 | K278: 0 | L278: 0 | M278: 0 | N278: =+'แผนลงทุน 1ปี '!F276 -> งบค่าเสื่อม | O278: =+'แผนลงทุน 1ปี '!G276 -> ครุภัณฑ์ | P278: =+'แผนลงทุน 1ปี '!H276 -> M
B279: 272 | C279: งบค่าเสื่อม | E279: 0 | F279: 0 | G279: 0 | H279: 0 | I279: =+'3ปี'!K52 -> 17000000 | K279: =+'3ปี'!L52 -> 17000000 | L279: 0 | M279: 0 | N279: งบค่าเสื่อม | O279: =+'แผนลงทุน 1ปี '!G277 -> สิ่งก่อสร้าง | P279: =+'แผนลงทุน 1ปี '!H277 -> M
B280: 273 | C280: ครุภัณฑ์เงินบำรุง | E280: 0 | F280: 0 | G280: 0 | H280: 0 | I280: =+'3ปี'!K54 -> 100000000 | K280: =+'3ปี'!L54 -> 100000000 | L280: 0 | M280: 0 | N280: เงินบำรุง | O280: =+'แผนลงทุน 1ปี '!G278 -> สิ่งก่อสร้าง | P280: =+'แผนลงทุน 1ปี '!H278 -> M
C281: สิ่งก่อสร้าง
B282: 274 | C282: ทางเดินเชื่อมตึกอันดามันไปอาคารอุบัติเหตุ 10 ชั้น | D282: งาน | E282: =+'แผนลงทุน 1ปี '!C277 -> 4500000 | F282: =+'แผนลงทุน 1ปี '!D277 -> 1 | G282: =+'แผนลงทุน 1ปี '!E277 -> 4500000 | H282: 0 | I282: 0 | J282: 0 | K282: 0 | L282: 0 | M282: 0 | N282: =+'แผนลงทุน 1ปี '!F277 -> เงินบำรุง | O282: =+'แผนลงทุน 1ปี '!G277 -> สิ่งก่อสร้าง | P282: =+'แผนลงทุน 1ปี '!H277 -> M
B283: 275 | C283: ซื้อที่ดิน 1 ไร่ 63.2 ตารางวา ตรงข้ามหน้าโรงพยาบาลวชิระภูเก็ต | D283: งาน | E283: =+'แผนลงทุน 1ปี '!C278 -> 57000000 | F283: =+'แผนลงทุน 1ปี '!D278 -> 1 | G283: =+'แผนลงทุน 1ปี '!E278 -> 57000000 | H283: 0 | I283: 0 | J283: 0 | K283: 0 | L283: 0 | M283: 0 | N283: =+'แผนลงทุน 1ปี '!F278 -> เงินบำรุง | O283: =+'แผนลงทุน 1ปี '!G278 -> สิ่งก่อสร้าง | P283: =+'แผนลงทุน 1ปี '!H278 -> M
B284: 276 | C284: ขยายพื้นที่ด้านข้างอาคารจ่ายยาปุดจ้อ | D284: งาน | E284: =+'แผนลงทุน 1ปี '!C279 -> 2000000 | F284: =+'แผนลงทุน 1ปี '!D279 -> 1 | G284: =+'แผนลงทุน 1ปี '!E279 -> 2000000 | H284: 0 | I284: 0 | J284: 0 | K284: 0 | L284: 0 | M284: 0 | N284: =+'แผนลงทุน 1ปี '!F279 -> เงินบำรุง | O284: =+'แผนลงทุน 1ปี '!G279 -> สิ่งก่อสร้าง | P284: =+'แผนลงทุน 1ปี '!H279 -> M
B285: 277 | C285: ก่อสร้างและปรับปรุงห้องจ่ายยาผู้ป่วยนอกชั้น 1 | D285: งาน | E285: =+'แผนลงทุน 1ปี '!C280 -> 2300000 | F285: =+'แผนลงทุน 1ปี '!D280 -> 1 | G285: =+'แผนลงทุน 1ปี '!E280 -> 2300000 | H285: 0 | I285: 0 | J285: 0 | K285: 0 | L285: 0 | M285: 0 | N285: =+'แผนลงทุน 1ปี '!F280 -> เงินบำรุง | O285: =+'แผนลงทุน 1ปี '!G280 -> สิ่งก่อสร้าง | P285: =+'แผนลงทุน 1ปี '!H280 -> M
B286: 278 | C286: ปรับปรุงระบบปรับอากาศระบายอากาศ ห้องแยกโรคผู้ป่วยแพร่เชื้อทางอากาศ ชั้น 2 และชั้น 3 อาคาร 298 (วิจารณ์ร่างเสนอตรวจสอบ) | D286: งาน | E286: =+'แผนลงทุน 1ปี '!C281 -> 17250000 | F286: =+'แผนลงทุน 1ปี '!D281 -> 1 | G286: =+'แผนลงทุน 1ปี '!E281 -> 17250000 | H286: 0 | I286: 0 | J286: 0 | K286: 0 | L286: 0 | M286: 0 | N286: =+'แผนลงทุน 1ปี '!F281 -> เงินบำรุง | O286: =+'แผนลงทุน 1ปี '!G281 -> สิ่งก่อสร้าง | P286: =+'แผนลงทุน 1ปี '!H281 -> M
B287: 279 | C287: ระบบเติมอากาศในห้องคลอด | D287: งาน | E287: =+'แผนลงทุน 1ปี '!C282 -> 2500000 | F287: =+'แผนลงทุน 1ปี '!D282 -> 1 | G287: =+'แผนลงทุน 1ปี '!E282 -> 2500000 | H287: 0 | I287: 0 | J287: 0 | K287: 0 | L287: 0 | M287: 0 | N287: =+'แผนลงทุน 1ปี '!F282 -> เงินบำรุง | O287: =+'แผนลงทุน 1ปี '!G282 -> สิ่งก่อสร้าง | P287: =+'แผนลงทุน 1ปี '!H282 -> E
B288: 280 | C288: ปรับปรุงห้องประชุมศูนย์คุณภาพ | D288: งาน | E288: =+'แผนลงทุน 1ปี '!C283 -> 99450 | F288: =+'แผนลงทุน 1ปี '!D283 -> 1 | G288: =+'แผนลงทุน 1ปี '!E283 -> 99450 | H288: 0 | I288: 0 | J288: 0 | K288: 0 | L288: 0 | M288: 0 | N288: =+'แผนลงทุน 1ปี '!F283 -> เงินบำรุง | O288: =+'แผนลงทุน 1ปี '!G283 -> สิ่งก่อสร้าง | P288: =+'แผนลงทุน 1ปี '!H283 -> M
B289: 281 | C289: ปรับปรุงระบบปรับอากาศระบายอากาศ (clean room positive pressure) ห้องแยกผู้ป่วยเคมีบำบัด ชั้น 8 ตึก 298 | D289: งาน | E289: =+'แผนลงทุน 1ปี '!C284 -> 359200 | F289: =+'แผนลงทุน 1ปี '!D284 -> 1 | G289: =+'แผนลงทุน 1ปี '!E284 -> 359200 | H289: 0 | I289: 0 | J289: 0 | K289: 0 | L289: 0 | M289: 0 | N289: =+'แผนลงทุน 1ปี '!F284 -> เงินบำรุง | O289: =+'แผนลงทุน 1ปี '!G284 -> สิ่งก่อสร้าง | P289: =+'แผนลงทุน 1ปี '!H284 -> M
B290: 282 | C290: ปรับปรุงห้องตู้แช่เนื้อสัตว์ | D290: งาน | E290: =+'แผนลงทุน 1ปี '!C285 -> 400000 | F290: =+'แผนลงทุน 1ปี '!D285 -> 1 | G290: =+'แผนลงทุน 1ปี '!E285 -> 400000 | H290: 0 | I290: 0 | J290: 0 | K290: 0 | L290: 0 | M290: 0 | N290: =+'แผนลงทุน 1ปี '!F285 -> เงินบำรุง | O290: =+'แผนลงทุน 1ปี '!G285 -> สิ่งก่อสร้าง | P290: =+'แผนลงทุน 1ปี '!H285 -> M
B291: 283 | C291: ปรับปรุงแผนก NEURO ชั้น 9 | D291: งาน | E291: =+'แผนลงทุน 1ปี '!C286 -> 573000 | F291: =+'แผนลงทุน 1ปี '!D286 -> 1 | G291: =+'แผนลงทุน 1ปี '!E286 -> 573000 | H291: 0 | I291: 0 | J291: 0 | K291: 0 | L291: 0 | M291: 0 | N291: =+'แผนลงทุน 1ปี '!F286 -> เงินบำรุง | O291: =+'แผนลงทุน 1ปี '!G286 -> สิ่งก่อสร้าง | P291: =+'แผนลงทุน 1ปี '!H286 -> M
B292: 284 | C292: ปรับปรุงเคาน์เตอร์ติดต่อสอบถาม | D292: งาน | E292: =+'แผนลงทุน 1ปี '!C287 -> 200000 | F292: =+'แผนลงทุน 1ปี '!D287 -> 1 | G292: =+'แผนลงทุน 1ปี '!E287 -> 200000 | H292: 0 | I292: 0 | J292: 0 | K292: 0 | L292: 0 | M292: 0 | N292: =+'แผนลงทุน 1ปี '!F287 -> เงินบำรุง | O292: =+'แผนลงทุน 1ปี '!G287 -> สิ่งก่อสร้าง | P292: =+'แผนลงทุน 1ปี '!H287 -> M
B293: 285 | C293: ติดตั้งราวตากผ้า 3 ล็อก ล็อกละ 3 แถว | D293: งาน | E293: =+'แผนลงทุน 1ปี '!C288 -> 45000 | F293: =+'แผนลงทุน 1ปี '!D288 -> 2 | G293: =+'แผนลงทุน 1ปี '!E288 -> 90000 | H293: 0 | I293: 0 | J293: 0 | K293: 0 | L293: 0 | M293: 0 | N293: =+'แผนลงทุน 1ปี '!F288 -> เงินบำรุง | O293: =+'แผนลงทุน 1ปี '!G288 -> สิ่งก่อสร้าง | P293: =+'แผนลงทุน 1ปี '!H288 -> M
... B303: 295 | C303: ปรับปรุงห้องผ่าตัดหัวใจ CVT และ ติดตั้ง HEPAตึก 10 ชั้น (ชั้น 5) | D303: งาน | E303: =+'แผนลงทุน 1ปี '!C298 -> 2700000 | F303: =+'แผนลงทุน 1ปี '!D298 -> 1 | G303: =+'แผนลงทุน 1ปี '!E298 -> 2700000 | H303: 0 | I303: 0 | J303: 0 | K303: 0 | L303: 0 | M303: 0 | N303: =+'แผนลงทุน 1ปี '!F298 -> เงินบริจาค | O303: =+'แผนลงทุน 1ปี '!G298 -> สิ่งก่อสร้าง | P303: =+'แผนลงทุน 1ปี '!H298 -> M
B304: 296 | C304: อาคารรังสีรักษา (ราคาก่อสร้าง 421 ล้านบาท) | D304: งาน | E304: =+'แผนลงทุน 1ปี '!C299 -> 100000000 | F304: =+'แผนลงทุน 1ปี '!D299 -> 1 | G304: =+'แผนลงทุน 1ปี '!E299 -> 100000000 | I304: 321000000 | J304: 0 | K304: 0 | L304: 0 | M304: 0 | N304: =+'แผนลงทุน 1ปี '!F299 -> เงินบริจาค | O304: =+'แผนลงทุน 1ปี '!G299 -> สิ่งก่อสร้าง | P304: =+'แผนลงทุน 1ปี '!H299 -> M
B305: 297 | C305: ปรับปรุงห้องแลปชั้น 4 ตึก 10 ชั้น (ปรับปรุงห้องปฏิบัติการกลุ่มงานเทคนิคการแพทย์ ชั้น 5 อาคารอุบัติเหตุฉุกเฉิน โรคหัวใจ 10 ชั้น) | D305: งาน | E305: 18490000 | F305: 0 | G305: 0 | H305: 1 | I305: =+E305*H305 -> 18490000 | J305: 0 | K305: 0 | L305: 0 | M305: 0 | N305: เงินบำรุง | O305: สิ่งก่อสร้าง | P305: M
B306: 298 | C306: ปรับปรุงคุณภาพอากาศภายในพื้นที่ตรวจผู้ป่วยนอก ชั้น 2 และชั้น 3 อาคารอุบัติเหตุฉุกเฉินและวิเคราะห์บำบัด 6 ชั้น | D306: งาน | E306: 3000000 | F306: 0 | G306: 0 | H306: 2 | I306: =+E306*H306 -> 6000000 | J306: 0 | K306: 0 | L306: 0 | M306: 0 | N306: เงินบำรุง | O306: สิ่งก่อสร้าง | P306: E
B307: 299 | C307: จ้างปรับปรุงห้องบริการฟอกเลือดด้วยเครื่องไตเทียม | D307: งาน | E307: 18522237 | F307: 0 | G307: 0 | H307: 1 | I307: =+E307*H307 -> 18522237 | J307: 0 | K307: 0 | L307: 0 | M307: 0 | N307: เงินบำรุง | O307: สิ่งก่อสร้าง | P307: E
B308: 300 | C308: ปรับปรุงห้อง ER จ่ายปี 70 | D308: งาน | E308: 20000000 | F308: 0 | G308: 0 | H308: 1 | I308: =+E308*H308 -> 20000000 | J308: 0 | K308: 0 | L308: 0 | M308: 0 | N308: เงินบำรุง | O308: สิ่งก่อสร้าง | P308: =+'แผนลงทุน 1ปี '!H302 -> 0
B309: 301 | C309: ซื้อที่ดินพร้อมสิ่งปลูกสร้าง (โรงแรมมโนราห์) (จ่ายปี 2570) | D309: งาน | E309: 116270000 | F309: 0 | G309: 0 | H309: 1 | I309: =+E309*H309 -> 116270000 | J309: 0 | K309: 0 | L309: 0 | M309: 0 | N309: เงินบำรุง | O309: สิ่งก่อสร้าง | P309: E
B310: 302 | C310: ปรัปบรุงเสถียรภาพและเพิ่มประสิทธิภาพระบบไฟฟ้า | D310: งาน | E310: 19202986 | F310: 0 | G310: 0 | H310: 1 | I310: =+E310*H310 -> 19202986 | J310: 0 | K310: 0 | L310: 0 | M310: 0 | N310: เงินบำรุง | O310: สิ่งก่อสร้าง | P310: E
B311: 303 | C311: ค่าที่ดินและสิ่งก่อสร้างเงินบริจาค | E311: 0 | F311: 0 | G311: 0 | H311: 0 | I311: 0 | J311: 0 | K311: =+'3ปี'!L57 -> 50000000 | L311: 0 | M311: 0 | N311: เงินบริจาค | O311: สิ่งก่อสร้าง
B312: 304 | C312: ค่าที่ดินและสิ่งก่อสร้างเงินบำรุง | E312: 0 | F312: 0 | G312: 0 | H312: 0 | I312: 0 | J312: 0 | K312: =+'3ปี'!L58 -> 50000000 | L312: 0 | M312: 0 | N312: เงินบำรุง | O312: สิ่งก่อสร้าง
C313: รวม | F313: =SUM(F8:F312) -> 834 | G313: =SUM(G8:G312) -> 4.0761199e+08 | H313: =SUM(H8:H312) -> 7 | I313: =SUM(I8:I312) -> 6.3648522e+08 | J313: =SUM(J8:J312) -> 0 | K313: =SUM(K8:K312) -> 217000000 | L313: =SUM(L8:L97) -> 0 | M313: =+G313+I313+K313 -> 1.2610972e+09
D317: ผู้จัดทำ.......................................................................... | K317: ผู้อำนวยการโรงพยาบาล..........................................................................
D318: (นางปทมา ตันโชติกุล ) ตำแหน่ง รองผู้อำนวยการกลุ่มภารกิจ ด้าน พรส. | K318: (นายวีระศักดิ์ หล่อทองคำ) ผู้อำนวยการโรงพยาบาลวชิระภูเก็ต
H321: นายแพทย์สาธารณสุขจังหวัด......................................................... ผู้อนุมัติ

Sheet รายได้รอการจัดสรร
H1: รายละเอียดแนบ 1
B2: สำนักงานปลัดกระทรวงสาธารณสุข
B3: ชื่อหน่วยงาน...โรงพยาบาลวชิระภูเก็ต....รหัสหน่วยงาน..10741............
B4: รายละเอียดเงินกองทุนรอการจัดสรร
B5: สิ้นสุด ณ วันที่ 30 กันยายน พ.ศ 2569-2571
B6: รายการ | F6: จำนวนเงิน ปี 2569 | G6: จำนวนเงิน ปี 2570 | H6: จำนวนเงิน ปี 2571
B7: เงินรอการจัดสรร
C8: เงินกองทุนหลักประกันสุขภาพถ้วนหน้ารอการจัดสรร | F8: 0 | G8: 0 | H8: 0
C9: เงินกองทุนประกันสังคมรอการจัดสรร | F9: 50000000 | G9: 50000000 | H9: 50000000
C10: เงินกองทุนแรงงานต่างด้าวรอการจัดสรร | F10: 6000000 | G10: 6000000 | H10: 6000000
E11: รวมเงินกองทุนรอการจัดสรรทั้งสิ้น (4) | F11: =SUM(F8:F10) -> 56000000 | G11: =SUM(G8:G10) -> 56000000 | H11: =SUM(H8:H10) -> 56000000
O17: ]

Sheet ภาระผูกพัน
H1: รายละเอียดแนบ 2
B2: สำนักงานปลัดกระทรวงสาธารณสุข
B3: ชื่อหน่วยงาน...โรงพยาบาลวชิระภูเก็ต....รหัสหน่วยงาน..10741............
B4: รายละเอียดภาระผูกพันของหน่วยงาน
B5: สิ้นสุด ณ วันที่ 30 กันยายน พ.ศ 2569-2571
B6: รายการ | F6: จำนวนเงิน ปี 2569 | G6: จำนวนเงิน ปี 2570 | H6: จำนวนเงิน ปี 2571
B8: ภาระผูกพันของหน่วยงาน
D9: ค่าใช้จ่ายบุคลากรค้างจ่าย
E10: ค่าจ้างลูกจ้างชั่วคราว / พนักงานกระทรวง | F10: 0 | G10: 0 | H10: 0
E11: ค่าล่วงเวลางานบริการ / งานสนับสนุน | F11: 0 | G11: 0 | H11: 0
E12: ค่าตอบแทนการปฏิบัติงานเวรผลัดบ่ายหรือผลัดดึกของพยาบาล+แพทย์+เจ้าหน้าที่ | F12: 50000000 | G12: 50000000 | H12: 50000000
E13: ค่าตอบแทนเงินเพิ่มพิเศษไม่ทำเวชปฏิบัติส่วนตัว หรือปฏิบัติงาน รพ.เอกชน | F13: 0 | G13: 0 | H13: 0
E14: ค่าตอบแทนเบี้ยเลี้ยงเหมาจ่าย (ฉ.11) | F14: 0 | G14: 0 | H14: 0
E15: ค่าตอบแทนตามผลการปฏิบัติงาน (ฉ.12) | F15: 5000000 | G15: 5000000 | H15: 5000000
E16: เงินเพิ่ม (พ.ต.ส) | F16: 0 | G16: 0 | H16: 0
E17: ค่าตอบแทนเจ้าหน้าที่ปฏิบัติงานในคลินิกพิเศษเฉพาะทางนอกเวลาราชการ (SMC) | F17: 10000000 | G17: 10000000 | H17: 10000000
E18: ค่าตอบแทนอื่น | F18: 0 | G18: 0 | H18: 0
E19: เงินค่าใช้จ่ายบุคลากรอื่น | F19: 0 | G19: 0 | H19: 0
D20: ค่าใช้จ่ายจากการดำเนินงานค้างจ่าย
E21: ค่ายา | F21: 100000000 | G21: 100000000 | H21: 100000000
E22: ค่าวัสดุทางการแพทย์ / วัสดุวิทยาศาสตร์การแพทย์ / วัสดุทันตกรรม | F22: 90000000 | G22: 90000000 | H22: 90000000
E23: ค่าวัสดุอื่น | F23: 14000000 | G23: 14000000 | H23: 14000000
E24: ค่าสาธารณูปโภค | F24: 5000000 | G24: 5000000 | H24: 5000000
E25: ค่าใช้สอย | F25: 30000000 | G25: 30000000 | H25: 30000000
D26: ค่าครุภัณฑ์ค้างจ่าย | F26: 40000000 | G26: 50000000 | H26: 60000000
D27: ค่าที่ดินและสิ่งก่อสร้างค้างจ่าย | F27: 10000000 | G27: 10000000 | H27: 10000000
D28: รายจ่ายอื่นค้างจ่าย | F28: 5000000 | G28: 5000000 | H28: 5000000
D29: เงินประกัน เงินมัดจำ เงินรับฝากอื่น | F29: 20000000 | G29: 20000000 | H29: 20000000
E30: รวมภาระผูกพันทั้งสิ้น (5) | F30: =SUM(F9:F29) -> 379000000 | G30: =SUM(G9:G29) -> 389000000 | H30: =SUM(H9:H29) -> 399000000

Sheet ภาระผูกพัน (2)
H1: รายละเอียดแนบ 2
B2: สำนักงานปลัดกระทรวงสาธารณสุข
B3: ชื่อหน่วยงาน...โรงพยาบาลวชิระภูเก็ต....รหัสหน่วยงาน..10741............
B4: รายละเอียดภาระผูกพันของหน่วยงาน
B5: สิ้นสุด ณ วันที่ 30 กันยายน พ.ศ 2569-2571
B6: รายการ | F6: จำนวนเงิน ปี 2569 | G6: จำนวนเงิน ปี 2570 | H6: จำนวนเงิน ปี 2571
B8: ภาระผูกพันของหน่วยงาน
D9: ค่าใช้จ่ายบุคลากรค้างจ่าย
E10: ค่าจ้างลูกจ้างชั่วคราว / พนักงานกระทรวง | F10: 0 | G10: 0 | H10: 0
E11: ค่าล่วงเวลางานบริการ / งานสนับสนุน | F11: 0 | G11: 0 | H11: 0
E12: ค่าตอบแทนการปฏิบัติงานเวรผลัดบ่ายหรือผลัดดึกของพยาบาล+แพทย์+เจ้าหน้าที่ | F12: 24000000 | G12: 50000000 | H12: 50000000
E13: ค่าตอบแทนเงินเพิ่มพิเศษไม่ทำเวชปฏิบัติส่วนตัว หรือปฏิบัติงาน รพ.เอกชน | F13: 0 | G13: 0 | H13: 0
E14: ค่าตอบแทนเบี้ยเลี้ยงเหมาจ่าย (ฉ.11) | F14: 0 | G14: 0 | H14: 0
E15: ค่าตอบแทนตามผลการปฏิบัติงาน (ฉ.12) | F15: 5000000 | G15: 5000000 | H15: 5000000
E16: เงินเพิ่ม (พ.ต.ส) | F16: 0 | G16: 0 | H16: 0
E17: ค่าตอบแทนเจ้าหน้าที่ปฏิบัติงานในคลินิกพิเศษเฉพาะทางนอกเวลาราชการ (SMC) | F17: 5000000 | G17: 10000000 | H17: 10000000
E18: ค่าตอบแทนอื่น | F18: 0 | G18: 0 | H18: 0
E19: เงินค่าใช้จ่ายบุคลากรอื่น | F19: 0 | G19: 0 | H19: 0
D20: ค่าใช้จ่ายจากการดำเนินงานค้างจ่าย
E21: ค่ายา | F21: 100000000 | G21: 100000000 | H21: 100000000
E22: ค่าวัสดุทางการแพทย์ / วัสดุวิทยาศาสตร์การแพทย์ / วัสดุทันตกรรม | F22: 50000000 | G22: 90000000 | H22: 90000000
E23: ค่าวัสดุอื่น | F23: 10000000 | G23: 14000000 | H23: 14000000
E24: ค่าสาธารณูปโภค | F24: 4000000 | G24: 5000000 | H24: 5000000
E25: ค่าใช้สอย | F25: 15000000 | G25: 30000000 | H25: 30000000
D26: ค่าครุภัณฑ์ค้างจ่าย | F26: 20000000 | G26: 50000000 | H26: 60000000
D27: ค่าที่ดินและสิ่งก่อสร้างค้างจ่าย | F27: 10000000 | G27: 10000000 | H27: 10000000
D28: รายจ่ายอื่นค้างจ่าย | F28: 5000000 | G28: 5000000 | H28: 5000000
D29: เงินประกัน เงินมัดจำ เงินรับฝากอื่น | F29: 20000000 | G29: 20000000 | H29: 20000000
E30: รวมภาระผูกพันทั้งสิ้น (5) | F30: =SUM(F9:F29) -> 268000000 | G30: =SUM(G9:G29) -> 389000000 | H30: =SUM(H9:H29) -> 399000000

Sheet สรุป รับ-จ่าย
A2: สรุปแผนรายรับ - รายจ่ายเงินบำรุง โรงพยาบาลวชิระภูเก็ต ประจำปีงบประมาณ พ.ศ. 2569 : ปรับแผนครึ่งปีหลัง
A4: รายการ | C4: จำนวนเงิน (บาท) | D4: หมายเหตุ
A5: 1. เงินบำรุง คงเหลือ 31 มีนาคม 2569 | C5: 7.0284704e+08 | D5: (หนี้ค้าง 260,032,182.40 บาท +หนี้สินที่ยังไม่ได้ตรวจรับ 457,020,078.58 บาท)
A6: 2. ประมาณการรายรับ ปีงบประมาณ 2569 | C6: =+ประมาณการรายรับ!AG21 -> 2.459096e+09
A7: 3. รวมเงินบำรุง คงเหลือ ปีงบประมาณ 2569 | C7: =+C5+C6 -> 3.1619431e+09
A8: 4. ประมาณการรายจ่าย ปีงบประมาณ 2569 | C8: =+ประมาณการรายจ่าย!AG17 -> 2.6294905e+09
A9: 5. เงินบำรุง คงเหลือสุทธิ ปีงบประมาณ 2569 | C9: =+C7-C8 -> 5.3245255e+08

Sheet ประมาณการรายรับ
B1: รายรับเงินบำรุง ปีงบประมาณ 2566 - 2569 ณ เดือนมีนาคม และแผนประมาณการรายรับเงินบำรุง (ปรับแผน) ปีงบประมาณ 2569
B3: รายการ | C3: รายรับ ปี 2562 | D3: รายรับ ปี 2563 | E3: ประมาณการ รายรับ ปีงบฯ 2564 | F3: รายรับจริง ปี 2564 | G3: ประมาณการ รายรับ ปีงบฯ 2565 | H3: รายรับจริง ปี 2565 | J3: ประมาณการ รายรับ ปีงบฯ 2566 | K3: รายรับจริง ปี 2566 | M3: รายรับจริง ปี 2567 | O3: แผนประมาณการ รายรับ ปีงบฯ 2568 (บาท) | P3: ผลการดำเนินงาน | R3: ผลการดำเนินงาน | T3: ปรับแผนประมาณการ รายรับ (ครึ่งปีหลัง) ปีงบฯ 2568 (บาท) | U3: มติที่ประชุม ณ วันที่ 22.4.68 | V3: =+R3 -> ผลการดำเนินงาน | Y3: ปรับแผน (ไตรมาส 3) ปีงบฯ 2568 (บาท) | Z3: รายรับจริง ปี 2568 | AB3: ประมาณการ แผนรายรับ ปีงบฯ 2569 | AC3: ผลการดำเนินงาน | AG3: ประมาณการ แผนรายรับ (ปรับแผน) ปีงบฯ 2569 | AH3: เปรียบเทียบไตรมาส1 กับไตรมาส 2 | AI3: เพิ่มขึ้น ร้อยละ | AJ3: หมายเหตุ
H4: non COVID (บาท) | I4: Covid (บาท) | K4: non COVID (บาท) | L4: Covid (บาท) | M4: non COVID (บาท) | N4: Covid (บาท) | P4: ไตรมาส 1 (ต.ค.-ธ.ค.67) | Q4: คิดเป็นร้อยละของแผน | R4: ไตรมาส 1-2 (ต.ค.67- มี.ค.68) | S4: คิดเป็นร้อยละ ของแผน | V4: ไตรมาส 1-3 (ต.ค.67- มิ.ย.68) ณ 30 มิ.ย. 68 | W4: ร้อยละ | X4: คิดเป็นร้อยละ ของแผน | AA4: คิดเป็นร้อยละ ของแผน | AC4: ไตรมาส 1 (ต.ค. - ธ.ค.68) | AD4: ร้อยละ | AE4: ไตรมาส 2 (ต.ค. 68 - มี.ค.69) | AF4: ร้อยละ | AK4: 244256
B5: รายรับเบิกจากคลัง | C5: 2.7556507e+08 | D5: 2.2249054e+08 | E5: 290000000 | F5: 3.1720271e+08 | G5: 320000000 | H5: =358071658.1-I5 -> 3.280436e+08 | I5: 30028054 | J5: 310000000 | K5: 3.357539e+08 | L5: 0 | M5: 3.773114e+08 | N5: 0 | O5: 380000000 | P5: 1.0131855e+08 | Q5: =+P5/O5*100 -> 26.662777 | R5: =+'[1]รายรับ มีค.68'!$E$5 -> 2.0388857e+08 | S5: =+R5/O5*100 -> 53.654886 | T5: 380000000 | U5: 380000000 | V5: 3.0698713e+08 | W5: =+V5/T21*100 -> 11.545959 | X5: =+V5/T5*100 -> 80.786086 | Y5: =+T5 -> 380000000 | Z5: 4.0901102e+08 | AA5: =+Z5/Y5*100 -> 107.63448 | AB5: 420000000 | AC5: 1.2785948e+08 | AD5: =+AC5/AB5*100 -> 30.442733 | AE5: 2.4714886e+08 | AF5: =+AE5/AB5*100 -> 58.844966 | AG5: =+AB5 -> 420000000 | AH5: =AE5-AC5 -> 1.1928938e+08 | AI5: =(AH5/AE5)*100 -> 48.266206 | AL5: เพิ่มการรักษาสวนหัวใจไม่ส่งเอกชน ทบทวน DRG
B6: รายรับจากบริษัท,ห้างร้าน +ต้นสังกัด | C6: 1.2298185e+08 | D6: 1.2201365e+08 | E6: 120000000 | F6: 80308337 | G6: 180000000 | H6: =199068334.89-I6 -> 1.3231203e+08 | I6: 66756300 | J6: 130000000 | K6: 1.133913e+08 | L6: 0 | M6: 1.4978291e+08 | N6: 0 | O6: 160000000 | P6: 30508548 | Q6: =+P6/O6*100 -> 19.067843 | R6: =+'[1]รายรับ มีค.68'!$E$9 -> 68939728 | S6: =+R6/O6*100 -> 43.08733 | T6: 160000000 | U6: 160000000 | V6: 1.0669321e+08 | W6: =+V6/T21*100 -> 4.0127918 | X6: =+V6/T6*100 -> 66.683254 | Y6: 160000000 | Z6: =140314219.3-Z7 -> 68620297 | AA6: =+Z6/Y6*100 -> 42.887685 | AB6: 70000000 | AC6: 13481388 | AD6: =+AC6/AB6*100 -> 19.259125 | AE6: 34468668 | AF6: =+AE6/AB6*100 -> 49.240954 | AG6: =+AB6 -> 70000000 | AH6: =AE6-AC6 -> 20987280 | AI6: =(AH6/AE6)*100 -> 60.887993
B7: รายรับประกันใน - ต่างประเทศ | H7: 0 | I7: 0 | K7: 0 | L7: 0 | M7: 0 | N7: 0 | Y7: 0 | Z7: 71693923 | AB7: 80000000 | AC7: 17628092 | AD7: =+AC7/AB7*100 -> 22.035114 | AE7: 44861609 | AF7: =+AE7/AB7*100 -> 56.077011 | AG7: 90000000 | AH7: =AE7-AC7 -> 27233518 | AI7: =(AH7/AE7)*100 -> 60.705619
B8: รายรับ อปท. | F8: 33520000 | G8: 40000000 | H8: =34138822.62-I8 -> 28882736 | I8: 5256086.5 | J8: 35000000 | K8: 33388979 | L8: 0 | M8: 53444241 | N8: 0 | O8: 60000000 | P8: 49241186 | Q8: =+P8/O8*100 -> 82.068643 | R8: =+'[1]รายรับ มีค.68'!$E$15 -> 55379690 | S8: =+R8/O8*100 -> 92.299483 | T8: 60000000 | U8: 58000000 | V8: 75077176 | W8: =+V8/T21*100 -> 2.823695 | X8: =+V8/T8*100 -> 125.12863 | Y8: =+T8 -> 60000000 | Z8: 75273784 | AA8: =+Z8/Y8*100 -> 125.45631 | AB8: 60000000 | AC8: 23814741 | AD8: =+AC8/AB8*100 -> 39.691235 | AE8: 23904233 | AF8: =+AE8/AB8*100 -> 39.840388 | AG8: 60000000 | AH8: =AE8-AC8 -> 89492 | AI8: =(AH8/AE8)*100 -> 0.37437721 | AJ8: เดือน เม.ย.69 รอการโอน =32 ลบ.
B9: รายรับ EMS | F9: 0 | H9: 0 | I9: 0 | K9: 1081750 | L9: 0 | M9: 2316591.5 | N9: 0 | O9: 2500000 | P9: 0 | Q9: =+P9/O9*100 -> 0 | R9: =+'[1]รายรับ มีค.68'!$E$18 -> 0 | S9: =+R9/O9*100 -> 0 | T9: 1500000 | U9: 1000000 | V9: 446800 | W9: =+V9/T21*100 -> 0.016804401 | X9: =+V9/T9*100 -> 29.786667 | Y9: =+T9 -> 1500000 | Z9: 1023450 | AA9: =+Z9/Y9*100 -> 68.23 | AB9: 1500000 | AC9: 15250 | AD9: =+AC9/AB9*100 -> 1.0166667 | AE9: 565632 | AF9: =+AE9/AB9*100 -> 37.7088 | AG9: 1500000 | AH9: =AE9-AC9 -> 550382 | AI9: =(AH9/AE9)*100 -> 97.303901 | AJ9: เดือน เม.ย.69 1 ลบ.
B10: ค่าธรรมเนียม 30 บาท | C10: 2595940 | D10: 2276789 | E10: 2000000 | F10: 2539830 | G10: 2800000 | H10: 2838270 | I10: 0 | J10: 2800000 | K10: 2918349 | L10: 0 | M10: 3384420 | N10: 0 | O10: 4000000 | P10: 899640 | Q10: =+P10/O10*100 -> 22.491 | R10: =+'[1]รายรับ มีค.68'!$E$16 -> 1803570 | S10: =+R10/O10*100 -> 45.08925 | T10: 4000000 | U10: 3600000 | V10: 2698020 | W10: =+V10/T21*100 -> 0.10147406 | X10: =+V10/T10*100 -> 67.4505 | Y10: =+T10 -> 4000000 | Z10: 3690330 | AA10: =+Z10/Y10*100 -> 92.25825 | AB10: 4500000 | AC10: 1012410 | AD10: =+AC10/AB10*100 -> 22.498 | AE10: 2018880 | AF10: =+AE10/AB10*100 -> 44.864 | AG10: 4500000 | AH10: =AE10-AC10 -> 1006470 | AI10: =(AH10/AE10)*100 -> 49.852889 | AJ10: ณ 8/5/69 = 2,098,770 บาท
B11: ชำระเงินเอง (เงินสด + บัตรเครดิต) | C11: 2.8339581e+08 | D11: 2.757587e+08 | E11: 260000000 | F11: 2.7317702e+08 | G11: 280000000 | H11: =363425410.7-I11 -> 3.3339836e+08 | I11: 30027054 | J11: =330000000+36000000 -> 366000000 | K11: =420399940.4-L11 -> 3.8437422e+08 | L11: 36025717 | M11: 4.4612725e+08 | N11: 0 | O11: 500000000 | P11: 1.2250842e+08 | Q11: =+P11/O11*100 -> 24.501685 | R11: =+'[1]รายรับ มีค.68'!$E$6 -> 2.6982879e+08 | S11: =+R11/O11*100 -> 53.965758 | T11: 500000000 | U11: 500000000 | V11: 4.050083e+08 | W11: =+V11/T21*100 -> 15.232591 | X11: =+V11/T11*100 -> 81.001659 | Y11: =+T11 -> 500000000 | Z11: 5.4884686e+08 | AA11: =+Z11/Y11*100 -> 109.76937 | AB11: =550000000+10800000+4973460 -> 565773460 | AC11: 1.4615824e+08 | AD11: =+AC11/AB11*100 -> 25.83335 | AE11: 3.0661123e+08 | AF11: =+AE11/AB11*100 -> 54.193286 | AG11: 570000000 | AH11: =AE11-AC11 -> 1.6045299e+08 | AI11: =(AH11/AE11)*100 -> 52.331088 | AK11: ต่างด้าว 51 ลบ.ต่างชาติ 90 ลบ.
B12: บัตรทอง(เหมาจ่าย) (OP+IP+PP) | C12: 2.8980271e+08 | D12: 2.9215961e+08 | E12: 257000000 | F12: 3.3194291e+08 | G12: 220000000 | H12: 2.6071939e+08 | I12: 0 | J12: 230000000 | K12: 2.5620599e+08 | L12: 0 | M12: 3.2043583e+08 | N12: 0 | O12: 320000000 | P12: 73802474 | Q12: =+P12/O12*100 -> 23.063273 | R12: =+'[1]รายรับ มีค.68'!$E$4 -> 1.5849633e+08 | S12: =+R12/O12*100 -> 49.530103 | T12: 305000000 | U12: 300000000 | V12: 2.3647502e+08 | W12: =+V12/T21*100 -> 8.8939593 | X12: =+V12/T12*100 -> 77.532794 | Y12: =+T12 -> 305000000 | Z12: 2.8831515e+08 | AA12: =+Z12/Y12*100 -> 94.529557 | AB12: 280000000 | AC12: 1.0275189e+08 | AD12: =+AC12/AB12*100 -> 36.697102 | AE12: 2.265508e+08 | AF12: =+AE12/AB12*100 -> 80.911001 | AG12: 300000000 | AH12: =AE12-AC12 -> 1.2379892e+08 | AI12: =(AH12/AE12)*100 -> 54.645102 | AJ12: PP จ่ายครบแล้ว , OP5% ยังจ่ายไม่ครบ | AK12: 300000000
B13: บัตรทอง (CENTRAL REIMBURSE+ กองทุนต่างๆ+covid) | C13: 1.1768747e+08 | D13: 1.6613675e+08 | E13: 140000000 | F13: 1.985433e+08 | G13: 538000000 | H13: =447875225.97-I13 -> 1.3798064e+08 | I13: 3.0989459e+08 | J13: 280000000 | K13: 1.4786331e+08 | L13: 1.0866056e+08 | M13: 2.3888704e+08 | N13: 53552394 | O13: 300000000 | P13: 78875096 | Q13: =+P13/O13*100 -> 26.291699 | R13: =+'[1]รายรับ มีค.68'!$E$8 -> 1.280259e+08 | S13: =+R13/O13*100 -> 42.675299 | T13: 300000000 | U13: 250000000 | V13: 1.9327036e+08 | W13: =+V13/T21*100 -> 7.2690075 | X13: =+V13/T13*100 -> 64.423453 | Y13: 250000000 | Z13: 2.2322404e+08 | AA13: =+Z13/Y13*100 -> 89.289615 | AB13: 270000000 | AC13: 1.0899462e+08 | AD13: =+AC13/AB13*100 -> 40.368378 | AE13: 1.6291169e+08 | AF13: =+AE13/AB13*100 -> 60.337663 | AG13: 290000000 | AH13: =AE13-AC13 -> 53917068 | AI13: =(AH13/AE13)*100 -> 33.095887
B14: ปกส. | C14: 3.9315588e+08 | D14: 3.6928577e+08 | E14: 300000000 | F14: 3.1977734e+08 | G14: 3.8512584e+08 | H14: =424079959.12-I14 -> 2.6734271e+08 | I14: 1.5673724e+08 | J14: 303000000 | K14: =302887691.68-L14 -> 2.945888e+08 | L14: =2546414.6+5752475.6 -> 8298890.2 | M14: 3.7264421e+08 | N14: 0 | O14: =380000000+1582997.38 -> 3.81583e+08 | P14: 89799429 | Q14: =+P14/O14*100 -> 23.533394 | R14: =+'[1]รายรับ มีค.68'!$E$7+'[1]รายรับ มีค.68'!$E$10 -> 1.746126e+08 | S14: =+R14/O14*100 -> 45.760058 | T14: 365000000 | U14: 360000000 | V14: 2.4442917e+08 | W14: =+V14/T21*100 -> 9.1931192 | X14: =+V14/T14*100 -> 66.966895 | Y14: 315000000 | Z14: 3.4698031e+08 | AA14: =+Z14/Y14*100 -> 110.15248 | AB14: 350000000 | AC14: 77612703 | AD14: =+AC14/AB14*100 -> 22.175058 | AE14: 1.2993182e+08 | AF14: =+AE14/AB14*100 -> 37.123377 | AG14: 350000000 | AH14: =AE14-AC14 -> 52319115 | AI14: =(AH14/AE14)*100 -> 40.266592 | AJ14: เดือน เม.ย. เรียกเก็บ 39.660 ลบ. | AK14: ผู้ประกันตน 121000 คน*1808 บาท | AL14: คลอดผู้ประกันตนสิทธิ์ประกันสังคมเหมาจ่าย 13000 บาท
B15: พรบ. | C15: 48600771 | D15: 45977565 | E15: 37500000 | F15: 30901117 | G15: 25000000 | H15: 27619831 | I15: 0 | J15: 35000000 | K15: 37306318 | L15: 0 | M15: 42779050 | N15: 0 | O15: 45000000 | P15: 7985797.2 | Q15: =+P15/O15*100 -> 17.746216 | R15: =+'[1]รายรับ มีค.68'!$E$12 -> 16826246 | S15: =+R15/O15*100 -> 37.391659 | T15: 40000000 | U15: 38000000 | V15: 31593587 | W15: =+V15/T21*100 -> 1.1882527 | X15: =+V15/T15*100 -> 78.983967 | Y15: =+T15 -> 40000000 | Z15: 40154261 | AA15: =+Z15/Y15*100 -> 100.38565 | AB15: 40000000 | AC15: 8280353.4 | AD15: =+AC15/AB15*100 -> 20.700884 | AE15: 19170328 | AF15: =+AE15/AB15*100 -> 47.925821 | AG15: 40000000 | AH15: =AE15-AC15 -> 10889975 | AI15: =(AH15/AE15)*100 -> 56.806408
B16: แรงงานต่างด้าว (กองทุนประกัน+ค่าตรวจ+ เรียกเก็บส่วนกลาง) | C16: 1.2218258e+08 | D16: 78226878 | E16: 50000000 | F16: 52237457 | G16: 52000000 | H16: 59446164 | I16: 0 | J16: 55000000 | K16: 53074741 | L16: 0 | M16: 62740891 | N16: 0 | O16: 63000000 | P16: 17533965 | Q16: =+P16/O16*100 -> 27.83169 | R16: =+'[1]รายรับ มีค.68'!$E$11 -> 53809231 | S16: =+R16/O16*100 -> 85.411478 | T16: 65000000 | U16: 65000000 | V16: 67600170 | W16: =+V16/T21*100 -> 2.5424806 | X16: =+V16/T16*100 -> 104.00026 | Y16: =+T16 -> 65000000 | Z16: 87645151 | AA16: =+Z16/Y16*100 -> 134.83869 | AB16: 60000000 | AC16: 24887579 | AD16: =+AC16/AB16*100 -> 41.479298 | AE16: 51470548 | AF16: =+AE16/AB16*100 -> 85.784247 | AG16: 60000000 | AH16: =AE16-AC16 -> 26582970 | AI16: =(AH16/AE16)*100 -> 51.646952 | AK16: ยอดเรียกเก็บ 12ลบ.
B17: ดอกเบี้ยเงินฝากธนาคาร | C17: 424009.91 | D17: 374208.25 | E17: 300000 | F17: 365997.15 | G17: 350000 | H17: 706946.53 | I17: 0 | J17: 1000000 | K17: 2022594.5 | L17: 0 | M17: 2896990.4 | N17: 0 | O17: 3000000 | P17: 1097158 | Q17: =+P17/O17*100 -> 36.571932 | R17: =+'[1]รายรับ มีค.68'!$E$17 -> 1322097.3 | S17: =+R17/O17*100 -> 44.069909 | T17: 2500000 | U17: 2500000 | V17: 3096143.2 | W17: =+V17/T21*100 -> 0.1164477 | X17: =+V17/T17*100 -> 123.84573 | Y17: =+T17 -> 2500000 | Z17: 3269077.6 | AA17: =+Z17/Y17*100 -> 130.7631 | AB17: 2500000 | AC17: 1179057.7 | AD17: =+AC17/AB17*100 -> 47.162308 | AE17: 1353525.5 | AF17: =+AE17/AB17*100 -> 54.14102 | AG17: 2500000 | AH17: =AE17-AC17 -> 174467.78 | AI17: =(AH17/AE17)*100 -> 12.889878
B18: งบลงทุน uc | C18: 21853803 | D18: 20101135 | E18: 19207318 | F18: 19207318 | G18: 19448683 | H18: 19448683 | I18: 0 | J18: 17480288 | K18: 17480288 | L18: 0 | M18: 16162273 | N18: 0 | O18: 16000000 | P18: 0 | Q18: =+P18/O18*100 -> 0 | R18: =+'[1]รายรับ มีค.68'!$E$13 -> 0 | S18: =+R18/O18*100 -> 0 | T18: =17204967.59+13622384.42 -> 30827352 | U18: =17204967.59+13622384.42 -> 30827352 | V18: 30827352 | W18: =+V18/T21*100 -> 1.1594341 | X18: =+V18/T18*100 -> 100 | Y18: =+T18 -> 30827352 | Z18: 30827352 | AA18: =+Z18/Y18*100 -> 100 | AB18: 17000000 | AC18: 0 | AD18: =+AC18/AB18*100 -> 0 | AE18: 22596016 | AF18: =+AE18/AB18*100 -> 132.91774 | AG18: =+AE18 -> 22596016 | AH18: =AE18-AC18 -> 22596016 | AI18: =(AH18/AE18)*100 -> 100 | AJ18: 70% =17,146,016.19 บาท 10% =5,450,000 บาท | AK18: 70% = 17,146,016.19 10%= 5,450,000
B19: เบ็ดเตล็ด (ค่าจอดรถ + ค่าไฟเก็บจาก จนท.พยาบาล +ค่าใบรับรองแพทย์ต่างด้าว+ค่าใช้จ่ายโครงการต่างๆ) | C19: 22213083 | D19: 30480313 | E19: 22000000 | F19: 20906672 | G19: 20000000 | H19: 19066650 | I19: 0 | J19: 20000000 | K19: =20147886.2-K9 -> 19066136 | L19: 0 | M19: 52743682 | N19: 0 | O19: =17000000+49000000-3459109.44-10000000 -> 52540891 | P19: 10121037 | Q19: =+P19/O19*100 -> 19.263163 | R19: =+'[1]รายรับ มีค.68'!$E$14 -> 18239955 | S19: =+R19/O19*100 -> 34.715733 | T19: 25000000 | U19: 25000000 | V19: 21765857 | W19: =+V19/T21*100 -> 0.8186262 | X19: =+V19/T19*100 -> 87.063429 | Y19: =+T19 -> 25000000 | Z19: 55181492 | AA19: =+Z19/Y19*100 -> 220.72597 | AB19: 28000000 | AC19: 3703377.9 | AD19: =+AC19/AB19*100 -> 13.22635 | AE19: 10378143 | AF19: =+AE19/AB19*100 -> 37.064797 | AG19: 28000000 | AH19: =AE19-AC19 -> 6674765.1 | AI19: =(AH19/AE19)*100 -> 64.315602
B20: เงินบริจาค | C20: - | D20: - | F20: - | G20: - | H20: 30635000 | I20: 0 | J20: 40000000 | K20: =37320736.75+2250237 -> 39570974 | L20: 0 | M20: 57795480 | N20: 0 | O20: 123000000 | P20: =8554331.03+91345607.11 -> 99899938 | Q20: =+P20/O20*100 -> 81.219462 | R20: =11699031.03+324266057.58 -> 3.3596509e+08 | S20: =+R20/O20*100 -> 273.14235 | T20: 420000000 | U20: 420000000 | V20: 4.119507e+08 | W20: =+V20/T21*100 -> 15.493699 | X20: =+V20/T20*100 -> 98.083499 | Y20: =21702189.82+390248507.25 -> 4.119507e+08 | Z20: =24223818.56+399970169.85 -> 4.2419399e+08 | AA20: =+Z20/Y20*100 -> 102.97203 | AB20: 100000000 | AC20: =4658917.6+30726945.31 -> 35385863 | AD20: =+AC20/AB20*100 -> 35.385863 | AE20: =9835789.6+51097942.41 -> 60933732 | AF20: =+AE20/AB20*100 -> 60.933732 | AG20: 150000000 | AH20: =AE20-AC20 -> 25547869 | AI20: =(AH20/AE20)*100 -> 41.927301 | AJ20: กิจการ = 9,835,789.60 บาท อาคารรังสี = 51,097,942.41 บาท
B21: รวมเงิน | C21: =SUM(C5:C19) -> 1.700459e+09 | D21: =SUM(D5:D19) -> 1.6252819e+09 | E21: =SUM(E5:E20) -> 1.4980073e+09 | F21: =SUM(F5:F19) -> 1.68063e+09 | G21: =SUM(G5:G19) -> 2.0827245e+09 | H21: =SUM(H5:H20) -> 1.648441e+09 | I21: =SUM(I5:I19) -> 5.9869933e+08 | J21: =SUM(J5:J20) -> 1.8252803e+09 | K21: =SUM(K5:K20) -> 1.7380876e+09 | L21: =SUM(L5:L20) -> 1.5298517e+08 | M21: =SUM(M5:M20) -> 2.1994523e+09 | N21: =SUM(N5:N20) -> 53552394 | O21: =SUM(O5:O20) -> 2.4106239e+09 | P21: =SUM(P5:P20) -> 6.8359124e+08 | Q21: =+P21/O21*100 -> 28.357441 | R21: =SUM(R5:R20) -> 1.4871378e+09 | S21: =+R21/O21*100 -> 61.690992 | T21: =SUM(T5:T20) -> 2.6588274e+09 | U21: =SUM(U5:U20) -> 2.5939274e+09 | V21: =SUM(V5:V20) -> 2.137919e+09 | W21: =+V21/T21*100 -> 80.408342 | X21: =+V21/T21*100 -> 80.408342 | Y21: =SUM(Y5:Y20) -> 2.550778e+09 | Z21: =SUM(Z5:Z20) -> 2.6779505e+09 | AA21: =+Z21/Y21*100 -> 104.98563 | AB21: =SUM(AB5:AB20) -> 2349273460 | AC21: =SUM(AC5:AC20) -> 6.9276504e+08 | AD21: =+AC21/AB21*100 -> 29.48848 | AE21: =SUM(AE5:AE20) -> 1.3448757e+09 | AF21: =+AE21/AB21*100 -> 57.246452 | AG21: =SUM(AG5:AG20) -> 2.459096e+09 | AH21: =AE21-AC21 -> 6.5211067e+08 | AI21: =(AH21/AE21)*100 -> 48.488545
B22: กรณีไม่รวมเงินบริจาค | H22: =+H21+I21 -> 2.2471403e+09 | K22: =+K21+L21 -> 1.8910728e+09 | M22: =+M21+N21 -> 2.2530046e+09 | R22: รายรับจริงไม่รวมเงินบริจาค | T22: =+T21-T20 -> 2.2388274e+09 | V22: =+V21-V20 -> 1.7259683e+09 | X22: =+V22/T22*100 -> 77.092514 | Y22: =+T22-100000000 -> 2.1388274e+09 | Z22: =+Z21-Z20 -> 2.2537565e+09 | AA22: =+Z22/Y22*100 -> 105.37346 | AL22: [
E23: 64 | F23: =+F21/E21*100 -> 112.19104 | H23: =+H21+I21 -> 2.2471403e+09 | K23: =+K21+L21 -> 1.8910728e+09 | M23: =+M21+N21 -> 2.2530046e+09 | O23: แผนเกินดุล + | R23: =+O21-ประมาณการรายจ่าย!N17 -> 2459500 | S23: =+O23 -> แผนเกินดุล + | T23: =+T21-ประมาณการรายจ่าย!T17 -> 11222236 | X23: แผนเกินดุล | Z23: เงินลงทุนได้ | AB23: =+AB21-ประมาณการรายจ่าย!AB18 -> 2.0477137e+08
E24: 65 | F24: =+H21/G21*100 -> 79.148298 | Z24: EBITDA 20% | AB24: =+AB23*20/100 -> 40954275
E25: 66 | F25: =+K21/J21*100 -> 95.223055 | AG25: =+AG21-ประมาณการรายจ่าย!AG17 -> -1.703945e+08
E26: 67 | F26: =+M21/#REF!*100 -> #REF!

Sheet ประมาณการรายจ่าย
B1: รายจ่ายเงินบำรุง ปีงบประมาณ 2566 - 2569 ณ เดือนมีนาคม และประมาณการแผนรายจ่ายเงินบำรุง (ปรับแผน) ปีงบประมาณ 2569
B3: รายการ | C3: รายจ่ายปี 62 | D3: รายจ่าย ปี 2563 | E3: แผนรายจ่าย ปีงบฯ 2564 | F3: รายจ่ายจริง ปี 2564 | G3: แผนรายจ่าย ปีงบฯ 2565 | H3: รายจ่ายจริง ปี 2565 | I3: แผนรายจ่าย ปีงบฯ 2566 | J3: รายจ่ายจริง ปี 2566 | K3: ประมาณการรายจ่าย ปี 2566 | L3: แผนรายจ่าย ปีงบฯ 2567 | M3: รายจ่ายจริง ปี 2567 | N3: ประมาณการรายจ่าย ปีงบฯ 2568 (บาท) | O3: หมายเหตุ | P3: =+รายละเอียดรายจ่าย!AA3 -> ผลการดำเนินงาน | R3: ผลการดำเนินงาน | T3: ปรับแผนประมาณการ รายจ่าย (ครึ่งปีหลัง) ปีงบฯ 2568 (บาท) | U3: หมายเหตุ | V3: =+R3 -> ผลการดำเนินงาน | Y3: ปรับแผน (ไตรมาส 3) ปีงบฯ 2568 (บาท) | Z3: รายจ่ายจริง ปี 2568 | AB3: ประมาณการ แผนรายจ่าย ปีงบฯ 2569 | AC3: ผลการดำเนินงาน | AG3: ประมาณการ แผนรายจ่าย (ปรับแผน) ปีงบฯ 2569 | AH3: เปรียบเทียบไตรมาส1 กับไตรมาส 2 | AI3: เพิ่มขึ้น ร้อยละ | AJ3: หมายเหตุ
P4: =+รายละเอียดรายจ่าย!AA4 -> ไตรมาส 1 (ต.ค.-ธ.ค.67) | Q4: =+รายละเอียดรายจ่าย!AB4 -> คิดเป็นร้อยละของแผน | R4: ไตรมาส 1-2 (ต.ค.67- มี.ค.68) | S4: คิดเป็นร้อยละ ของแผน | V4: ไตรมาส 1-3 (ต.ค.67- มิ.ย.68) ณ 31 พ.ค. 68 | W4: ร้อยละ | X4: คิดเป็นร้อยละ ของแผน | AC4: ไตรมาส 1 (ต.ค. - ธ.ค.68) | AD4: ร้อยละ | AE4: ไตรมาส 2 (ต.ค. 68 - มี.ค.69) | AF4: ร้อยละ
B5: ค่าจ้างชั่วคราว | C5: 2.2576004e+08 | D5: 2.3143377e+08 | E5: 180000000 | F5: 1.8053383e+08 | G5: 192030320 | H5: ='[2]รายละเอียดรายจ่าย '!H5 -> 1.8820402e+08 | I5: 207980000 | J5: =+'[2]รายละเอียดรายจ่าย '!K5 -> 1.8846488e+08 | K5: =+(J5/10)*12 -> 2.2615786e+08 | L5: =+รายละเอียดรายจ่าย!Q5 -> 195000000 | M5: =+รายละเอียดรายจ่าย!R5 -> 1.917608e+08 | N5: =+รายละเอียดรายจ่าย!Y5 -> 205000000 | P5: =+รายละเอียดรายจ่าย!AA5 -> 50880936 | Q5: =+รายละเอียดรายจ่าย!AB5 -> 24.819969 | R5: =+รายละเอียดรายจ่าย!AD5 -> 1.008702e+08 | S5: =+R5/N5*100 -> 49.204977 | T5: =+รายละเอียดรายจ่าย!AF5 -> 205000000 | V5: =+รายละเอียดรายจ่าย!AG5 -> 1.5132586e+08 | W5: =+V5/T17*100 -> 5.7155751 | X5: =+V5/T5*100 -> 73.817492 | Y5: =+รายละเอียดรายจ่าย!AJ5 -> 205000000 | Z5: =+รายละเอียดรายจ่าย!AK5 -> 2.0640163e+08 | AA5: =+รายละเอียดรายจ่าย!AL5 -> 100.68372 | AB5: =+รายละเอียดรายจ่าย!AN5 -> 212000000 | AC5: =+รายละเอียดรายจ่าย!AO5 -> 57104862 | AD5: =+AC5/AB5*100 -> 26.936256 | AE5: =+รายละเอียดรายจ่าย!AR5 -> 1.1330709e+08 | AF5: =+AE5/AB5*100 -> 53.44674 | AG5: =+รายละเอียดรายจ่าย!AU5 -> 212000000 | AH5: =AE5-AC5 -> 56202226 | AI5: =(AH5/AE5)*100 -> 49.601686 | AL5: =+(M5-L5)*100/L5 -> -1.6611274 | AM5: =+(N5-M5)*100/M5 -> 6.9040171
B6: ค่าตอบแทน | C6: 3.6549542e+08 | D6: 3.4065539e+08 | E6: 320480000 | F6: 3.2195319e+08 | G6: 342049500 | H6: ='[2]รายละเอียดรายจ่าย '!H6 -> 3.5806495e+08 | I6: 411928000 | J6: =+'[2]รายละเอียดรายจ่าย '!K6 -> 3.7859777e+08 | K6: =+(J6/10)*12 -> 4.5431732e+08 | L6: =+รายละเอียดรายจ่าย!Q6 -> 476200000 | M6: =+รายละเอียดรายจ่าย!R6 -> 4.7581167e+08 | N6: =+รายละเอียดรายจ่าย!Y6 -> 476200000 | P6: =+รายละเอียดรายจ่าย!AA6 -> 1.1782627e+08 | Q6: =+รายละเอียดรายจ่าย!AB6 -> 24.743021 | R6: =+รายละเอียดรายจ่าย!AD6 -> 2.3781947e+08 | S6: =+R6/N6*100 -> 49.941089 | T6: =+รายละเอียดรายจ่าย!AF6 -> 476200000 | V6: =+รายละเอียดรายจ่าย!AG6 -> 3.6122999e+08 | W6: =+V6/T17*100 -> 13.64365 | X6: =+V6/T6*100 -> 75.85678 | Y6: =+รายละเอียดรายจ่าย!AJ6 -> 476200000 | Z6: =+รายละเอียดรายจ่าย!AK6 -> 4.9167897e+08 | AA6: =+รายละเอียดรายจ่าย!AL6 -> 103.25052 | AB6: =+รายละเอียดรายจ่าย!AN6 -> 487600000 | AC6: =+รายละเอียดรายจ่าย!AO6 -> 1.1617136e+08 | AD6: =+AC6/AB6*100 -> 23.825136 | AE6: =+รายละเอียดรายจ่าย!AR6 -> 2.4591951e+08 | AF6: =+AE6/AB6*100 -> 50.434682 | AG6: =+รายละเอียดรายจ่าย!AU6 -> 487600000 | AH6: =AE6-AC6 -> 1.2974815e+08 | AI6: =(AH6/AE6)*100 -> 52.760412 | AL6: =+(M6-L6)*100/L6 -> -0.081547724 | AM6: =+(N6-M6)*100/M6 -> 0.081614278
B7: ค่าใช้สอย | C7: 1.1451597e+08 | D7: 1.0581858e+08 | E7: 135733331 | F7: 1.4489324e+08 | G7: 270000000 | H7: ='[2]รายละเอียดรายจ่าย '!H17 -> 1.937167e+08 | I7: 184177860 | J7: =+'[2]รายละเอียดรายจ่าย '!K17 -> 1.7022475e+08 | K7: =+(J7/10)*12 -> 2.042697e+08 | L7: =+รายละเอียดรายจ่าย!Q17 -> 191000000 | M7: =+รายละเอียดรายจ่าย!R17 -> 2.1937941e+08 | N7: =+รายละเอียดรายจ่าย!Y17 -> 209321600 | P7: =+รายละเอียดรายจ่าย!AA17 -> 53560336 | Q7: =+รายละเอียดรายจ่าย!AB17 -> 25.587582 | R7: =+รายละเอียดรายจ่าย!AD17 -> 92750469 | S7: =+R7/N7*100 -> 44.310033 | T7: =+รายละเอียดรายจ่าย!AF17 -> 202234000 | U7: จากที่ประชุม 200,669,690 บาท | V7: =+รายละเอียดรายจ่าย!AG17 -> 1.442119e+08 | W7: =+V7/T17*100 -> 5.4468809 | X7: =+V7/T7*100 -> 71.309423 | Y7: =+รายละเอียดรายจ่าย!AJ17 -> 202234000 | Z7: =+รายละเอียดรายจ่าย!AK17 -> 2.0009244e+08 | AA7: =+รายละเอียดรายจ่าย!AL17 -> 98.941049 | AB7: =+รายละเอียดรายจ่าย!AN17 -> 235917690 | AC7: =+รายละเอียดรายจ่าย!AO17 -> 49662103 | AD7: =+AC7/AB7*100 -> 21.050606 | AE7: =+รายละเอียดรายจ่าย!AR17 -> 1.0752965e+08 | AF7: =+AE7/AB7*100 -> 45.579307 | AG7: =+รายละเอียดรายจ่าย!AU17 -> 267227840 | AH7: =AE7-AC7 -> 57867544 | AI7: =(AH7/AE7)*100 -> 53.815432 | AL7: =+(M7-L7)*100/L7 -> 14.858331 | AM7: =+(N7-M7)*100/M7 -> -4.5846651
B8: ค่าสาธารณูปโภค | C8: 43921102 | D8: 37230123 | E8: 45120000 | F8: 46273599 | G8: 60000000 | H8: ='[2]รายละเอียดรายจ่าย '!H63 -> 57251975 | I8: 64500000 | J8: =+'[2]รายละเอียดรายจ่าย '!K63 -> 64033302 | K8: =+(J8/10)*12 -> 76839963 | L8: =+รายละเอียดรายจ่าย!Q125 -> 63200000 | M8: =+รายละเอียดรายจ่าย!R125 -> 59796624 | N8: =+รายละเอียดรายจ่าย!Y125 -> 70000000 | P8: =+รายละเอียดรายจ่าย!AA125 -> 14050028 | Q8: =+รายละเอียดรายจ่าย!AB125 -> 20.071469 | R8: =+รายละเอียดรายจ่าย!AD125 -> 29100809 | S8: =+R8/N8*100 -> 41.572585 | T8: =+รายละเอียดรายจ่าย!AF125 -> 70000000 | V8: =+รายละเอียดรายจ่าย!AG125 -> 44400794 | W8: =+V8/T17*100 -> 1.6770172 | X8: =+V8/T8*100 -> 63.429705 | Y8: =+รายละเอียดรายจ่าย!AJ125 -> 70000000 | Z8: =+รายละเอียดรายจ่าย!AK125 -> 59560214 | AA8: =+รายละเอียดรายจ่าย!AL125 -> 85.086019 | AB8: =+รายละเอียดรายจ่าย!AN125 -> 70000000 | AC8: =+รายละเอียดรายจ่าย!AO125 -> 14386782 | AD8: =+AC8/AB8*100 -> 20.552545 | AE8: =+รายละเอียดรายจ่าย!AR125 -> 29037250 | AF8: =+AE8/AB8*100 -> 41.481785 | AG8: =+รายละเอียดรายจ่าย!AU125 -> 60000000 | AH8: =AE8-AC8 -> 14650468 | AI8: =(AH8/AE8)*100 -> 50.454049 | AL8: =+(M8-L8)*100/L8 -> -5.3850882 | AM8: =+(N8-M8)*100/M8 -> 17.063464
B9: ค่าวัสดุ | C9: 8.0234507e+08 | D9: 7.9099448e+08 | E9: 733300000 | F9: 8.7961753e+08 | G9: 836150000 | H9: ='[2]รายละเอียดรายจ่าย '!H73 -> 9.1223578e+08 | I9: 847930000 | J9: =+'[2]รายละเอียดรายจ่าย '!K73 -> 9.0403234e+08 | K9: =+(J9/10)*12 -> 1.0848388e+09 | L9: =+รายละเอียดรายจ่าย!Q135 -> 652120000 | M9: =+รายละเอียดรายจ่าย!R135 -> 1.1128171e+09 | N9: =+รายละเอียดรายจ่าย!Y135 -> 1049980000 | P9: =+รายละเอียดรายจ่าย!AA135 -> 2.7061813e+08 | Q9: =+รายละเอียดรายจ่าย!AB135 -> 25.773646 | R9: =+รายละเอียดรายจ่าย!AD135 -> 5.3300384e+08 | S9: =+R9/N9*100 -> 50.763238 | T9: =+รายละเอียดรายจ่าย!AF135 -> 1097740000 | U9: จากที่ประชุม 1,040,170,000 บาท | V9: =+รายละเอียดรายจ่าย!AG135 -> 8.1128876e+08 | W9: =+V9/T17*100 -> 30.642363 | X9: =+V9/T9*100 -> 73.905366 | Y9: =+รายละเอียดรายจ่าย!AJ135 -> 1131980000 | Z9: =+รายละเอียดรายจ่าย!AK135 -> 1.1428231e+09 | AA9: =+รายละเอียดรายจ่าย!AL135 -> 100.95789 | AB9: =+รายละเอียดรายจ่าย!AN135 -> 1101560000 | AC9: =+รายละเอียดรายจ่าย!AO135 -> 2.9659791e+08 | AD9: =+AC9/AB9*100 -> 26.925262 | AE9: =+รายละเอียดรายจ่าย!AR135 -> 6.3035378e+08 | AF9: =+AE9/AB9*100 -> 57.223735 | AG9: =+รายละเอียดรายจ่าย!AU135 -> 1145160000 | AH9: =AE9-AC9 -> 3.3375586e+08 | AI9: =(AH9/AE9)*100 -> 52.947389 | AL9: =+(M9-L9)*100/L9 -> 70.646069 | AM9: =+(N9-M9)*100/M9 -> -5.6466733
B10: ครุภัณฑ์ | C10: 52923245 | D10: 43393687 | E10: 40000000 | F10: 31693585 | G10: 46970000 | H10: ='[2]รายละเอียดรายจ่าย '!H116 -> 50941597 | I10: 87108536 | J10: =+'[2]รายละเอียดรายจ่าย '!K116 -> 62031462 | K10: =+(J10/10)*12 -> 74437754 | L10: =+รายละเอียดรายจ่าย!Q178 -> 1.281767e+08 | M10: =+รายละเอียดรายจ่าย!R178 -> 89194196 | N10: =+รายละเอียดรายจ่าย!Y178 -> 97879111 | P10: =+รายละเอียดรายจ่าย!AA178 -> 5563073.6 | Q10: =+รายละเอียดรายจ่าย!AB178 -> 5.6836168 | R10: =+รายละเอียดรายจ่าย!AD178 -> 39114996 | S10: =+R10/N10*100 -> 39.962557 | T10: =+รายละเอียดรายจ่าย!AF178 -> 1.7379584e+08 | U10: จากที่ประชุม 182,781,467.59 บาท | V10: =+รายละเอียดรายจ่าย!AG178 -> 44725395 | W10: =+V10/T17*100 -> 1.6892774 | X10: =+V10/T10*100 -> 25.734445 | Y10: =+รายละเอียดรายจ่าย!AJ178 -> 1.2958436e+08 | Z10: =+รายละเอียดรายจ่าย!AK178 -> 1.1360368e+08 | AA10: =+รายละเอียดรายจ่าย!AL178 -> 87.667741 | AB10: =+รายละเอียดรายจ่าย!AN178 -> 1.5728332e+08 | AC10: =+รายละเอียดรายจ่าย!AO178 -> 31499166 | AD10: =+AC10/AB10*100 -> 20.027023 | AE10: =+รายละเอียดรายจ่าย!AR178 -> 62441555 | AF10: =+AE10/AB10*100 -> 39.70005 | AG10: =+รายละเอียดรายจ่าย!AU178 -> 2.1014653e+08 | AH10: =AE10-AC10 -> 30942390 | AI10: =(AH10/AE10)*100 -> 49.554162 | AL10: =+(M10-L10)*100/L10 -> -30.413097 | AM10: =+(N10-M10)*100/M10 -> 9.7370857
B11: ค่าที่ดินและสิ่งก่อสร้าง | C11: 0 | D11: 0 | E11: 0 | F11: 0 | G11: 13265578 | H11: 0 | I11: 170287950 | J11: 0 | K11: =+(J11/10)*12 -> 0 | L11: =+รายละเอียดรายจ่าย!Q195 -> 0 | M11: =+รายละเอียดรายจ่าย!R195 -> 0 | N11: =+รายละเอียดรายจ่าย!Y195 -> 2.5002691e+08 | P11: =+รายละเอียดรายจ่าย!AA195 -> 1237363 | Q11: =+รายละเอียดรายจ่าย!AB195 -> 0.49489193 | R11: =+รายละเอียดรายจ่าย!AD195 -> 1237363 | S11: =+R11/N11*100 -> 0.49489193 | T11: =+รายละเอียดรายจ่าย!AF195 -> 3.7364051e+08 | U11: จากที่ประชุม 369,950,511.14 บาท | V11: =+รายละเอียดรายจ่าย!AG195 -> 6270963 | W11: =+V11/T17*100 -> 0.23685417 | X11: =+V11/T11*100 -> 1.6783413 | Y11: =+รายละเอียดรายจ่าย!AJ195 -> 42815511 | Z11: =+รายละเอียดรายจ่าย!AK195 -> 20311326 | AA11: =+รายละเอียดรายจ่าย!AL195 -> 47.439176 | AB11: =+รายละเอียดรายจ่าย!AN195 -> 5.0089346e+08 | AC11: =+รายละเอียดรายจ่าย!AO195 -> 47227694 | AD11: =+AC11/AB11*100 -> 9.4286905 | AE11: =+รายละเอียดรายจ่าย!AR195 -> 76527694 | AF11: =+AE11/AB11*100 -> 15.278238 | AG11: =+รายละเอียดรายจ่าย!AU195 -> 1.9427775e+08 | AH11: =AE11-AC11 -> 29300000 | AI11: =(AH11/AE11)*100 -> 38.286793 | AK11: จ่ายค่าทางเดินเชื่อมตึกอันดามันไปอาคารอุบัติเหตุ 10 ชั้น ค่าอาคารรังสีรักษา = 41,982,193.76 บาท | AL11: =+(M11-L11)*100/L11 -> #DIV/0! | AM11: =+(N11-M11)*100/M11 -> #DIV/0!
B12: เงินอุดหนุน (ไม่ปฏิบัติเวช) | C12: 56280 | D12: 66450 | E12: 11500000 | F12: 10584700 | G12: 14490000 | H12: ='[2]รายละเอียดรายจ่าย '!H68 -> 10427900 | I12: 11990000 | J12: =+'[2]รายละเอียดรายจ่าย '!K68 -> 10495200 | K12: =+(J12/10)*12 -> 12594240 | L12: =+รายละเอียดรายจ่าย!Q130 -> 11136000 | M12: =+รายละเอียดรายจ่าย!R130 -> 10899200 | N12: =+รายละเอียดรายจ่าย!Y130 -> 11136000 | P12: =+รายละเอียดรายจ่าย!AA130 -> 2791400 | Q12: =+รายละเอียดรายจ่าย!AB130 -> 25.066451 | R12: =+รายละเอียดรายจ่าย!AD130 -> 5470050 | S12: =+R12/N12*100 -> 49.12042 | T12: =+รายละเอียดรายจ่าย!AF130 -> 11136000 | V12: =+รายละเอียดรายจ่าย!AG130 -> 8139600 | W12: =+V12/T17*100 -> 0.30743255 | X12: =+V12/T12*100 -> 73.092672 | Y12: =+รายละเอียดรายจ่าย!AJ130 -> 11136000 | Z12: =+รายละเอียดรายจ่าย!AK130 -> 10963600 | AA12: =+รายละเอียดรายจ่าย!AL130 -> 98.451868 | AB12: =+รายละเอียดรายจ่าย!AN130 -> 11136000 | AC12: =+รายละเอียดรายจ่าย!AO130 -> 2644300 | AD12: =+AC12/AB12*100 -> 23.74551 | AE12: =+รายละเอียดรายจ่าย!AR130 -> 5213200 | AF12: =+AE12/AB12*100 -> 46.813937 | AG12: =+รายละเอียดรายจ่าย!AU130 -> 11136000 | AH12: =AE12-AC12 -> 2568900 | AI12: =(AH12/AE12)*100 -> 49.276836 | AL12: =+(M12-L12)*100/L12 -> -2.1264368 | AM12: =+(N12-M12)*100/M12 -> 2.1726365
B13: รายจ่ายอื่นๆ | C13: 30192900 | D13: 21519065 | E13: 21470468 | F13: 18936041 | G13: 13567272 | H13: ='[2]รายละเอียดรายจ่าย '!H131 -> 18135520 | I13: 13978608 | J13: =+'[2]รายละเอียดรายจ่าย '!K131 -> 12299450 | K13: =+(J13/10)*12 -> 14759340 | L13: =+รายละเอียดรายจ่าย!Q199 -> 13893664 | M13: =+รายละเอียดรายจ่าย!R199 -> 28042294 | N13: =+รายละเอียดรายจ่าย!Y199 -> 22452940 | P13: =+รายละเอียดรายจ่าย!AA199 -> 1972744.4 | Q13: =+รายละเอียดรายจ่าย!AB199 -> 8.7861297 | R13: =+รายละเอียดรายจ่าย!AD199 -> 7760974.3 | S13: =+R13/N13*100 -> 34.565515 | T13: =+รายละเอียดรายจ่าย!AF199 -> 22452940 | V13: =+รายละเอียดรายจ่าย!AG199 -> 10621099 | W13: =+V13/T17*100 -> 0.40115874 | X13: =+V13/T13*100 -> 47.303824 | Y13: =+รายละเอียดรายจ่าย!AJ199 -> 22464940 | Z13: =+รายละเอียดรายจ่าย!AK199 -> 24790281 | AA13: =+รายละเอียดรายจ่าย!AL199 -> 110.35098 | AB13: =+รายละเอียดรายจ่าย!AN199 -> 12171005 | AC13: =+รายละเอียดรายจ่าย!AO199 -> 12844076 | AD13: =+AC13/AB13*100 -> 105.53012 | AE13: =+รายละเอียดรายจ่าย!AR199 -> 19450811 | AF13: =+AE13/AB13*100 -> 159.81269 | AG13: =+รายละเอียดรายจ่าย!AU199 -> 27825000 | AH13: =AE13-AC13 -> 6606734.6 | AI13: =(AH13/AE13)*100 -> 33.966372 | AK13: จ่ายสนับสนุน สสจ.สุราษฎร์ธานี = 600,000 บาท จ่ายสนับสนุนรพ.บ้านนาสาร = 2,800,000 บาท จ่ายสนับสนุนสสจ.ระนอง = 2,600,000 บาท | AL13: =+(M13-L13)*100/L13 -> 101.83512 | AM13: =+(N13-M13)*100/M13 -> -19.931871
B14: งบบริหารจัดการ 2.5% | C14: 0 | D14: 0 | E14: 0 | F14: 0 | G14: 19125843 | H14: ='[2]รายละเอียดรายจ่าย '!H149 -> 19125843 | J14: =+'[2]รายละเอียดรายจ่าย '!K149 -> 4357500 | K14: =+J14 -> 4357500 | L14: 0 | M14: 0 | N14: =+รายละเอียดรายจ่าย!Y218 -> 1582997.4 | P14: =+รายละเอียดรายจ่าย!AA218 -> 0 | R14: =+รายละเอียดรายจ่าย!AD218 -> 0 | S14: =+R14/N14*100 -> 0 | T14: =+รายละเอียดรายจ่าย!AF218 -> 820997.38 | V14: =+รายละเอียดรายจ่าย!AG218 -> 232250 | W14: =+V14/T17*100 -> 0.0087720785 | X14: =+V14/T14*100 -> 28.288763 | Y14: =+รายละเอียดรายจ่าย!AJ218 -> 820997.38 | Z14: =+รายละเอียดรายจ่าย!AW218 -> 325000 | AA14: =+รายละเอียดรายจ่าย!AL218 -> 39.585997 | AB14: =+รายละเอียดรายจ่าย!AN218 -> 0 | AC14: =+รายละเอียดรายจ่าย!AO218 -> 0 | AD14: 0 | AE14: =+รายละเอียดรายจ่าย!AR218 -> 0 | AF14: 0 | AG14: =+รายละเอียดรายจ่าย!AU218 -> 0 | AH14: =AE14-AC14 -> 0 | AI14: 0 | AL14: =+(M14-L14)*100/L14 -> #DIV/0! | AM14: =+(N14-M14)*100/M14 -> #DIV/0!
B15: =+รายละเอียดรายจ่าย!C219 -> งบบริหารจัดการแรงงานต่างด้าว | E15: 0 | F15: 0 | H15: 0 | J15: 0 | K15: 0 | L15: 0 | M15: 0 | N15: =+รายละเอียดรายจ่าย!Y219 -> 4584828.4 | P15: =+รายละเอียดรายจ่าย!AA219 -> 0 | R15: =+รายละเอียดรายจ่าย!AD219 -> 0 | S15: =+R15/N15*100 -> 0 | T15: =+รายละเอียดรายจ่าย!AF219 -> 4584828.4 | V15: =+รายละเอียดรายจ่าย!AG219 -> 0 | W15: =+V15/T17*100 -> 0 | X15: =+V15/T15*100 -> 0 | Y15: =+รายละเอียดรายจ่าย!AJ219 -> 4584828.4 | Z15: =+รายละเอียดรายจ่าย!AK219 -> 1910941.2 | AA15: =+รายละเอียดรายจ่าย!AL219 -> 41.679666 | AB15: =+รายละเอียดรายจ่าย!AN219 -> 4117390 | AC15: =+รายละเอียดรายจ่าย!AO219 -> 0 | AD15: 0 | AE15: =+รายละเอียดรายจ่าย!AR219 -> 0 | AF15: =+AE15/AB15*100 -> 0 | AG15: =+รายละเอียดรายจ่าย!AU219 -> 4117390 | AH15: =AE15-AC15 -> 0 | AI15: 0 | AL15: =+(M15-L15)*100/L15 -> #DIV/0! | AM15: =+(N15-M15)*100/M15 -> #DIV/0!
B16: งบกลาง | C16: 0 | D16: 0 | E16: 10403520 | F16: 0 | G16: 12000000 | H16: 0 | I16: 10000000 | J16: 0 | K16: =+(J16/10)*12 -> 0 | L16: =+รายละเอียดรายจ่าย!Q224 -> 2000000 | M16: 0 | N16: =+รายละเอียดรายจ่าย!Y224 -> 10000000 | P16: =+รายละเอียดรายจ่าย!AA220 -> 0 | R16: =+รายละเอียดรายจ่าย!AD224 -> 0 | S16: =+R16/N16*100 -> 0 | T16: =+รายละเอียดรายจ่าย!AF224 -> 10000000 | V16: =+รายละเอียดรายจ่าย!AG224 -> 0 | W16: =+V16/T17*100 -> 0 | X16: =+V16/T16*100 -> 0 | Y16: =+รายละเอียดรายจ่าย!AJ224 -> 10000000 | Z16: =+รายละเอียดรายจ่าย!AK224 -> 0 | AA16: =+รายละเอียดรายจ่าย!AL224 -> 0 | AB16: =+รายละเอียดรายจ่าย!AN224 -> 10000000 | AC16: =+รายละเอียดรายจ่าย!AO224 -> 0 | AD16: 0 | AE16: =+รายละเอียดรายจ่าย!AR224 -> 0 | AF16: =+AE16/AB16*100 -> 0 | AG16: =+รายละเอียดรายจ่าย!AU224 -> 10000000 | AH16: =AE16-AC16 -> 0 | AI16: 0 | AL16: =+(M16-L16)*100/L16 -> -100 | AM16: =+(N16-M16)*100/M16 -> #DIV/0!
B17: รวม | C17: =SUM(C5:C16) -> 1.63521e+09 | D17: =SUM(D5:D16) -> 1.5711116e+09 | E17: =SUM(E5:E16) -> 1.4980073e+09 | F17: =SUM(F5:F16) -> 1.6344857e+09 | G17: =SUM(G5:G16) -> 1.8196485e+09 | H17: =SUM(H5:H16) -> 1.8081043e+09 | I17: =SUM(I5:I16) -> 2.009881e+09 | J17: =SUM(J5:J16) -> 1.7945367e+09 | K17: =+(J17/10)*12 -> 2.153444e+09 | L17: =+L5+L6+L7+L8+L9+L10+L11+L12+L13+L14+L16 -> 1.7327264e+09 | M17: =SUM(M5:M16) -> 2.1877013e+09 | N17: =SUM(N5:N16) -> 2.4081644e+09 | P17: =+รายละเอียดรายจ่าย!AA225 -> 5.1850028e+08 | Q17: =+รายละเอียดรายจ่าย!AB225 -> 21.530934 | R17: =SUM(R5:R16) -> 1.0471282e+09 | S17: =+R17/N17*100 -> 43.482421 | T17: =SUM(T5:T16) -> 2.6476051e+09 | V17: =SUM(V5:V16)-V14 -> 1.5822144e+09 | W17: =+V17/T17*100 -> 59.760209 | X17: =+V17/T17*100 -> 59.760209 | Y17: =SUM(Y5:Y16) -> 2.3068206e+09 | Z17: =SUM(Z5:Z16) -> 2.2724612e+09 | AA17: =+รายละเอียดรายจ่าย!AL225 -> 98.510529 | AB17: =SUM(AB5:AB16) -> 2.8026789e+09 | AC17: =SUM(AC5:AC16) -> 6.2813826e+08 | AD17: =+AC17/AB17*100 -> 22.412067 | AE17: =SUM(AE5:AE16) -> 1.2897805e+09 | AF17: =+AE17/AB17*100 -> 46.019562 | AG17: =+รายละเอียดรายจ่าย!AU225 -> 2.6294905e+09 | AH17: =AE17-AC17 -> 6.6164227e+08 | AI17: =(AH17/AE17)*100 -> 51.298826
F18: . | AB18: =+AB17-AB10-AB11 -> 2.1445021e+09 | AD18: =+AC17+41982193.76 -> 6.7012045e+08
B19: 64 | E19: =+F17/E17*100 -> 109.11066 | T19: =+T17-200000000 -> 2.4476051e+09 | Y19: =+(Y10+Y11)/Y17*100 -> 7.4734839 | AD19: =+AD18/AB17*100 -> 23.909998
B20: 65 | E20: =+H17/G17*100 -> 99.365579 | N20: =+(N17-M17)*100/M17 -> 10.077383 | S20: สิ่งก่อสร้าง | T20: 28000000 | V20: =+รายละเอียดรายจ่าย!AF196-ประมาณการรายจ่าย!T20 -> 1.4564051e+08
B21: 66 | E21: =+J17/I17*100 -> 89.285719
B22: 67 | E22: =+M17/L17*100 -> 126.25775
T43: 1.68063e+09 | U43: 1.6344857e+09 | Y43: =+T43-U43 -> 46144290
T44: 1.648441e+09 | U44: 1.8081043e+09 | Y44: =+T44-U44 -> -1.5966327e+08
T45: 1.7741134e+09 | U45: 1.7945367e+09 | Y45: =+T45-U45 -> -20423289
T46: 2.1994523e+09 | U46: 2.1877083e+09 | Y46: =+T46-U46 -> 11743976
T47: 1.4871378e+09 | U47: 1.0471282e+09 | Y47: =+T47-U47 -> 4.4000961e+08

Sheet ครุภัณฑ์ แผน 68
A1: แผนรายจ่ายรายการครุภัณฑ์ เงินบำรุง (ครึ่งปีหลัง) ประจำปีงบประมาณ พ.ศ. 2568
A2: ลำดับ | B2: รายการ | C2: จำนวน (หน่วย) | D2: จำนวน (บาท/หน่วย) | E2: วงเงิน งบประมาณ (บาท) | F2: หน่วยงาน | G2: ประเภทครุภัณฑ์ | H2: หมายเหตุ
A3: 1 | B3: สถานีและขยายเส้นทางระบบท่อลมรับ-ส่งพัสดุทางการแพทย์ จำนวน 1 ระบบ (2 สถานี) | C3: 1 | D3: 2247000 | E3: =C3*D3 -> 2247000 | F3: เภสัชกรรม | G3: การแพทย์ | H3: 14.เบิกจ่ายแล้ว | J3: ปี 2568
A4: 2 | B4: เครื่องดมยาพร้อมเครื่องช่วยหายใจพร้อมเครื่องติดตามสัญญาณชีพ | C4: 1 | D4: 2200000 | E4: =C4*D4 -> 2200000 | F4: กลุ่มงาน สูติ-นรีเวชกรรม | G4: การแพทย์ | H4: 14.เบิกจ่ายแล้ว | J4: ปี 2568
A5: 3 | B5: เตียงผ่าตัดทั่วไประบบไฟฟ้า | C5: 1 | D5: 1760000 | E5: =C5*D5 -> 1760000 | F5: กลุ่มงาน สูติ-นรีเวชกรรม | G5: การแพทย์ | H5: =+H4 -> 14.เบิกจ่ายแล้ว
A6: 4 | B6: โคมไฟผ่าตัดใหญ่ | C6: 1 | D6: 1450000 | E6: =C6*D6 -> 1450000 | F6: กลุ่มงาน สูติ-นรีเวชกรรม | G6: การแพทย์ | H6: =+H5 -> 14.เบิกจ่ายแล้ว | J6: ปี 2569
A7: 5 | B7: เครื่องจี้ห้ามเลือด เลาะเนื้อเยื่อ และเชื่อมปิดหลอดเลือดด้วยคลื่นความถี่สูง | C7: 1 | D7: 1600000 | E7: =C7*D7 -> 1600000 | F7: งานห้องผ่าตัด | G7: การแพทย์ | H7: ให้ใช้เครื่องที่ได้จากงบกองสลาก | J7: ปี 2569
A8: 6 | B8: กล้องส่องตรวจช่องท้องชนิดวิดีทัศน์ ขนาด 10 มม มุมมองภาพ 30 องศา | C8: 1 | D8: 1250000 | E8: 1250000 | F8: ห้องผ่าตัด | G8: การแพทย์ | H8: 10.ระยะเวลาอุทธรณ์ผลการพิจารณา
A9: 7 | B9: เลนส์สำหรับผ่าตัดผ่านกล้องในช่องท้องชนิดวิดีทัศน์ 10 มม 30 องศา | C9: 1 | D9: 1250000 | E9: 1250000 | F9: ห้องผ่าตัด | G9: การแพทย์ | H9: 13.ส่งมอบ/รายงานผลตรวจรับ
A10: 8 | B10: Removal of Ethylene oxide by catalytic system (เครื่องระบายแก๊สเอทธิลีนออกไซด์ด้วยระบบการเร่งปฏิกิริยา) | C10: 1 | D10: 1200000 | E10: =C10*D10 -> 1200000 | F10: งานจ่ายกลาง | G10: การแพทย์ | H10: =+H6 -> 14.เบิกจ่ายแล้ว
A11: 9 | B11: เครื่อง High flow oxygen | C11: 2 | D11: 250000 | E11: =C11*D11 -> 500000 | F11: Sick newborn (1/2) | G11: การแพทย์ | H11: 9.รายงานผลการพิจารณาเสนอราคา
A12: 10 | B12: ระบบเรียกพยาบาล Nurse call System | C12: 1 | D12: 499476 | E12: =C12*D12 -> 499476 | F12: หอผู้ป่วยศัลยกรรมกระดูก | G12: การแพทย์
A13: 11 | B13: เครื่องช่วยหายใจชนิดไม่สอดใส่ | C13: 1 | D13: 490000 | E13: =C13*D13 -> 490000 | F13: NICU (2/2) | G13: การแพทย์ | H13: =+H11 -> 9.รายงานผลการพิจารณาเสนอราคา
A14: 12 | B14: เครื่องให้ความอบอุ่นทารกแรกเกิด | C14: 2 | D14: 225000 | E14: =C14*D14 -> 450000 | F14: NICU | G14: การแพทย์ | H14: =+H13 -> 9.รายงานผลการพิจารณาเสนอราคา
A15: 13 | B15: ชุดภาควัดสัญญาณชีพขณะเคลื่อนย้าย | C15: 1 | D15: 330000 | E15: 330000 | F15: ไตเทียม | G15: การแพทย์ | H15: =+H148 -> 12.ครบกำหนดส่งมอบ
A16: 14 | B16: เครื่องกระตุกหัวใจด้วยไฟฟ้า | C16: 1 | D16: 330000 | E16: =C16*D16 -> 330000 | F16: หอผู้ป่วยหนักอายุรกรรม | G16: การแพทย์ | H16: =+H15 -> 12.ครบกำหนดส่งมอบ
A17: 15 | B17: เครื่องผลิตสุญญากาศทางการแพทย์ Vacuum Pump สงฆ์อาพาธ | C17: 1 | D17: 317255 | E17: 317255 | F17: งานช่าง | G17: การแพทย์ | H17: =+H16 -> 12.ครบกำหนดส่งมอบ
A18: 16 | B18: เครื่องติดตามการทำงานของหัวใจและสัญญาณชีพอัตโนมัติ | C18: 1 | D18: 250000 | E18: =C18*D18 -> 250000 | F18: ศูนย์เครื่องมือแพทย์ | G18: การแพทย์ | H18: =+H17 -> 12.ครบกำหนดส่งมอบ
A19: 17 | B19: เครื่องควบคุมระบบประกาศ | C19: 1 | D19: 229729 | E19: =C19*D19 -> 229729 | F19: ประชาสัมพันธ์ | G19: การแพทย์ | H19: =+H18 -> 12.ครบกำหนดส่งมอบ
A20: 18 | B20: ฉากกั้นรังสีแบบใส | C20: 2 | D20: 117500 | E20: =+C20*D20 -> 235000 | F20: cath lab (0/2) | G20: การแพทย์ | H20: =+H19 -> 12.ครบกำหนดส่งมอบ
A21: 19 | B21: เครื่องดึงคอและหลังอัตโนมัติพร้อมเตียง | C21: 1 | D21: 230000 | E21: 230000 | F21: กล่มงานเวชกรรมฟื้นฟู | G21: การแพทย์ | H21: =+H20 -> 12.ครบกำหนดส่งมอบ
A22: 20 | B22: ระบบ Nurse Call อาคารหลวงพ่อแช่ม ชั้น5 | C22: 1 | D22: 200000 | E22: =+C22*D22 -> 200000 | F22: หอผู้ป่วยศัลยกรรมกระดูก (หลวงพ่อแช่ม ชั้น 5) | G22: การแพทย์ | H22: =+H21 -> 12.ครบกำหนดส่งมอบ
A23: 21 | B23: เครื่องติดตามสัญญาณชีพห้องพักฟื้น | C23: 1 | D23: 200000 | E23: =C23*D23 -> 200000 | F23: กลุ่มงาน สูติ-นรีเวชกรรม | G23: การแพทย์ | H23: 2.แต่งตั้งคณะกรรมการกำหนดราคา
A24: 22 | B24: ตัว incubator เก็บน้ำเชื้อ สำหรับทำ sperm | C24: 1 | D24: 200000 | E24: =C24*D24 -> 200000 | F24: กลุ่มงาน สูติ-นรีเวชกรรม | G24: การแพทย์
A25: 23 | B25: อุปกรณ์เจาะชิ้นเนื้อเต้านม (Magnum biopsy) | C25: 2 | D25: 100000 | E25: =C25*D25 -> 200000 | F25: รังสีวิทยา | G25: การแพทย์ | H25: ดำเนินการแล้ว
A26: 24 | B26: เครื่อง Centrifuge สำหรับทำ sperm | C26: 1 | D26: 400000 | E26: =C26*D26 -> 400000 | F26: กลุ่มงาน สูติ-นรีเวชกรรม | G26: การแพทย์
A27: 25 | B27: เครื่อง warm สำหรับทำ sperm | C27: 1 | D27: 100000 | E27: =C27*D27 -> 100000 | F27: กลุ่มงาน สูติ-นรีเวชกรรม | G27: การแพทย์
A28: 26 | B28: เครื่องวัดความดันโลหิตอัตโนมัติชนิดสอดแขนพร้อมรถเข็นขาตั้งครบชุด | C28: 1 | D28: 65000 | E28: =C28*D28 -> 65000 | F28: กลุ่มการพยาบาล Echo(0/1) | G28: การแพทย์ | H28: =+H22 -> 12.ครบกำหนดส่งมอบ
A29: 27 | B29: เครื่องวัดความดันโลหิตแบบอัตโนมัติ | C29: 1 | D29: 65000 | E29: =C29*D29 -> 65000 | F29: OPD กุมารเวช | G29: การแพทย์
A30: 28 | B30: เครื่องอบอุ่นร่างกายชนิดเป่าลมร้อน | C30: 1 | D30: 50000 | E30: =+C30*D30 -> 50000 | F30: กลุ่มงานสูติ-นรีเวชกรรม | G30: การแพทย์
A31: 29 | B31: Laryngoscope ชนิดหลอด LED | C31: 1 | D31: 40000 | E31: =+C31*D31 -> 40000 | F31: กลุ่มงานสูติ-นรีเวชกรรม | G31: การแพทย์
A32: 30 | B32: อุปกรณ์-วัสดุ กระตุ้นพัฒนาการเด็ก | C32: 1 | D32: 31849 | E32: =C32*D32 -> 31849 | F32: จิตเวชและยาเสพติด | G32: การแพทย์
A33: 31 | B33: โต๊ะจัดเครื่องมือ | C33: 2 | D33: 9500 | E33: =+C33*D33 -> 19000 | F33: กลุ่มงานสูติ-นรีเวชกรรม | G33: การแพทย์
A34: 32 | B34: เกย์ออกซิเจน อัตราการไหลต่ำ (low flow) | C34: 10 | D34: 5500 | E34: =C34*D34 -> 55000 | F34: กลุ่มการพยาบาล (NICU 3 กุมาร 2 sick NB5) | G34: การแพทย์
A35: 33 | B35: เครื่องวัดความถ่วงจำเพาะ (Reflactometer) | C35: 1 | D35: 33500 | E35: =C35*D35 -> 33500 | F35: เทคนิคการแพทย์ และพยาธิวิทยาคลินิก | G35: การแพทย์
A36: 34 | B36: โต๊ะเมโยจัดเครื่องมือ | C36: 2 | D36: 4950 | E36: =+C36*D36 -> 9900 | F36: กลุ่มงานสูติ-นรีเวชกรรม | G36: การแพทย์
A37: 35 | B37: เสาน้ำเกลือ | C37: 1 | D37: 2000 | E37: =+C37*D37 -> 2000 | F37: กลุ่มงานสูติ-นรีเวชกรรม | G37: การแพทย์
A38: 36 | B38: เครื่องถ่างขยายช่องซี่โครง (Rib Spreader) | C38: 2 | D38: 130000 | E38: =+C38*D38 -> 260000 | F38: แผนกศัลยกรรมทรวงอก | G38: การแพทย์
A39: 37 | B39: เครื่องดึงคอและหลังอัตโนมัติพร้อมเตียงปรับระดับได้ | C39: 1 | D39: 350000 | E39: =+C39*D39 -> 350000 | F39: งานกายภาพบำบัด | G39: การแพทย์ | H39: =+H28 -> 12.ครบกำหนดส่งมอบ
A40: 38 | B40: ตู้เย็นเก็บเลือด | C40: 1 | D40: 650000 | E40: =+C40*D40 -> 650000 | F40: งานธนาคารเลือด | G40: การแพทย์ | H40: ส่งบันทึกข้อความให้พัสดุแล้ว
A41: 39 | B41: ตู้เย็นเก็บน้ำยาทางการแพทย์ | C41: 1 | D41: 100000 | E41: =+C41*D41 -> 100000 | F41: งานธนาคารเลือด | G41: การแพทย์ | H41: ส่งบันทึกข้อความให้พัสดุแล้ว
A42: 40 | B42: เครื่องเขย่าเลือด | C42: 2 | D42: 149000 | E42: =+C42*D42 -> 298000 | F42: งานธนาคารเลือด | G42: การแพทย์ | H42: ส่งบันทึกข้อความให้พัสดุแล้ว
A43: 41 | B43: หุ่นยนต์ฆ่าเชื้อโรคด้วยรังสียูวี ชนิดซี พร้อมชุดควบคุมการทำงานแบบระบะไกล | C43: 1 | D43: 2495000 | E43: =+C43*D43 -> 2495000 | F43: งานห้องผ่าตัด | G43: การแพทย์ | H43: รายการใหม่ปรับแผน(ครึ่งปีหลัง)
A44: 42 | B44: เครื่องตรวจคลื่นไฟฟ้าหัวใจพร้อมระบบวิเคราะห์ผลและจัดเก็บภาพในระบบเครือข่าย | C44: 1 | D44: 150000 | E44: =+C44*D44 -> 150000 | F44: งานศูนย์เครื่องมือแพทย์ | G44: การแพทย์ | H44: รายการใหม่ปรับแผน(ครึ่งปีหลัง)
A45: 43 | B45: เครื่องช่วยหายใจควบคุมปริมาตรและความดันเคลื่อนย้ายได้ | C45: 2 | D45: 550000 | E45: =+C45*D45 -> 1100000 | F45: งานศูนย์เครื่องมือแพทย์ | G45: การแพทย์ | H45: รายการใหม่ปรับแผน(ครึ่งปีหลัง)
A46: 44 | B46: foot switch voluson e6 | C46: 1 | D46: 30000 | E46: =+C46*D46 -> 30000 | F46: งานผู้ป่วยนอก(OPD ฝากครรภ์) | G46: การแพทย์ | H46: รายการใหม่ปรับแผน(ครึ่งปีหลัง)
A47: 45 | B47: เครื่องกระตุกไฟฟ้าหัวใจชนิดไบเฟสิค พร้อมภาควัดออกซิเจนและคาร์บอนไดออกไซด์ในเลือด | C47: 1 | D47: 400000 | E47: =+C47*D47 -> 400000 | F47: งานอุบัติเหตุและฉุกเฉิน | G47: การแพทย์ | H47: รายการใหม่ปรับแผน(ครึ่งปีหลัง)
A48: 46 | B48: เครื่องวัดสัญญาณชีพอัตโนมัติ รุ่น EarlyVue VS30 | C48: 1 | D48: 190000 | E48: =+C48*D48 -> 190000 | F48: งานอุบัติเหตุและฉุกเฉิน | G48: การแพทย์ | H48: รายการใหม่ปรับแผน(ครึ่งปีหลัง)
A49: 47 | B49: เครื่องให้การรักษาด้วยแสงเลเซอร์ สำหรับรักษาความผิดปกติของเม็ดสี ริ้วรอย สิว ความไม่สม่ำเสมอของผิวและแผลเป็น | C49: 1 | D49: 2700000 | E49: =+C49*D49 -> 2700000 | F49: ศูนย์ Wellness Center | G49: การแพทย์ | H49: รายการใหม่ปรับแผน(ครึ่งปีหลัง)
A50: 48 | B50: เครื่องเลเซอร์คาร์บอนไดออกไซด์แบบ Ultra Pulse | C50: 1 | D50: 650000 | E50: =+C50*D50 -> 650000 | F50: ศูนย์ Wellness Center | G50: การแพทย์ | H50: รายการใหม่ปรับแผน(ครึ่งปีหลัง)
A51: 49 | B51: เครื่องวิเคราะห์สภาพผิวหน้า VISIA | C51: 1 | D51: 1337500 | E51: =+C51*D51 -> 1337500 | F51: ศูนย์ Wellness Center | G51: การแพทย์ | H51: รายการใหม่ปรับแผน(ครึ่งปีหลัง)
... A105: 103 | B105: รถเข็นนั่งชนิดพับได้ มีเสาน้ำเกลือ | C105: 21 | D105: 8400 | E105: =+C105*D105 -> 176400 | F105: งานเคลื่อนย้ายผู้ป่วย | G105: การแพทย์ | H105: นอกแผนอนุมัติ เข้าแผน (ครึ่งปีหลัง)
A106: 104 | B106: ระบบปรับอากาศในพื้นที่พักผู้ป่วยสามัญ ชั้น 2-7 ตึก 298 | C106: 1 | D106: 2500000 | E106: =+C106*D106 -> 2500000 | G106: การแพทย์ | H106: =+H160 -> รายการใหม่ปรับแผน(ครึ่งปีหลัง)
A107: 105 | B107: เครื่องกำเนิดคลื่นวิทยุความถี่สูงสำหรับผ่าตัด ชนิด 2 ความถี่ | C107: 1 | D107: 450000 | E107: =+C107*D107 -> 450000 | F107: ห้องผ่าตัด | G107: การแพทย์ | H107: =+H161 -> นอกแผนอนุมัติ เข้าแผน (ครึ่งปีหลัง)
D108: รวม | E108: =SUM(E3:E107) -> 45077247
A109: 106 | B109: เครื่องล้างจานอัตโนมัติ | C109: 1 | D109: 2000000 | E109: =C109*D109 -> 2000000 | F109: กลุ่มงาน โภชนศาสตร์ | G109: งานบ้านงานครัว | H109: 11.จัดทำสัญญา
A110: 107 | B110: การรื้อระบบเครื่องดูดควัน | C110: 3 | D110: =+E110/C110 -> 278091.67 | E110: 834275 | F110: กลุ่มงานโภชนศาสตร์ | G110: งานบ้านงานครัว | H110: =+H10 -> 14.เบิกจ่ายแล้ว
A111: 108 | B111: ผ้าม่านสามัญ ตึก 298 | C111: 1 | D111: 720000 | E111: =+C111*D111 -> 720000 | G111: งานบ้านงานครัว
A112: 109 | B112: ตู้เย็น ขนาด 7.3Q | C112: 1 | D112: 9290 | E112: =+C112*D112 -> 9290 | F112: หอผู้ป่วยน้อมเกล้า 4 | G112: งานบ้านงานครัว | H112: =+H52 -> รายการใหม่ปรับแผน(ครึ่งปีหลัง)
A113: 110 | B113: เครื่องกรองน้ำแบบตั้งพื้นมีทั้งน้ำร้อนและน้ำเย็น | C113: 12 | D113: 39630 | E113: =+C113*D113 -> 475560 | F113: กลุ่มภารกิจด้านการพยาบาล | G113: งานบ้านงานครัว | H113: =+H105 -> นอกแผนอนุมัติ เข้าแผน (ครึ่งปีหลัง)
A114: 111 | B114: ไมโครเวฟ ขนาด 20 ลิตร | C114: 2 | D114: 2290 | E114: =+C114*D114 -> 4580 | F114: กลุ่มภารกิจด้านการพยาบาล | G114: งานบ้านงานครัว | H114: =+H113 -> นอกแผนอนุมัติ เข้าแผน (ครึ่งปีหลัง)
A115: 112 | B115: ชุดโต๊ะอาหาร 6 ที่นั่ง | C115: 3 | D115: 10500 | E115: =+C115*D115 -> 31500 | F115: กลุ่มภารกิจด้านการพยาบาล | G115: งานบ้านงานครัว | H115: =+H114 -> นอกแผนอนุมัติ เข้าแผน (ครึ่งปีหลัง)
A116: 113 | B116: ตู้เหล็กบานเลื่อนทึบ สีขาวมุก BTR | C116: 33 | D116: 5690 | E116: =+C116*D116 -> 187770 | F116: กลุ่มภารกิจด้านการพยาบาล | G116: งานบ้านงานครัว | H116: =+H115 -> นอกแผนอนุมัติ เข้าแผน (ครึ่งปีหลัง)
A117: 114 | B117: เตียงเหล็ก 3.5 RUNA สีขาว | C117: 33 | D117: 3200 | E117: =+C117*D117 -> 105600 | F117: กลุ่มภารกิจด้านการพยาบาล | G117: งานบ้านงานครัว | H117: =+H116 -> นอกแผนอนุมัติ เข้าแผน (ครึ่งปีหลัง)
A118: 115 | B118: ตู้ล็อกเกอร์ LK-9 ขาวมุก BTR (9 ช่อง) | C118: 1 | D118: 6400 | E118: =+C118*D118 -> 6400 | F118: กลุ่มภารกิจด้านการพยาบาล | G118: งานบ้านงานครัว | H118: =+H117 -> นอกแผนอนุมัติ เข้าแผน (ครึ่งปีหลัง)
A119: 116 | B119: ตู้เย็น ขนาด 7.3 คิว | C119: 2 | D119: 8690 | E119: =+C119*D119 -> 17380 | F119: กลุ่มภารกิจด้านการพยาบาล | G119: งานบ้านงานครัว | H119: =+H118 -> นอกแผนอนุมัติ เข้าแผน (ครึ่งปีหลัง)
A120: 117 | B120: โถสุขภัณฑ์แบบนั่งราบและชุดสายชำระ พร้อมติดตั้ง | C120: 19 | D120: 3524.58 | E120: =+C120*D120 -> 66967.02 | F120: กลุ่มภารกิจด้านการพยาบาล | G120: งานบ้านงานครัว | H120: =+H119 -> นอกแผนอนุมัติ เข้าแผน (ครึ่งปีหลัง)
A121: 118 | B121: ผ้าม่านสำหรับกั้นเตียงผู้ป่วย | C121: 40 | D121: 2477.5 | E121: =+C121*D121 -> 99100 | F121: หอผู้ป่วยศัลยกรรมประสาท | G121: งานบ้านงานครัว | H121: =+H120 -> นอกแผนอนุมัติ เข้าแผน (ครึ่งปีหลัง)
A122: 119 | B122: หม้อต้มน้ำร้อน | C122: 1 | D122: 22950 | E122: =+C122*D122 -> 22950 | F122: หอผู้ป่วยสูติกรรมหลังคลอด | G122: งานบ้านงานครัว | H122: =+H121 -> นอกแผนอนุมัติ เข้าแผน (ครึ่งปีหลัง)
A123: 120 | B123: ไมโครเวฟ ขนาด 20 ลิตร | C123: 1 | D123: 2450.3 | E123: =+C123*D123 -> 2450.3 | F123: หอผู้ป่วยพิเศษอายุรกรรมชั้น 4 | G123: งานบ้านงานครัว | H123: =+H122 -> นอกแผนอนุมัติ เข้าแผน (ครึ่งปีหลัง)
A124: 121 | B124: ไมโคเวฟ ขนาด 28 ลิตร | C124: 1 | D124: 3900 | E124: =+C124*D124 -> 3900 | F124: หอผู้ป่วยพิเศษอายุรกรรมชั้น 4 | G124: งานบ้านงานครัว | H124: =+H123 -> นอกแผนอนุมัติ เข้าแผน (ครึ่งปีหลัง)
A125: 122 | B125: เครื่องไมโครเวฟ | C125: 1 | D125: 3900 | E125: =+C125*D125 -> 3900 | F125: หอผู้ป่วยทารกแรกเกิด | G125: งานบ้านงานครัว | H125: =+H124 -> นอกแผนอนุมัติ เข้าแผน (ครึ่งปีหลัง)
... A134: 131 | B134: ตู้กดน้ำร้อน-น้ำเย็น 2 หัวก๊อก | C134: 1 | D134: 3900 | E134: =+C134*D134 -> 3900 | F134: กลุ่มงานเภสัชกรรม | G134: งานบ้านงานครัว | H134: =+H133 -> นอกแผนอนุมัติ เข้าแผน (ครึ่งปีหลัง)
D135: รวม | E135: =SUM(E109:E134) -> 4764820.3
A136: 132 | B136: ไมโครโฟนไร้สาย รุ่น TOA | C136: 2 | D136: 7500 | E136: =C136*D136 -> 15000 | F136: OPD อายุรกรรม | G136: โฆษณาและเผยแพร่
A137: 133 | B137: จอ LED หน้า รพ. | C137: 1 | D137: 1000000 | E137: =+C137*D137 -> 1000000 | F137: กลุ่มงานบริหารทั่วไป | G137: โฆษณาและเผยแพร่
A138: 134 | B138: เครื่องขยายเสียง | C138: 1 | D138: 4800 | E138: =+C138*D138 -> 4800 | F138: งานผู้ป่วยนอก | G138: โฆษณาและเผยแพร่ | H138: =+H134 -> นอกแผนอนุมัติ เข้าแผน (ครึ่งปีหลัง)
A139: 135 | B139: ไมโครโฟนแบบไร้สาย ชนิดมือถือ | C139: 2 | D139: 11235 | E139: =+C139*D139 -> 22470 | F139: งานผู้ป่วยนอก | G139: โฆษณาและเผยแพร่
A140: 136 | B140: เครื่องขยายเสียง | C140: 1 | D140: 55533 | E140: =+C140*D140 -> 55533 | F140: งานผู้ป่วยนอก | G140: โฆษณาและเผยแพร่
A141: 137 | B141: ไมโครโฟนคู่ไร้สาย | C141: 1 | D141: 5025 | E141: =+C141*D141 -> 5025 | F141: งานผู้ป่วยนอก (นรีเวชกรรม) | G141: โฆษณาและเผยแพร่
A142: 138 | B142: ไมโครโฟนชนิดมือถือมีสาย สายไมโครโฟนยาว 5 เมตร | C142: 1 | D142: 2685.7 | E142: =+C142*D142 -> 2685.7 | F142: งานอุบัติเหตุและฉุกเฉิน | G142: โฆษณาและเผยแพร่
A143: 139 | B143: ชุดไมโครโฟนมือถือแบบมีสาย | C143: 2 | D143: 1701.3 | E143: =+C143*D143 -> 3402.6 | F143: กลุ่มงานเภสัชกรรม | G143: โฆษณาและเผยแพร่
A144: 140 | B144: สายไมโครโฟนยาว 10 เมตร | C144: 4 | D144: 1519.4 | E144: =+C144*D144 -> 6077.6 | F144: กลุ่มงานเภสัชกรรม | G144: โฆษณาและเผยแพร่
D145: รวม | E145: =SUM(E136:E144) -> 1114993.9
A146: 141 | B146: รถพยาบาล (รถตู้) ปริมาตรกระบอกสูบไม่ต่ำกว่า 2,400 ซีซี หรือกำลังเครื่องยนต์สูงสุดไม่ต่ำกว่า 90 กิโลวัตต์ | C146: 1 | D146: 2500000 | E146: =+C146*D146 -> 2500000 | F146: กลุ่มงานบริหารทั่วไป | G146: ยานพาหนะ | H146: 5.เผยแพร่ร่าง TOR
D147: รวม | E147: =SUM(E146) -> 2500000
A148: 142 | B148: ประตูบานคู่เปิดปิดอัตโนมัติ 2 ชุด | C148: 2 | D148: 495000 | E148: =+C148*D148 -> 990000 | F148: ห้องผ่าตัด | G148: สำนักงาน | H148: 12.ครบกำหนดส่งมอบ
A149: 143 | B149: ก็อกน้ำเซนเซอร์ | C149: 71 | D149: 7000 | E149: =C149*D149 -> 497000 | F149: กลุ่มการพยาบาล | G149: สำนักงาน
A150: 144 | B150: รถเข็นสแตนเลสทำการพยาบาล 3 ลิ้นชัก | C150: 1 | D150: 15000 | E150: =+C150*D150 -> 15000 | F150: กลุ่มงานสูติ-นรีเวชกรรม | G150: สำนักงาน
A151: 145 | B151: โต๊ะวางชุดทำความสะอาด | C151: 2 | D151: 6500 | E151: =+C151*D151 -> 13000 | F151: กลุ่มงานสูติ-นรีเวชกรรม | G151: สำนักงาน
A152: 146 | B152: รถเข็นสแตนเลส 2 ชั้น | C152: 1 | D152: 10000 | E152: =+C152*D152 -> 10000 | F152: กลุ่มงานสูติ-นรีเวชกรรม | G152: สำนักงาน
A153: 147 | B153: ชั้นวางของชนิด 4 ชั้น | C153: 1 | D153: 50000 | E153: =+C153*D153 -> 50000 | F153: กลุ่มงานสูติ-นรีเวชกรรม | G153: สำนักงาน
A154: 148 | B154: ถังขยะ มีล้อ | C154: 2 | D154: 4500 | E154: =+C154*D154 -> 9000 | F154: กลุ่มงานสูติ-นรีเวชกรรม | G154: สำนักงาน
A155: 149 | B155: เก้าอี้มีล้อหมุน ปรับขนาดได้ | C155: 2 | D155: 3950 | E155: =+C155*D155 -> 7900 | F155: กลุ่มงานสูติ-นรีเวชกรรม | G155: สำนักงาน
A156: 150 | B156: โครงเหล็กใส่ถุงผ้า | C156: 2 | D156: 3950 | E156: =+C156*D156 -> 7900 | F156: กลุ่มงานสูติ-นรีเวชกรรม | G156: สำนักงาน
A157: 151 | B157: โทรทัศน์ ขนาด 32 นิ้ว | C157: 1 | D157: 5590 | E157: 5590 | F157: หอผู้ป่วยสงฆ์อาพาธ | G157: สำนักงาน
A158: 152 | B158: เก้าอี้ไม่มีล้อ ปรับขึ้นลงได้ | C158: 1 | D158: 4000 | E158: =+C158*D158 -> 4000 | F158: กลุ่มงานสูติ-นรีเวชกรรม | G158: สำนักงาน
A159: 153 | B159: ไม้รองขา | C159: 2 | D159: 1950 | E159: =+C159*D159 -> 3900 | F159: กลุ่มงานสูติ-นรีเวชกรรม | G159: สำนักงาน
A160: 154 | B160: รถเข็นแบบพับได้ ขนาด 48.5x40x86 cm. | C160: 1 | D160: 1590 | E160: =+C160*D160 -> 1590 | F160: หน่วยบริการปฐมภูมิ สาขาหยี่เต้ง | G160: สำนักงาน | H160: =+H112 -> รายการใหม่ปรับแผน(ครึ่งปีหลัง)
A161: 155 | B161: เครื่องปรับอากาศ ขนาด 18000 BTU | C161: 3 | D161: 15200 | E161: =+C161*D161 -> 45600 | F161: กลุ่มภารกิจด้านการพยาบาล | G161: สำนักงาน | H161: =+H138 -> นอกแผนอนุมัติ เข้าแผน (ครึ่งปีหลัง)
...

Sheet รายการครุภัณฑ์ปรับ
A1: แผนรายจ่ายรายการครุภัณฑ์ เงินบำรุง ประจำปีงบประมาณ พ.ศ. 2568
A2: ลำดับ | B2: รายการ | C2: จำนวน (หน่วย) | D2: จำนวน (บาท/หน่วย) | E2: วงเงิน งบประมาณ (บาท) | F2: หน่วยงาน | G2: ประเภทครุภัณฑ์ | H2: หมายเหตุ
A3: 1 | B3: สถานีและขยายเส้นทางระบบท่อลมรับ-ส่งพัสดุทางการแพทย์ จำนวน 1 ระบบ (2 สถานี) | C3: 1 | D3: 2247000 | E3: =C3*D3 -> 2247000 | F3: เภสัชกรรม | G3: การแพทย์ | H3: บริษัทฯไม่สามารถเข้างานได้ รอทางเชื่อมระหว่างอาคารบ้านคุณพุ่มไปอาคาร298
A4: 2 | B4: เครื่องดมยาพร้อมเครื่องช่วยหายใจพร้อมเครื่องติดตามสัญญาณชีพ | C4: 1 | D4: 2200000 | E4: =C4*D4 -> 2200000 | F4: กลุ่มงาน สูติ-นรีเวชกรรม | G4: การแพทย์ | H4: เบิกจ่ายแล้ว
A5: 3 | B5: เตียงผ่าตัดทั่วไประบบไฟฟ้า | C5: 1 | D5: 1760000 | E5: =C5*D5 -> 1760000 | F5: กลุ่มงาน สูติ-นรีเวชกรรม | G5: การแพทย์ | H5: เบิกจ่ายแล้ว
A6: 4 | B6: โคมไฟผ่าตัดใหญ่ | C6: 1 | D6: 1450000 | E6: =C6*D6 -> 1450000 | F6: กลุ่มงาน สูติ-นรีเวชกรรม | G6: การแพทย์ | H6: เบิกจ่ายแล้ว
A7: 5 | B7: เลนส์สำหรับผ่าตัดผ่านกล้องในช่องท้องชนิดวิดีทัศน์ 10 มม 30 องศา | C7: 1 | D7: 1250000 | E7: 1250000 | F7: ห้องผ่าตัด | G7: การแพทย์ | H7: เบิกจ่ายแล้ว
A8: 6 | B8: Removal of Ethylene oxide by catalytic system (เครื่องระบายแก๊สเอทธิลีนออกไซด์ด้วยระบบการเร่งปฏิกิริยา) | C8: 1 | D8: 1200000 | E8: =C8*D8 -> 1200000 | F8: งานจ่ายกลาง | G8: การแพทย์ | H8: เบิกจ่ายแล้ว
A9: 7 | B9: เครื่อง High flow oxygen | C9: 2 | D9: 250000 | E9: =C9*D9 -> 500000 | F9: Sick newborn (1/2) | G9: การแพทย์ | H9: เบิกจ่ายแล้ว
A10: 8 | B10: ระบบเรียกพยาบาล Nurse call System | C10: 1 | D10: 499476 | E10: =C10*D10 -> 499476 | F10: หอผู้ป่วยศัลยกรรมกระดูก | G10: การแพทย์ | H10: 257067.5 | I10: 257067.5
