Workbook

Sheet 1-30 มิย.63-เงินสด
A1: รายงานสรุปค่ารักษาพยาบาลประจำวัน
A2: ประจำเดือน สิงหาคม 2563
A3: รายการ / วันที่ | C3: 1 พค.63 | E3: 2 พค.63 | G3: 3 พค.63 | I3: 4 พค.63 | K3: 5 พค.63 | M3: 6 พค.63 | O3: 7 พค.63 | Q3: 8 พค.63 | S3: 9 พค.63 | U3: 10 พค.63 | W3: 11 พค.63 | Y3: 12 พค.63 | AA3: 13 พค.63 | AC3: 14 พค.63 | AE3: 15 พค.63 | AG3: 16 พค.63 | AI3: 17 พค.63 | AK3: 18 พค.63 | AM3: 19 พค.63 | AO3: 20 พค.63 | AQ3: 21 พค.63 | AS3: 22 พค.63 | AU3: 23 พค.63 | AW3: 24 พค.63 | AY3: 25 พค.63 | BA3: 26 พค.63 | BC3: 27 พค.63 | BE3: 28 พค.63 | BG3: 29 พค.63 | BI3: 30 พค.63 | BK3: 31 พค.63 | BM3: รวม | BO3: 1-30 Report | BQ3: ผลต่าง
A4: ลำดับ | B4: สิทธิการรักษา | C4: ราย | D4: จำนวนเงิน | E4: ราย | F4: จำนวนเงิน | G4: ราย | H4: จำนวนเงิน | I4: ราย | J4: จำนวนเงิน | K4: ราย | L4: จำนวนเงิน | M4: ราย | N4: จำนวนเงิน | O4: ราย | P4: จำนวนเงิน | Q4: ราย | R4: จำนวนเงิน | S4: ราย | T4: จำนวนเงิน | U4: ราย | V4: จำนวนเงิน | W4: ราย | X4: จำนวนเงิน | Y4: ราย | Z4: จำนวนเงิน | AA4: ราย | AB4: จำนวนเงิน | AC4: ราย | AD4: จำนวนเงิน | AE4: ราย | AF4: จำนวนเงิน | AG4: ราย | AH4: จำนวนเงิน | AI4: ราย | AJ4: จำนวนเงิน | AK4: ราย | AL4: จำนวนเงิน | AM4: ราย | AN4: จำนวนเงิน | AO4: ราย | AP4: จำนวนเงิน | AQ4: ราย | AR4: จำนวนเงิน | AS4: ราย | AT4: จำนวนเงิน | AU4: ราย | AV4: จำนวนเงิน | AW4: ราย | AX4: จำนวนเงิน | AY4: ราย | AZ4: จำนวนเงิน | BA4: ราย | BB4: จำนวนเงิน | BC4: ราย | BD4: จำนวนเงิน | BE4: ราย | BF4: จำนวนเงิน | BG4: ราย | BH4: จำนวนเงิน | BI4: ราย | BJ4: จำนวนเงิน | BK4: ราย | BL4: จำนวนเงิน | BM4: ราย | BN4: จำนวนเงิน | BO4: ราย | BP4: จำนวนเงิน | BQ4: ราย | BR4: จำนวนเงิน
A5: 1 | B5: ชำระเงินสด (OPD) | C5: =+'01'!C4 -> 0 | D5: =+'01'!D4 -> 0 | E5: =+'02'!C4 -> 0 | F5: =+'02'!D4 -> 0 | G5: =+'03'!C4 -> 0 | H5: =+'03'!D4 -> 0 | I5: =+'04'!C4 -> 0 | J5: =+'04'!D4 -> 0 | K5: =+'05'!C4 -> 0 | L5: =+'05'!D4 -> 0 | M5: =+'06'!C4 -> 0 | N5: =+'06'!D4 -> 0 | O5: =+'07'!C4 -> 0 | P5: =+'07'!D4 -> 0 | Q5: =+'08'!C4 -> 0 | R5: =+'08'!D4 -> 0 | S5: =+'09'!C4 -> 0 | T5: =+'09'!D4 -> 0 | U5: =+'10'!C4 -> 0 | V5: =+'10'!D4 -> 0 | W5: =+'11'!C4 -> 0 | X5: =+'11'!D4 -> 0 | Y5: =+'12'!C4 -> 0 | Z5: =+'12'!D4 -> 0 | AA5: =+'13'!C4 -> 0 | AB5: =+'13'!D4 -> 0 | AC5: =+'14'!C4 -> 0 | AD5: =+'14'!D4 -> 0 | AE5: =+'15'!C4 -> 0 | AF5: =+'15'!D4 -> 0 | AG5: =+'16'!C4 -> 0 | AH5: =+'16'!D4 -> 0 | AI5: =+'17'!C4 -> 0 | AJ5: =+'17'!D4 -> 0 | AK5: =+'18'!C4 -> 0 | AL5: =+'18'!D4 -> 0 | AM5: =+'19'!C4 -> 0 | AN5: =+'19'!D4 -> 0 | AO5: =+'20'!C4 -> 0 | AP5: =+'20'!D4 -> 0 | AQ5: =+'21'!C4 -> 0 | AR5: =+'21'!D4 -> 0 | AS5: =+'22'!C4 -> 0 | AT5: =+'22'!D4 -> 0 | AU5: =+'23'!C4 -> 0 | AV5: =+'23'!D4 -> 0 | AW5: =+'24'!C4 -> 0 | AX5: =+'24'!D4 -> 0 | AY5: =+'25'!C4 -> 0 | AZ5: =+'25'!D4 -> 0 | BA5: =+'26'!C4 -> 0 | BB5: =+'26'!D4 -> 0 | BC5: =+'27'!C4 -> 0 | BD5: =+'27'!D4 -> 0 | BE5: =+'28'!C4 -> 0 | BF5: =+'28'!D4 -> 0 | BG5: =+'29'!C4 -> 0 | BH5: =+'29'!D4 -> 0 | BI5: =+'30'!C4 -> 0 | BJ5: =+'30'!D4 -> 0 | BK5: =+'31'!C4 -> 0 | BL5: =+'31'!D4 -> 0 | BM5: =+C5+E5+G5+I5+K5+M5+O5+Q5+S5+U5+W5+Y5+AA5+AC5+AE5+AG5+AI5+AK5+AM5+AO5+AQ5+AS5+AU5+AW5+AY5+BA5+BC5+BE5+BG5+BI5+BK5 -> 0 | BN5: =+D5+F5+H5+J5+L5+N5+P5+R5+T5+V5+X5+Z5+AB5+AD5+AF5+AH5+AJ5+AL5+AN5+AP5+AR5+AT5+AV5+AX5+AZ5+BB5+BD5+BF5+BH5+BJ5+BL5 -> 0 | BO5: 11321 | BP5: 5259401.1 | BQ5: =+BM5-BO5 -> -11321 | BR5: =+BN5-BP5 -> -5259401.1
A6: 2 | B6: ชำระเงินสด (IPD) | C6: =+'01'!C5 -> 0 | D6: =+'01'!D5 -> 0 | E6: =+'02'!C5 -> 0 | F6: =+'02'!D5 -> 0 | G6: =+'03'!C5 -> 0 | H6: =+'03'!D5 -> 0 | I6: =+'04'!C5 -> 0 | J6: =+'04'!D5 -> 0 | K6: =+'05'!C5 -> 0 | L6: =+'05'!D5 -> 0 | M6: =+'06'!C5 -> 0 | N6: =+'06'!D5 -> 0 | O6: =+'07'!C5 -> 0 | P6: =+'07'!D5 -> 0 | Q6: =+'08'!C5 -> 0 | R6: =+'08'!D5 -> 0 | S6: =+'09'!C5 -> 0 | T6: =+'09'!D5 -> 0 | U6: =+'10'!C5 -> 0 | V6: =+'10'!D5 -> 0 | W6: =+'11'!C5 -> 0 | X6: =+'11'!D5 -> 0 | Y6: =+'12'!C5 -> 0 | Z6: =+'12'!D5 -> 0 | AA6: =+'13'!C5 -> 0 | AB6: =+'13'!D5 -> 0 | AC6: =+'14'!C5 -> 0 | AD6: =+'14'!D5 -> 0 | AE6: =+'15'!C5 -> 0 | AF6: =+'15'!D5 -> 0 | AG6: =+'16'!C5 -> 0 | AH6: =+'16'!D5 -> 0 | AI6: =+'17'!C5 -> 0 | AJ6: =+'17'!D5 -> 0 | AK6: =+'18'!C5 -> 0 | AL6: =+'18'!D5 -> 0 | AM6: =+'19'!C5 -> 0 | AN6: =+'19'!D5 -> 0 | AO6: =+'20'!C5 -> 0 | AP6: =+'20'!D5 -> 0 | AQ6: =+'21'!C5 -> 0 | AR6: =+'21'!D5 -> 0 | AS6: =+'22'!C5 -> 0 | AT6: =+'22'!D5 -> 0 | AU6: =+'23'!C5 -> 0 | AV6: =+'23'!D5 -> 0 | AW6: =+'24'!C5 -> 0 | AX6: =+'24'!D5 -> 0 | AY6: =+'25'!C5 -> 0 | AZ6: =+'25'!D5 -> 0 | BA6: =+'26'!C5 -> 0 | BB6: =+'26'!D5 -> 0 | BC6: =+'27'!C5 -> 0 | BD6: =+'27'!D5 -> 0 | BE6: =+'28'!C5 -> 0 | BF6: =+'28'!D5 -> 0 | BG6: =+'29'!C5 -> 0 | BH6: =+'29'!D5 -> 0 | BI6: =+'30'!C5 -> 0 | BJ6: =+'30'!D5 -> 0 | BK6: =+'31'!C5 -> 0 | BL6: =+'31'!D5 -> 0 | BM6: =+C6+E6+G6+I6+K6+M6+O6+Q6+S6+U6+W6+Y6+AA6+AC6+AE6+AG6+AI6+AK6+AM6+AO6+AQ6+AS6+AU6+AW6+AY6+BA6+BC6+BE6+BG6+BI6+BK6 -> 0 | BN6: =+D6+F6+H6+J6+L6+N6+P6+R6+T6+V6+X6+Z6+AB6+AD6+AF6+AH6+AJ6+AL6+AN6+AP6+AR6+AT6+AV6+AX6+AZ6+BB6+BD6+BF6+BH6+BJ6+BL6 -> 0 | BO6: 2255 | BP6: 8615754.8 | BQ6: =+BM6-BO6 -> -2255 | BR6: =+BN6-BP6 -> -8615754.8
B7: รวมเงิน | C7: =SUM(C5:C6) -> 0 | D7: =SUM(D5:D6) -> 0 | E7: =SUM(E5:E6) -> 0 | F7: =SUM(F5:F6) -> 0 | G7: =SUM(G5:G6) -> 0 | H7: =SUM(H5:H6) -> 0 | I7: =SUM(I5:I6) -> 0 | J7: =SUM(J5:J6) -> 0 | ... BQ7: =SUM(BQ5:BQ6) -> -13576 | BR7: =+BN7-BP7 -> -13875156
BP9: *** ผลต่างจุดทศนิยมจากโปรแกรมทศนิยม 3 ตำแหน่ง

Sheet 1-12 กค.63-ส้ม-
A1: รายงานสรุปค่ารักษาพยาบาลประจำวัน
A2: ประจำเดือน สิงหาคม 2563
A3: รายการ / วันที่ | C3: 1 มค.64 | D3: 2 มค.64 | E3: 3 มค.64 | F3: 4 มค.64 | G3: 5 มค.64 | H3: 6 มค.64 | I3: 7 มค.64 | J3: 8 มค.64 | K3: 9 มค.64 | L3: 10 มค.64 | M3: 11 มค.64 | N3: 12 มค.64 | O3: 13 มค.64 | P3: 14 มค.64 | Q3: 15 มค.64 | R3: 16 มค.64 | S3: 17 มค.64 | T3: 18 มค.64 | U3: 19 มค.64 | V3: 20 มค.64 | W3: 21 มค.64 | X3: 22 มค.64 | Y3: 23 มค.64 | Z3: 24 มค.64 | AA3: 25 มค.64 | AB3: 26 มค.64 | AC3: 27 มค.64 | AD3: 28 มค.64 | AE3: 29 มค.64 | AF3: 30 มค.64 | AG3: 31 มค.64 | AH3: รวม
A4: ลำดับ | B4: สิทธิการรักษา | C4: จำนวนเงิน | D4: จำนวนเงิน | E4: จำนวนเงิน | F4: จำนวนเงิน | G4: จำนวนเงิน | H4: จำนวนเงิน | I4: จำนวนเงิน | J4: จำนวนเงิน | K4: จำนวนเงิน | L4: จำนวนเงิน | M4: จำนวนเงิน | N4: จำนวนเงิน | O4: จำนวนเงิน | P4: จำนวนเงิน | Q4: จำนวนเงิน | R4: จำนวนเงิน | S4: จำนวนเงิน | T4: จำนวนเงิน | U4: จำนวนเงิน | V4: จำนวนเงิน | W4: จำนวนเงิน | X4: จำนวนเงิน | Y4: จำนวนเงิน | Z4: จำนวนเงิน | AA4: จำนวนเงิน | AB4: จำนวนเงิน | AC4: จำนวนเงิน | AD4: จำนวนเงิน | AE4: จำนวนเงิน | AF4: จำนวนเงิน | AG4: จำนวนเงิน | AH4: จำนวนเงิน
A5: 1 | B5: ชำระเงินสด (OPD) >>ไม่ลงบ/ช.<< | C5: =+'01'!D4 -> 0 | D5: =+'02'!D4 -> 0 | E5: =+'03'!D4 -> 0 | F5: =+'04'!D4 -> 0 | G5: =+'05'!D4 -> 0 | H5: =+'06'!D4 -> 0 | I5: =+'06'!D4 -> 0 | J5: =+'08'!D4 -> 0 | K5: =+'09'!D4 -> 0 | L5: =+'10'!D4 -> 0 | M5: =+'11'!D4 -> 0 | N5: =+'12'!D4 -> 0 | AH5: =+C5+D5+E5+F5+G5+H5+I5+J5+K5+L5+M5+N5+O5+P5+Q5+R5+S5+T5+U5+V5+W5+X5+Y5+Z5+AA5+AB5+AC5+AD5+AE5+AF5+AG5 -> 0
A6: 2 | B6: ชำระเงินสด (IPD) >>ไม่ลงบ/ช.<< | C6: =+'01'!D5 -> 0 | D6: =+'02'!D5 -> 0 | E6: =+'03'!D5 -> 0 | F6: =+'04'!D5 -> 0 | G6: =+'05'!D5 -> 0 | H6: =+'06'!D5 -> 0 | I6: =+'06'!D5 -> 0 | J6: =+'08'!D5 -> 0 | K6: =+'09'!D5 -> 0 | L6: =+'10'!D5 -> 0 | M6: =+'11'!D5 -> 0 | N6: =+'12'!D5 -> 0 | AH6: =+C6+D6+E6+F6+G6+H6+I6+J6+K6+L6+M6+N6+O6+P6+Q6+R6+S6+T6+U6+V6+W6+X6+Y6+Z6+AA6+AB6+AC6+AD6+AE6+AF6+AG6 -> 0
A7: 3 | B7: เบิกกรมบัญชีกลาง (OPD) ((1.3)) | C7: =+'01'!D6 -> 1196065.4 | D7: =+'02'!D6 -> 991915.36 | E7: =+'03'!D6 -> 1013029.4 | F7: =+'04'!D6 -> 1091659.6 | G7: =+'05'!D6 -> 201880 | H7: =+'06'!D6 -> 258386.09 | I7: =+'07'!D6 -> 1297943.5 | J7: =+'08'!D6 -> 996194.45 | K7: =+'09'!D6 -> 1017542.3 | L7: =+'10'!D6 -> 1108876.4 | M7: =+'11'!D6 -> 986978.24 | N7: =+'12'!D6 -> 110870.75 | AH7: =+C7+D7+E7+F7+G7+H7+I7+J7+K7+L7+M7+N7+O7+P7+Q7+R7+S7+T7+U7+V7+W7+X7+Y7+Z7+AA7+AB7+AC7+AD7+AE7+AF7+AG7 -> 10271341 | AK7: =+AH7-AJ7 -> 10271341
B8: เบิกกรมบัญชีกลาง (OPD) ไตเทียม ((1.4)) | C8: =+'01'!D8 -> 0 | D8: =+'02'!D8 -> 0 | E8: =+'03'!D8 -> 0 | F8: =+'04'!D8 -> 0 | G8: =+'05'!D8 -> 0 | H8: =+'06'!D8 -> 0 | I8: =+'07'!D8 -> 0 | J8: =+'08'!D8 -> 0 | K8: =+'09'!D8 -> 0 | L8: =+'10'!D8 -> 0 | M8: =+'11'!D8 -> 0 | N8: =+'12'!D8 -> 0 | AH8: =+C8+D8+E8+F8+G8+H8+I8+J8+K8+L8+M8+N8+O8+P8+Q8+R8+S8+T8+U8+V8+W8+X8+Y8+Z8+AA8+AB8+AC8+AD8+AE8+AF8+AG8 -> 0 | AK8: =+AH8-AJ8 -> 0
A9: 4 | B9: เบิกกรมบัญชีกลาง (IPD) ((1.5)) | C9: =+'01'!D9 -> 14625.57 | D9: =+'02'!D9 -> 10241.75 | E9: =+'03'!D9 -> 1002440.3 | F9: =+'04'!D9 -> 301960.54 | G9: =+'05'!D9 -> 2011182.8 | H9: =+'06'!D9 -> 119707.28 | I9: =+'07'!D9 -> 395076.87 | J9: =+'08'!D9 -> 39275.5 | K9: =+'09'!D9 -> 606366.98 | L9: =+'10'!D9 -> 520167.66 | M9: =+'11'!D9 -> 511836.05 | N9: =+'12'!D9 -> 97675.5 | AH9: =+C9+D9+E9+F9+G9+H9+I9+J9+K9+L9+M9+N9+O9+P9+Q9+R9+S9+T9+U9+V9+W9+X9+Y9+Z9+AA9+AB9+AC9+AD9+AE9+AF9+AG9 -> 5630556.8 | AK9: =+AH9-AJ9 -> 5630556.8
B10: เบิกกรมบัญชีกลาง (IPD) ไตเทียม ((1.1)) | C10: =+'01'!D11 -> 0 | D10: =+'02'!D11 -> 0 | E10: =+'03'!D11 -> 0 | F10: =+'04'!D11 -> 0 | G10: =+'05'!D11 -> 0 | H10: =+'06'!D11 -> 0 | I10: =+'07'!D11 -> 0 | J10: =+'08'!D11 -> 0 | K10: =+'09'!D11 -> 0 | L10: =+'10'!D11 -> 0 | M10: =+'11'!D11 -> 0 | N10: =+'12'!D11 -> 0 | AH10: =+C10+D10+E10+F10+G10+H10+I10+J10+K10+L10+M10+N10+O10+P10+Q10+R10+S10+T10+U10+V10+W10+X10+Y10+Z10+AA10+AB10+AC10+AD10+AE10+AF10+AG10 -> 0 | AK10: =+AH10-AJ10 -> 0
A11: 5 | B11: องค์กรปกครองส่วนท้องถิ่น (OPD) ((3.6)) | C11: =+'01'!D12 -> 250757 | D11: =+'02'!D12 -> 204218.5 | E11: =+'03'!D12 -> 99684.5 | F11: =+'04'!D12 -> 173171.75 | G11: =+'05'!D12 -> 8111.5 | H11: =+'06'!D12 -> 2595 | I11: =+'07'!D12 -> 194220.5 | J11: =+'08'!D12 -> 148808.5 | K11: =+'09'!D12 -> 221222.5 | L11: =+'10'!D12 -> 98994.25 | M11: =+'11'!D12 -> 101994.75 | N11: =+'12'!D12 -> 11465.25 | AH11: =+C11+D11+E11+F11+G11+H11+I11+J11+K11+L11+M11+N11+O11+P11+Q11+R11+S11+T11+U11+V11+W11+X11+Y11+Z11+AA11+AB11+AC11+AD11+AE11+AF11+AG11 -> 1515244 | AK11: =+AH11-AJ11 -> 1515244
B12: องค์กรปกครองส่วนท้องถิ่น (OPD) ไตเทียม ((3.6)) | C12: =+'01'!D13 -> 0 | D12: =+'02'!D13 -> 0 | E12: =+'03'!D13 -> 0 | F12: =+'04'!D13 -> 0 | G12: =+'05'!D13 -> 0 | H12: =+'06'!D13 -> 0 | I12: =+'07'!D13 -> 0 | J12: =+'08'!D13 -> 0 | K12: =+'09'!D13 -> 0 | L12: =+'10'!D13 -> 0 | M12: =+'11'!D13 -> 0 | N12: =+'12'!D13 -> 0 | AH12: =+C12+D12+E12+F12+G12+H12+I12+J12+K12+L12+M12+N12+O12+P12+Q12+R12+S12+T12+U12+V12+W12+X12+Y12+Z12+AA12+AB12+AC12+AD12+AE12+AF12+AG12 -> 0 | AK12: =+AH12-AJ12 -> 0
A13: 6 | B13: องค์กรปกครองส่วนท้องถิ่น (IPD) ((3.5)) | C13: =+'01'!D14 -> 0 | D13: =+'02'!D14 -> 0 | E13: =+'03'!D14 -> 251744.69 | F13: =+'04'!D14 -> 28292.75 | G13: =+'05'!D14 -> 97963 | H13: =+'06'!D14 -> 18868.54 | I13: =+'07'!D14 -> 19090 | J13: =+'08'!D14 -> 0 | K13: =+'09'!D14 -> 29935.54 | L13: =+'10'!D14 -> 27436.75 | M13: =+'11'!D14 -> 27597.75 | N13: =+'12'!D14 -> 18074.75 | AH13: =+C13+D13+E13+F13+G13+H13+I13+J13+K13+L13+M13+N13+O13+P13+Q13+R13+S13+T13+U13+V13+W13+X13+Y13+Z13+AA13+AB13+AC13+AD13+AE13+AF13+AG13 -> 519003.77 | AK13: =+AH13-AJ13 -> 519003.77
B14: องค์กรปกครองส่วนท้องถิ่น (IPD) ไตเทียม ((3.5)) | C14: =+'01'!D15 -> 0 | D14: =+'02'!D15 -> 0 | E14: =+'03'!D15 -> 0 | F14: =+'04'!D15 -> 0 | G14: =+'05'!D15 -> 0 | H14: =+'06'!D15 -> 0 | I14: =+'07'!D15 -> 0 | J14: =+'08'!D15 -> 0 | K14: =+'09'!D15 -> 0 | L14: =+'10'!D15 -> 12192 | M14: =+'11'!#REF! -> #REF! | N14: =+'12'!D15 -> 0 | AH14: =+C14+D14+E14+F14+G14+H14+I14+J14+K14+L14+M14+N14+O14+P14+Q14+R14+S14+T14+U14+V14+W14+X14+Y14+Z14+AA14+AB14+AC14+AD14+AE14+AF14+AG14 -> #REF! | AK14: =+AH14-AJ14 -> #REF!
A15: 7 | B15: สิทธิ พรบ. เรียกเก็บ OPD ((2.2)) | C15: =+'01'!D16 -> 7239 | D15: =+'02'!D16 -> 30121 | E15: =+'03'!D16 -> 58020 | F15: =+'04'!D16 -> 19277.5 | G15: =+'05'!D16 -> 23759.75 | H15: =+'06'!D16 -> 10755 | I15: =+'07'!D16 -> 20087 | J15: =+'08'!D16 -> 24517.75 | K15: =+'09'!D16 -> 24679.25 | L15: =+'10'!D16 -> 12590.25 | M15: =+'11'!D16 -> 31367.5 | N15: =+'12'!D16 -> 33764.2 | AH15: =+C15+D15+E15+F15+G15+H15+I15+J15+K15+L15+M15+N15+O15+P15+Q15+R15+S15+T15+U15+V15+W15+X15+Y15+Z15+AA15+AB15+AC15+AD15+AE15+AF15+AG15 -> 296178.2 | AK15: =+AH15-AJ15 -> 296178.2
B16: สิทธิ พรบ. เรียกเก็บ IPD ((2.1)) | C16: =+'01'!D17 -> 127214 | D16: =+'02'!D17 -> 11539 | E16: =+'03'!D17 -> 154651.5 | F16: =+'04'!D17 -> 205807.5 | G16: =+'05'!D17 -> 50020.05 | H16: =+'06'!D17 -> 61025.29 | I16: =+'07'!D17 -> 36617.5 | J16: =+'08'!D17 -> 110000 | K16: =+'09'!D17 -> 118398.25 | L16: =+'10'!D17 -> 68207 | M16: =+'11'!D17 -> 52150 | N16: =+'12'!D17 -> 18635 | AH16: =+C16+D16+E16+F16+G16+H16+I16+J16+K16+L16+M16+N16+O16+P16+Q16+R16+S16+T16+U16+V16+W16+X16+Y16+Z16+AA16+AB16+AC16+AD16+AE16+AF16+AG16 -> 1014265.1 | AK16: =+AH16-AJ16 -> 1014265.1
A17: 8 | B17: สิทธิ ประกันชีวิต/ต่างประเทศ OPD ((3.2 OPD)) | C17: =+'01'!D18 -> 25213.75 | D17: =+'02'!D18 -> 27194.5 | E17: =+'03'!D18 -> 14609.61 | F17: =+'04'!D18 -> 5605.25 | G17: =+'05'!D18 -> 236441.6 | H17: =+'06'!D18 -> 99126.25 | I17: =+'07'!D18 -> 0 | J17: =+'08'!D18 -> 115636.25 | K17: =+'09'!D18 -> 1111 | L17: =+'10'!D18 -> 2200 | M17: =+'11'!D18 -> 15872.46 | N17: =+'12'!D18 -> 6342 | AH17: =+C17+D17+E17+F17+G17+H17+I17+J17+K17+L17+M17+N17+O17+P17+Q17+R17+S17+T17+U17+V17+W17+X17+Y17+Z17+AA17+AB17+AC17+AD17+AE17+AF17+AG17 -> 549352.67 | AK17: =+AH17-AJ17 -> 549352.67
B18: สิทธิ ประกันชีวิต/ต่างประเทศ IPD ((3.1 IPD)) | C18: =+'01'!D19 -> 125498.75 | D18: =+'02'!D19 -> 132334.75 | E18: =+'03'!D19 -> 192659.1 | F18: =+'04'!D19 -> 194130.65 | G18: =+'05'!D19 -> 89096 | H18: =+'06'!D19 -> 0 | I18: =+'07'!D19 -> 3809.75 | J18: =+'08'!D19 -> 1427767.2 | K18: =+'09'!D19 -> 128417.54 | L18: =+'10'!D19 -> 35649.25 | M18: =+'11'!D19 -> 263533.25 | N18: =+'12'!D19 -> 58909.97 | AH18: =+C18+D18+E18+F18+G18+H18+I18+J18+K18+L18+M18+N18+O18+P18+Q18+R18+S18+T18+U18+V18+W18+X18+Y18+Z18+AA18+AB18+AC18+AD18+AE18+AF18+AG18 -> 2651806.2 | AK18: =+AH18-AJ18 -> 2651806.2
A19: 9 | B19: เบิกต้นสังกัด/บริษัทห้างร้าน OPD ((3.4)) | C19: =+'01'!D20 -> 0 | D19: =+'02'!D20 -> 0 | E19: =+'03'!D20 -> 0 | F19: =+'04'!D20 -> 0 | G19: =+'05'!D20 -> 0 | H19: =+'06'!D20 -> 0 | I19: =+'07'!D20 -> 180409.49 | J19: =+'08'!D20 -> 168326.84 | K19: =+'09'!D20 -> 41760 | L19: =+'10'!D20 -> 0 | M19: =+'11'!D20 -> 0 | N19: =+'12'!D20 -> 0 | AH19: =+C19+D19+E19+F19+G19+H19+I19+J19+K19+L19+M19+N19+O19+P19+Q19+R19+S19+T19+U19+V19+W19+X19+Y19+Z19+AA19+AB19+AC19+AD19+AE19+AF19+AG19 -> 390496.33 | AK19: =+AH19-AJ19 -> 390496.33
B20: เบิกต้นสังกัด/บริษัทห้างร้าน IPD ((3.3)) | C20: =+'01'!D21 -> 0 | D20: =+'02'!D21 -> 0 | E20: =+'03'!D21 -> 0 | F20: =+'04'!D21 -> 0 | G20: =+'05'!D21 -> 0 | H20: =+'06'!D21 -> 0 | I20: =+'07'!D21 -> 0 | J20: =+'08'!D21 -> 366945.81 | K20: =+'09'!D21 -> 0 | L20: =+'10'!D21 -> 0 | M20: =+'11'!D21 -> 0 | N20: =+'12'!D21 -> 0 | AH20: =+C20+D20+E20+F20+G20+H20+I20+J20+K20+L20+M20+N20+O20+P20+Q20+R20+S20+T20+U20+V20+W20+X20+Y20+Z20+AA20+AB20+AC20+AD20+AE20+AF20+AG20 -> 366945.81 | AK20: =+AH20-AJ20 -> 366945.81
A21: 10 | B21: ปกส.-OP เครือข่าย ((9.6)) | C21: =+'01'!D22 -> 1660407.5 | D21: =+'02'!D22 -> 938187.56 | E21: =+'03'!D22 -> 865509.33 | F21: =+'04'!D22 -> 774877.8 | G21: =+'05'!D22 -> 226607 | H21: =+'06'!D22 -> 133636.25 | I21: =+'07'!D22 -> 978100.91 | J21: =+'08'!D22 -> 838568.94 | K21: =+'09'!D22 -> 983400.33 | L21: =+'10'!D22 -> 936833.08 | M21: =+'11'!D22 -> 730131.14 | N21: =+'12'!D22 -> 80634.75 | AH21: =+C21+D21+E21+F21+G21+H21+I21+J21+K21+L21+M21+N21+O21+P21+Q21+R21+S21+T21+U21+V21+W21+X21+Y21+Z21+AA21+AB21+AC21+AD21+AE21+AF21+AG21 -> 9146894.6 | AK21: =+AH21-AJ21 -> 9146894.6
B22: ปกส.-OP ต่างเครือข่าย | C22: =+'01'!D23 -> 6699.49 | D22: =+'02'!D23 -> 10215.86 | E22: =+'03'!D23 -> 12373.25 | F22: =+'04'!D23 -> 17662.25 | G22: =+'05'!D23 -> 0 | H22: =+'06'!D23 -> 0 | I22: =+'07'!D23 -> 13612.5 | J22: =+'08'!D23 -> 61550.25 | K22: =+'09'!D23 -> 31911.1 | L22: =+'10'!D23 -> 6565 | M22: =+'11'!D23 -> 15900.5 | N22: =+'12'!D23 -> 8150 | AH22: =+C22+D22+E22+F22+G22+H22+I22+J22+K22+L22+M22+N22+O22+P22+Q22+R22+S22+T22+U22+V22+W22+X22+Y22+Z22+AA22+AB22+AC22+AD22+AE22+AF22+AG22 -> 184640.2 | AK22: =+AH22-AJ22 -> 184640.2
B23: ปกส.-72 ชม. ((9.1))((1102050194.306)) | C23: =+'01'!D24 -> 0 | D23: =+'02'!D24 -> 0 | E23: =+'03'!D24 -> 0 | F23: =+'04'!D24 -> 0 | G23: =+'05'!D24 -> 0 | H23: =+'06'!D24 -> 0 | I23: =+'07'!D24 -> 0 | J23: =+'08'!D24 -> 0 | K23: =+'09'!D24 -> 0 | L23: =+'10'!D24 -> 0 | M23: =+'11'!D24 -> 0 | N23: =+'12'!D24 -> 0 | AH23: =+C23+D23+E23+F23+G23+H23+I23+J23+K23+L23+M23+N23+O23+P23+Q23+R23+S23+T23+U23+V23+W23+X23+Y23+Z23+AA23+AB23+AC23+AD23+AE23+AF23+AG23 -> 0 | AK23: =+AH23-AJ23 -> 0
B24: ปกส.-OP ทุพพลภาพ | C24: =+'01'!D25 -> 0 | D24: =+'02'!D25 -> 0 | E24: =+'03'!D25 -> 0 | F24: =+'04'!D25 -> 0 | G24: =+'05'!D25 -> 0 | H24: =+'06'!D25 -> 0 | I24: =+'07'!D25 -> 0 | J24: =+'08'!D25 -> 0 | K24: =+'09'!D25 -> 0 | L24: =+'10'!D25 -> 0 | M24: =+'11'!D25 -> 0 | N24: =+'12'!D25 -> 0 | AH24: =+C24+D24+E24+F24+G24+H24+I24+J24+K24+L24+M24+N24+O24+P24+Q24+R24+S24+T24+U24+V24+W24+X24+Y24+Z24+AA24+AB24+AC24+AD24+AE24+AF24+AG24 -> 0 | AK24: =+AH24-AJ24 -> 0
B25: ปกส.-OP คชจ.สูง ((9.1))((1102050194.307)) | C25: =+'01'!D26 -> 9047.5 | D25: =+'02'!D26 -> 7115.5 | E25: =+'03'!D26 -> 2410 | F25: =+'04'!D26 -> 14704.75 | G25: =+'05'!D26 -> 0 | H25: =+'06'!D26 -> 0 | I25: =+'07'!D26 -> 0 | J25: =+'08'!D26 -> 5847.5 | K25: =+'09'!D26 -> 18964 | L25: =+'10'!D26 -> 6296 | M25: =+'11'!D26 -> 3360 | N25: =+'12'!D26 -> 0 | AH25: =+C25+D25+E25+F25+G25+H25+I25+J25+K25+L25+M25+N25+O25+P25+Q25+R25+S25+T25+U25+V25+W25+X25+Y25+Z25+AA25+AB25+AC25+AD25+AE25+AF25+AG25 -> 67745.25 | AK25: =+AH25-AJ25 -> 67745.25
B26: ปกส.-กองทุนทดแทน ((9.1))((1102050194.305)) | C26: =+'01'!D27 -> 4980.5 | D26: =+'02'!D27 -> 664 | E26: =+'03'!D27 -> 2192.5 | F26: =+'04'!D27 -> 1899.25 | G26: =+'05'!D27 -> 0 | H26: =+'06'!D27 -> 0 | I26: =+'07'!D27 -> 1726.5 | J26: =+'08'!D27 -> 1560 | K26: =+'09'!D27 -> 706.5 | L26: =+'10'!D27 -> 944.5 | M26: =+'11'!D27 -> 6848.25 | N26: =+'12'!D27 -> 510 | AH26: =+C26+D26+E26+F26+G26+H26+I26+J26+K26+L26+M26+N26+O26+P26+Q26+R26+S26+T26+U26+V26+W26+X26+Y26+Z26+AA26+AB26+AC26+AD26+AE26+AF26+AG26 -> 22032 | AK26: =+AH26-AJ26 -> 22032
A27: 11 | B27: UC OP ใน CUP ((10.5)) | C27: =+'01'!D33 -> 1222242.4 | D27: =+'02'!D33 -> 1266343.8 | E27: =+'03'!D33 -> 1167566.6 | F27: =+'04'!D33 -> 1112166.1 | G27: =+'05'!D33 -> 244067.75 | H27: =+'06'!D33 -> 124433.5 | I27: =+'07'!D33 -> 1387628.5 | J27: =+'08'!D33 -> 1241451.9 | K27: =+'09'!D33 -> 1462710.2 | L27: =+'10'!D33 -> 1366664.1 | M27: =+'11'!D33 -> 1122964.6 | N27: =+'12'!D33 -> 228290 | AH27: =+C27+D27+E27+F27+G27+H27+I27+J27+K27+L27+M27+N27+O27+P27+Q27+R27+S27+T27+U27+V27+W27+X27+Y27+Z27+AA27+AB27+AC27+AD27+AE27+AF27+AG27 -> 11946529 | AK27: =+AH27-AJ27 -> 11946529
B28: UC OP นอก CUP ใน จ.(สธ) - รพ.ถลาง ((10.6)) | C28: =+'01'!D34 -> 370752.2 | D28: =+'02'!D34 -> 615414.86 | E28: =+'03'!D34 -> 674531.67 | F28: =+'04'!D34 -> 529573.55 | G28: =+'05'!D34 -> 61069 | H28: =+'06'!D34 -> 116071.5 | I28: =+'07'!D34 -> 570201.81 | J28: =+'08'!D34 -> 638330.57 | K28: =+'09'!D34 -> 611267.23 | L28: =+'10'!D34 -> 658466.92 | M28: =+'11'!D34 -> 412806.98 | N28: =+'12'!D34 -> 106269.5 | AH28: =+C28+D28+E28+F28+G28+H28+I28+J28+K28+L28+M28+N28+O28+P28+Q28+R28+S28+T28+U28+V28+W28+X28+Y28+Z28+AA28+AB28+AC28+AD28+AE28+AF28+AG28 -> 5364755.8 | AK28: =+AH28-AJ28 -> 5364755.8
B29: UC OP นอก CUP ใน จ.(สธ) - รพ.ป่าตอง ((10.6)) | C29: =+'01'!D35 -> 22118 | D29: =+'02'!D35 -> 35414 | E29: =+'03'!D35 -> 27541.25 | F29: =+'04'!D35 -> 28076.86 | G29: =+'05'!D35 -> 19832 | H29: =+'06'!D35 -> 1765 | I29: =+'07'!D35 -> 61644.75 | J29: =+'08'!D35 -> 16419.99 | K29: =+'09'!D35 -> 26275.5 | L29: =+'10'!D35 -> 67903 | M29: =+'11'!D35 -> 55226.61 | N29: =+'12'!D35 -> 14794.5 | AH29: =+C29+D29+E29+F29+G29+H29+I29+J29+K29+L29+M29+N29+O29+P29+Q29+R29+S29+T29+U29+V29+W29+X29+Y29+Z29+AA29+AB29+AC29+AD29+AE29+AF29+AG29 -> 377011.46 | AK29: =+AH29-AJ29 -> 377011.46
B30: UC OP นอก CUP ใน จ.(นอก สธ.) - อบจ. ((10.7)) | C30: =+'01'!D37 -> 5820 | D30: =+'02'!D37 -> 2685 | E30: =+'03'!D37 -> 1555 | F30: =+'04'!D37 -> 1838 | G30: =+'05'!D37 -> 0 | H30: =+'06'!D37 -> 0 | I30: =+'07'!D37 -> 7272.5 | J30: =+'08'!D37 -> 9643 | K30: =+'09'!D37 -> 585 | L30: =+'10'!D37 -> 2430 | M30: =+'11'!D37 -> 4718 | N30: =+'12'!D37 -> 0 | AH30: =+C30+D30+E30+F30+G30+H30+I30+J30+K30+L30+M30+N30+O30+P30+Q30+R30+S30+T30+U30+V30+W30+X30+Y30+Z30+AA30+AB30+AC30+AD30+AE30+AF30+AG30 -> 36546.5 | AK30: =+AH30-AJ30 -> 36546.5
B31: UC OP Refer ตจว. ((11.2)) | C31: =+'01'!D38 -> 1535726.2 | D31: =+'02'!D38 -> 2169107.7 | E31: =+'03'!D38 -> 816129.47 | F31: =+'04'!D38 -> 1251111.2 | G31: =+'05'!D38 -> 1898325.6 | H31: =+'06'!D38 -> 1106423.5 | I31: =+'07'!D38 -> 1621478.2 | J31: =+'08'!D38 -> 1777126.9 | K31: =+'09'!D38 -> 2927898.5 | L31: =+'10'!D38 -> 1960123.9 | M31: =+'11'!D38 -> 1446952.1 | N31: =+'12'!D38 -> 1711423 | AH31: =+C31+D31+E31+F31+G31+H31+I31+J31+K31+L31+M31+N31+O31+P31+Q31+R31+S31+T31+U31+V31+W31+X31+Y31+Z31+AA31+AB31+AC31+AD31+AE31+AF31+AG31 -> 20221826 | AK31: =+AH31-AJ31 -> 20221826
B32: UC OP AE ((4.1)) | C32: =+'01'!D39 -> 567205.23 | D32: =+'02'!D39 -> 575516.5 | E32: =+'03'!D39 -> 1243635.7 | F32: =+'04'!D39 -> 1717552.7 | G32: =+'05'!D39 -> 1157793.4 | H32: =+'06'!D39 -> 493655.86 | I32: =+'07'!D39 -> 783751.39 | J32: =+'08'!D39 -> 1147823.5 | K32: =+'09'!D39 -> 966376.92 | L32: =+'10'!D39 -> 1601905.4 | M32: =+'11'!D39 -> 1509485.8 | N32: =+'12'!D39 -> 385144.25 | AH32: =+C32+D32+E32+F32+G32+H32+I32+J32+K32+L32+M32+N32+O32+P32+Q32+R32+S32+T32+U32+V32+W32+X32+Y32+Z32+AA32+AB32+AC32+AD32+AE32+AF32+AG32 -> 12149847 | AK32: =+AH32-AJ32 -> 12149847
B33: UC - สิทธิว่างมาตรา 8 / เด็กแรกเกิด ((4.1.1)) | C33: =+'01'!D40 -> 2527 | D33: =+'02'!D40 -> 0 | E33: =+'03'!D40 -> 162342.51 | F33: =+'04'!D40 -> 40984.47 | G33: =+'05'!D40 -> 63156.5 | H33: =+'06'!D40 -> 0 | I33: =+'07'!D40 -> 0 | J33: =+'08'!D40 -> 65669.25 | K33: =+'09'!D40 -> 0 | L33: =+'10'!D40 -> 24780.54 | M33: =+'11'!D40 -> 0 | N33: =+'12'!D40 -> 0 | AH33: =+C33+D33+E33+F33+G33+H33+I33+J33+K33+L33+M33+N33+O33+P33+Q33+R33+S33+T33+U33+V33+W33+X33+Y33+Z33+AA33+AB33+AC33+AD33+AE33+AF33+AG33 -> 359460.27 | AK33: =+AH33-AJ33 -> 359460.27
B34: UC - ส่งเสริมป้องกันโรค | C34: =+'01'!D41 -> 754506.97 | D34: =+'02'!D41 -> 993293.46 | E34: =+'03'!D41 -> 1611545.8 | F34: =+'04'!D41 -> 1219605.8 | G34: =+'05'!D41 -> 1334709.9 | H34: =+'06'!D41 -> 493544.22 | I34: =+'07'!D41 -> 1915723.1 | J34: =+'08'!D41 -> 753466.3 | K34: =+'09'!D41 -> 1372885.9 | L34: =+'10'!D41 -> 1304515.1 | M34: =+'11'!D41 -> 869365.35 | N34: =+'12'!D41 -> 931177.85 | AH34: =+C34+D34+E34+F34+G34+H34+I34+J34+K34+L34+M34+N34+O34+P34+Q34+R34+S34+T34+U34+V34+W34+X34+Y34+Z34+AA34+AB34+AC34+AD34+AE34+AF34+AG34 -> 13554340 | AK34: =+AH34-AJ34 -> 13554340
B35: UC - ฟอกไต | C35: =+'01'!D42 -> 248522.75 | D35: =+'02'!D42 -> 1083490 | E35: =+'03'!D42 -> 640976.75 | F35: =+'04'!D42 -> 71301.25 | G35: =+'05'!D42 -> 36374.25 | H35: =+'06'!D42 -> 33857 | I35: =+'07'!D42 -> 99323.5 | J35: =+'08'!D42 -> 39470.5 | K35: =+'09'!D42 -> 162319.98 | L35: =+'10'!D42 -> 74526.75 | M35: =+'11'!D42 -> 422138.5 | N35: =+'12'!D42 -> 230003 | AH35: =+C35+D35+E35+F35+G35+H35+I35+J35+K35+L35+M35+N35+O35+P35+Q35+R35+S35+T35+U35+V35+W35+X35+Y35+Z35+AA35+AB35+AC35+AD35+AE35+AF35+AG35 -> 3142304.2 | AK35: =+AH35-AJ35 -> 3142304.2
A36: 12 | B36: แรงงานต่างด้าว OP ใน CUP ((7.1)) | C36: =+'01'!D45 -> 99602.5 | D36: =+'02'!D45 -> 77565 | E36: =+'03'!D45 -> 65053.36 | F36: =+'04'!D45 -> 84567.75 | G36: =+'05'!D45 -> 7652 | H36: =+'06'!D45 -> 11894.5 | I36: =+'07'!D45 -> 71145.87 | J36: =+'08'!D45 -> 93009.87 | K36: =+'09'!D45 -> 81143.86 | L36: =+'10'!D45 -> 90666.33 | M36: =+'11'!D45 -> 92454 | N36: =+'12'!D45 -> 31920.5 | AH36: =+C36+D36+E36+F36+G36+H36+I36+J36+K36+L36+M36+N36+O36+P36+Q36+R36+S36+T36+U36+V36+W36+X36+Y36+Z36+AA36+AB36+AC36+AD36+AE36+AF36+AG36 -> 806675.54 | AK36: =+AH36-AJ36 -> 806675.54
B37: แรงงานต่างด้าว OP นอก CUP- (เรียกเก็บ)*** ((6.1)) | C37: =+'01'!D46 -> 1321 | D37: =+'02'!D46 -> 6417 | E37: =+'03'!D46 -> 2872.5 | F37: =+'04'!D46 -> 410 | G37: =+'05'!D46 -> 0 | H37: =+'06'!D46 -> 0 | I37: =+'07'!D46 -> 16377.49 | J37: =+'08'!D46 -> 7111 | K37: =+'09'!D46 -> 0 | L37: =+'10'!D46 -> 0 | M37: =+'11'!D46 -> 0 | N37: =+'12'!D46 -> 0 | AH37: =+C37+D37+E37+F37+G37+H37+I37+J37+K37+L37+M37+N37+O37+P37+Q37+R37+S37+T37+U37+V37+W37+X37+Y37+Z37+AA37+AB37+AC37+AD37+AE37+AF37+AG37 -> 34508.99 | AK37: =+AH37-AJ37 -> 34508.99
A38: 13 | B38: ต่างด้าวสถานะ&สิทธิ OP ใน CUP ((14.1)) | C38: =+'01'!D50 -> 6976.5 | D38: =+'02'!D50 -> 5246.5 | E38: =+'03'!D50 -> 1519 | F38: =+'04'!D50 -> 190 | G38: =+'05'!D50 -> 0 | H38: =+'06'!D50 -> 0 | I38: =+'07'!D50 -> 0 | J38: =+'08'!D50 -> 130 | K38: =+'09'!D50 -> 0 | L38: =+'10'!D50 -> 0 | M38: =+'11'!D50 -> 1313.5 | N38: =+'12'!D50 -> 0 | AH38: =+C38+D38+E38+F38+G38+H38+I38+J38+K38+L38+M38+N38+O38+P38+Q38+R38+S38+T38+U38+V38+W38+X38+Y38+Z38+AA38+AB38+AC38+AD38+AE38+AF38+AG38 -> 15375.5 | AK38: =+AH38-AJ38 -> 15375.5
B39: ต่างด้าวสถานะ&สิทธิ OP นอก CUP (เรียกเก็บ)** ((12.2)) | C39: =+'01'!D51 -> 0 | D39: =+'02'!D51 -> 333 | E39: =+'03'!D51 -> 0 | F39: =+'04'!D51 -> 0 | G39: =+'05'!D51 -> 0 | H39: =+'06'!D51 -> 0 | I39: =+'07'!D51 -> 0 | J39: =+'08'!D51 -> 0 | K39: =+'09'!D51 -> 0 | L39: =+'10'!D51 -> 0 | M39: =+'11'!D51 -> 0 | N39: =+'12'!D51 -> 0 | AH39: =+C39+D39+E39+F39+G39+H39+I39+J39+K39+L39+M39+N39+O39+P39+Q39+R39+S39+T39+U39+V39+W39+X39+Y39+Z39+AA39+AB39+AC39+AD39+AE39+AF39+AG39 -> 333 | AK39: =+AH39-AJ39 -> 333
A40: 14 | B40: ล/น.เบิกจ่ายตรงกรมบ/ช.กลาง -ฉลอง** ((1.3 / ฉลอง)) | C40: =+'01'!D52 -> 0 | D40: =+'02'!D52 -> 0 | E40: =+'03'!D52 -> 0 | F40: =+'04'!D52 -> 0 | G40: =+'05'!D52 -> 0 | H40: =+'06'!D52 -> 0 | I40: =+'07'!D52 -> 246629.84 | J40: =+'08'!D52 -> 0 | K40: =+'09'!D52 -> 0 | L40: =+'10'!D52 -> 0 | M40: =+'11'!D52 -> 0 | N40: =+'12'!D52 -> 0 | AH40: =+C40+D40+E40+F40+G40+H40+I40+J40+K40+L40+M40+N40+O40+P40+Q40+R40+S40+T40+U40+V40+W40+X40+Y40+Z40+AA40+AB40+AC40+AD40+AE40+AF40+AG40 -> 246629.84 | AK40: =+AH40-AJ40 -> 246629.84
A41: 15 | B41: ล/น.เบิกจ่ายตรง-อปท. -ฉลอง** ((3.6 / ฉลอง)) | C41: =+'01'!#REF! -> #REF! | D41: =+'02'!#REF! -> #REF! | E41: =+'03'!#REF! -> #REF! | F41: =+'04'!#REF! -> #REF! | G41: =+'05'!#REF! -> #REF! | H41: =+'06'!#REF! -> #REF! | I41: =+'07'!#REF! -> #REF! | J41: =+'08'!#REF! -> #REF! | K41: =+'09'!#REF! -> #REF! | L41: =+'10'!#REF! -> #REF! | M41: =+'11'!#REF! -> #REF! | N41: =+'12'!#REF! -> #REF! | AH41: =+C41+D41+E41+F41+G41+H41+I41+J41+K41+L41+M41+N41+O41+P41+Q41+R41+S41+T41+U41+V41+W41+X41+Y41+Z41+AA41+AB41+AC41+AD41+AE41+AF41+AG41 -> #REF! | AK41: =+AH41-AJ41 -> #REF!
A42: 16 | B42: ล/น.UC-OPD ใน CUP -ฉลอง** ((10.5 / ฉลอง)) | C42: =+'01'!#REF! -> #REF! | D42: =+'02'!#REF! -> #REF! | E42: =+'03'!#REF! -> #REF! | F42: =+'04'!#REF! -> #REF! | G42: =+'05'!#REF! -> #REF! | H42: =+'06'!#REF! -> #REF! | I42: =+'07'!#REF! -> #REF! | J42: =+'08'!#REF! -> #REF! | K42: =+'09'!#REF! -> #REF! | L42: =+'10'!#REF! -> #REF! | M42: =+'11'!#REF! -> #REF! | N42: =+'12'!#REF! -> #REF! | AH42: =+C42+D42+E42+F42+G42+H42+I42+J42+K42+L42+M42+N42+O42+P42+Q42+R42+S42+T42+U42+V42+W42+X42+Y42+Z42+AA42+AB42+AC42+AD42+AE42+AF42+AG42 -> #REF! | AK42: =+AH42-AJ42 -> #REF!
B43: ล/น.UC-OPDบริการเฉพาะ **AE **ฉลอง** ((4.1 / ฉลอง)) | C43: =+'01'!#REF! -> #REF! | D43: =+'02'!#REF! -> #REF! | E43: =+'03'!#REF! -> #REF! | F43: =+'04'!#REF! -> #REF! | G43: =+'05'!#REF! -> #REF! | H43: =+'06'!#REF! -> #REF! | I43: =+'07'!#REF! -> #REF! | J43: =+'08'!#REF! -> #REF! | K43: =+'09'!#REF! -> #REF! | L43: =+'10'!#REF! -> #REF! | M43: =+'11'!#REF! -> #REF! | N43: =+'12'!#REF! -> #REF! | AH43: =+C43+D43+E43+F43+G43+H43+I43+J43+K43+L43+M43+N43+O43+P43+Q43+R43+S43+T43+U43+V43+W43+X43+Y43+Z43+AA43+AB43+AC43+AD43+AE43+AF43+AG43 -> #REF! | AK43: =+AH43-AJ43 -> #REF!
B44: ล/น.ประกันสังคม -OPD ฉลอง** ((9.6 / ฉลอง)) | C44: =+'01'!#REF! -> #REF! | D44: =+'02'!#REF! -> #REF! | E44: =+'03'!#REF! -> #REF! | F44: =+'04'!#REF! -> #REF! | G44: =+'05'!#REF! -> #REF! | H44: =+'06'!#REF! -> #REF! | I44: =+'07'!#REF! -> #REF! | J44: =+'08'!#REF! -> #REF! | K44: =+'09'!#REF! -> #REF! | L44: =+'10'!#REF! -> #REF! | M44: =+'11'!#REF! -> #REF! | N44: =+'12'!#REF! -> #REF! | AH44: =+C44+D44+E44+F44+G44+H44+I44+J44+K44+L44+M44+N44+O44+P44+Q44+R44+S44+T44+U44+V44+W44+X44+Y44+Z44+AA44+AB44+AC44+AD44+AE44+AF44+AG44 -> #REF! | AK44: =+AH44-AJ44 -> #REF!
B45: ล/น.แรงงานต่งด้าว -OPD ฉลอง** ((7.1 / ฉลอง)) | C45: =+'01'!#REF! -> #REF! | D45: =+'02'!#REF! -> #REF! | E45: =+'03'!#REF! -> #REF! | F45: =+'04'!#REF! -> #REF! | G45: =+'05'!#REF! -> #REF! | H45: =+'06'!#REF! -> #REF! | I45: =+'07'!#REF! -> #REF! | J45: =+'08'!#REF! -> #REF! | K45: =+'09'!#REF! -> #REF! | L45: =+'10'!#REF! -> #REF! | M45: =+'11'!#REF! -> #REF! | N45: =+'12'!#REF! -> #REF! | AH45: =+C45+D45+E45+F45+G45+H45+I45+J45+K45+L45+M45+N45+O45+P45+Q45+R45+S45+T45+U45+V45+W45+X45+Y45+Z45+AA45+AB45+AC45+AD45+AE45+AF45+AG45 -> #REF! | AK45: =+AH45-AJ45 -> #REF!
A46: 17 | B46: ล/น.เบิกได้จ่ายตรง -OPD หยี่เต้ง ((1.2 / หยี่เต้ง)) | C46: =+'01'!D53 -> 6321 | D46: =+'02'!D53 -> 7288 | E46: =+'03'!D53 -> 6443 | F46: =+'04'!D53 -> 7623 | G46: =+'05'!D53 -> 2048 | H46: =+'06'!D53 -> 0 | I46: =+'07'!D53 -> 3559 | J46: =+'08'!D53 -> 15855 | K46: =+'09'!D53 -> 4028 | L46: =+'10'!D53 -> 13401 | M46: =+'11'!D53 -> 7605 | N46: =+'12'!D53 -> 157 | AH46: =+C46+D46+E46+F46+G46+H46+I46+J46+K46+L46+M46+N46+O46+P46+Q46+R46+S46+T46+U46+V46+W46+X46+Y46+Z46+AA46+AB46+AC46+AD46+AE46+AF46+AG46 -> 74328 | AK46: =+AH46-AJ46 -> 74328
A47: 18 | B47: ล/น.บัตรทอง 30บ./บัตรทองรพ.วชิระ -OPD หยี่เต้ง ((11.1 / หยี่เต้ง)) | C47: =+'01'!D54 -> 69618 | D47: =+'02'!D54 -> 55874 | E47: =+'03'!D54 -> 61276 | F47: =+'04'!D54 -> 33636 | G47: =+'05'!D54 -> 3671 | H47: =+'06'!D54 -> 0 | I47: =+'07'!D54 -> 24578 | J47: =+'08'!D54 -> 71956 | K47: =+'09'!D54 -> 30298 | L47: =+'10'!D54 -> 66022 | M47: =+'11'!D54 -> 43950 | N47: =+'12'!D54 -> 3379 | AH47: =+C47+D47+E47+F47+G47+H47+I47+J47+K47+L47+M47+N47+O47+P47+Q47+R47+S47+T47+U47+V47+W47+X47+Y47+Z47+AA47+AB47+AC47+AD47+AE47+AF47+AG47 -> 464258 | AK47: =+AH47-AJ47 -> 464258
A48: 19 | B48: ล/น.สิทธิ 34 บัตรปกส. -OPD หยี่เต้ง ((9.4 / หยี่เต้ง)) | C48: =+'01'!D55 -> 26746 | D48: =+'02'!D55 -> 21956 | E48: =+'03'!D55 -> 19221 | F48: =+'04'!D55 -> 25183 | G48: =+'05'!D55 -> 3169 | H48: =+'06'!D55 -> 0 | I48: =+'07'!D55 -> 18985 | J48: =+'08'!D55 -> 18828 | K48: =+'09'!D55 -> 13811 | L48: =+'10'!D55 -> 25841 | M48: =+'11'!D55 -> 20545 | N48: =+'12'!D55 -> 1378 | AH48: =+C48+D48+E48+F48+G48+H48+I48+J48+K48+L48+M48+N48+O48+P48+Q48+R48+S48+T48+U48+V48+W48+X48+Y48+Z48+AA48+AB48+AC48+AD48+AE48+AF48+AG48 -> 195663 | AK48: =+AH48-AJ48 -> 195663
A49: 20 | B49: ล/น.เบิกได้จ่ายตรง-อปท. -OPD หยี่เต้ง ((1.6 / หยี่เต้ง)) | C49: =+'01'!D56 -> 1256 | D49: =+'02'!D56 -> 1546 | E49: =+'03'!D56 -> 1816 | F49: =+'04'!D56 -> 48 | G49: =+'05'!D56 -> 223 | H49: =+'06'!D56 -> 0 | I49: =+'07'!D56 -> 450 | J49: =+'08'!D56 -> 666 | K49: =+'09'!D56 -> 442 | L49: =+'10'!D56 -> 500 | M49: =+'11'!D56 -> 1014 | N49: =+'12'!D56 -> 0 | AH49: =+C49+D49+E49+F49+G49+H49+I49+J49+K49+L49+M49+N49+O49+P49+Q49+R49+S49+T49+U49+V49+W49+X49+Y49+Z49+AA49+AB49+AC49+AD49+AE49+AF49+AG49 -> 7961 | AK49: =+AH49-AJ49 -> 7961
A50: 21 | B50: ล/น.แรงงานต่างด้าว - OPD หยี่เต้ง ((7.1 / หยี่เต้ง)) | C50: =+'01'!D57 -> 3662 | D50: =+'02'!D57 -> 2657 | E50: =+'03'!D57 -> 1230 | F50: =+'04'!D57 -> 917 | G50: =+'05'!D57 -> 715 | H50: =+'06'!D57 -> 0 | I50: =+'07'!D57 -> 3289 | J50: =+'08'!D57 -> 3142 | K50: =+'09'!D57 -> 742 | L50: =+'10'!D57 -> 434 | M50: =+'11'!D57 -> 834 | N50: =+'12'!D57 -> 388 | AH50: =+C50+D50+E50+F50+G50+H50+I50+J50+K50+L50+M50+N50+O50+P50+Q50+R50+S50+T50+U50+V50+W50+X50+Y50+Z50+AA50+AB50+AC50+AD50+AE50+AF50+AG50 -> 18010 | AK50: =+AH50-AJ50 -> 18010
A51: 22 | B51: ล/น.เบิกจ่ายตรง อปท.รูปแบบพิเศษ OP ((3.8)) | C51: =+'01'!C58 -> 3 | D51: =+'01'!D58 -> 4659.25 | E51: =+'02'!C58 -> 1 | F51: =+'02'!D58 -> 43565 | G51: =+'03'!C58 -> 1 | H51: =+'03'!D58 -> 910 | I51: =+'04'!C58 -> 0 | J51: =+'04'!D58 -> 0 | K51: =+'05'!C58 -> 0 | L51: =+'05'!D58 -> 0 | M51: =+'06'!C58 -> 0 | N51: =+'06'!D58 -> 0 | O51: =+'07'!C58 -> 2 | P51: =+'07'!D58 -> 12750 | Q51: =+'08'!C58 -> 1 | R51: =+'08'!D58 -> 3337 | S51: =+'09'!C58 -> 1 | T51: =+'09'!D58 -> 50 | U51: =+'10'!C58 -> 0 | V51: =+'10'!D58 -> 0 | W51: =+'11'!C58 -> 1 | X51: =+'11'!D58 -> 913 | Y51: =+'12'!C58 -> 0 | Z51: =+'12'!D58 -> 0 | AA51: =+'13'!C58 -> 0 | AB51: =+'13'!D58 -> 0 | AC51: =+'14'!C58 -> 0 | AD51: =+'14'!D58 -> 0 | AE51: =+'15'!C58 -> 2 | AF51: =+'15'!D58 -> 2408 | AG51: =+'16'!C58 -> 1 | AH51: =+'16'!D58 -> 1575 | AI51: =+'17'!C58 -> 0 | AJ51: =+'17'!D58 -> 0 | AK51: =+'18'!C58 -> 1 | AL51: =+'18'!D58 -> 9810 | AM51: =+'19'!C58 -> 0 | AN51: =+'19'!D58 -> 0 | AO51: =+'20'!C58 -> 2 | AP51: =+'20'!D58 -> 552 | AQ51: =+'21'!C58 -> 0 | AR51: =+'21'!D58 -> 0 | AS51: =+'22'!C58 -> 0 | AT51: =+'22'!D58 -> 0 | AU51: =+'23'!C58 -> 2 | AV51: =+'23'!D58 -> 2062 | AW51: =+'24'!C58 -> 2 | AX51: =+'24'!D58 -> 8662.5 | AY51: =+'25'!C58 -> 1 | AZ51: =+'25'!D58 -> 425 | BA51: =+'26'!C58 -> 1 | BB51: =+'26'!D58 -> 1444 | BC51: =+'27'!C58 -> 0 | BD51: =+'27'!D58 -> 0 | BE51: =+'28'!C58 -> 0 | BF51: =+'28'!D58 -> 0 | BG51: =+'29'!C58 -> 1 | BH51: =+'29'!D58 -> 18290 | BI51: =+'30'!C58 -> 0 | BJ51: =+'30'!D58 -> 0 | BK51: =+'31'!C58 -> 0 | BL51: =+'31'!D58 -> 0 | BM51: =+C51+E51+G51+I51+K51+M51+O51+Q51+S51+U51+W51+Y51+AA51+AC51+AE51+AG51+AI51+AK51+AM51+AO51+AQ51+AS51+AU51+AW51+AY51+BA51+BC51+BE51+BG51+BI51+BK51 -> 23 | BN51: =+D51+F51+H51+J51+L51+N51+P51+R51+T51+V51+X51+Z51+AB51+AD51+AF51+AH51+AJ51+AL51+AN51+AP51+AR51+AT51+AV51+AX51+AZ51+BB51+BD51+BF51+BH51+BJ51+BL51 -> 111412.75
B52: ล/น.เบิกจ่ายตรง อปท.รูปแบบพิเศษ IP ((3.7)) | C52: =+'01'!C59 -> 0 | D52: =+'01'!D59 -> 0 | E52: =+'02'!C59 -> 0 | F52: =+'02'!D59 -> 0 | G52: =+'03'!C59 -> 1 | H52: =+'03'!D59 -> 41971.75 | I52: =+'04'!C59 -> 0 | J52: =+'04'!D59 -> 0 | K52: =+'05'!C59 -> 0 | L52: =+'05'!D59 -> 0 | M52: =+'06'!C59 -> 0 | N52: =+'06'!D59 -> 0 | O52: =+'07'!C59 -> 0 | P52: =+'07'!D59 -> 0 | Q52: =+'08'!C59 -> 0 | R52: =+'08'!D59 -> 0 | S52: =+'09'!C59 -> 0 | T52: =+'09'!D59 -> 0 | U52: =+'10'!C59 -> 0 | V52: =+'10'!D59 -> 0 | W52: =+'11'!C59 -> 0 | X52: =+'11'!D59 -> 0 | Y52: =+'12'!C59 -> 0 | Z52: =+'12'!D59 -> 0 | AA52: =+'13'!C59 -> 0 | AB52: =+'13'!D59 -> 0 | AC52: =+'14'!C59 -> 0 | AD52: =+'14'!D59 -> 0 | AE52: =+'15'!C59 -> 0 | AF52: =+'15'!D59 -> 0 | AG52: =+'16'!C59 -> 0 | AH52: =+'16'!D59 -> 0 | AI52: =+'17'!C59 -> 0 | AJ52: =+'17'!D59 -> 0 | AK52: =+'18'!C59 -> 0 | AL52: =+'18'!D59 -> 0 | AM52: =+'19'!C59 -> 0 | AN52: =+'19'!D59 -> 0 | AO52: =+'20'!C59 -> 0 | AP52: =+'20'!D59 -> 0 | AQ52: =+'21'!C59 -> 0 | AR52: =+'21'!D59 -> 0 | AS52: =+'22'!C59 -> 0 | AT52: =+'22'!D59 -> 0 | AU52: =+'23'!C59 -> 0 | AV52: =+'23'!D59 -> 0 | AW52: =+'24'!C59 -> 0 | AX52: =+'24'!D59 -> 0 | AY52: =+'25'!C59 -> 0 | AZ52: =+'25'!D59 -> 0 | BA52: =+'26'!C59 -> 0 | BB52: =+'26'!D59 -> 0 | BC52: =+'27'!C59 -> 0 | BD52: =+'27'!D59 -> 0 | BE52: =+'28'!C59 -> 0 | BF52: =+'28'!D59 -> 0 | BG52: =+'29'!C59 -> 0 | BH52: =+'29'!D59 -> 0 | BI52: =+'30'!C59 -> 0 | BJ52: =+'30'!D59 -> 0 | BK52: =+'31'!C59 -> 0 | BL52: =+'31'!D59 -> 0 | BM52: =+C52+E52+G52+I52+K52+M52+O52+Q52+S52+U52+W52+Y52+AA52+AC52+AE52+AG52+AI52+AK52+AM52+AO52+AQ52+AS52+AU52+AW52+AY52+BA52+BC52+BE52+BG52+BI52+BK52 -> 1 | BN52: =+D52+F52+H52+J52+L52+N52+P52+R52+T52+V52+X52+Z52+AB52+AD52+AF52+AH52+AJ52+AL52+AN52+AP52+AR52+AT52+AV52+AX52+AZ52+BB52+BD52+BF52+BH52+BJ52+BL52 -> 41971.75
C53: =+'01'!D60 -> 0 | D53: =+'02'!D60 -> 0 | E53: =+'03'!D60 -> 0 | F53: =+'04'!D60 -> 0 | G53: =+'05'!D60 -> 0 | H53: =+'06'!D60 -> 0 | I53: =+'07'!D60 -> 0 | J53: =+'08'!D60 -> 0 | K53: =+'09'!D60 -> 0 | L53: =+'10'!D60 -> 0 | M53: =+'11'!D60 -> 0 | N53: =+'12'!D60 -> 0 | AH53: =+C53+D53+E53+F53+G53+H53+I53+J53+K53+L53+M53+N53+O53+P53+Q53+R53+S53+T53+U53+V53+W53+X53+Y53+Z53+AA53+AB53+AC53+AD53+AE53+AF53+AG53 -> 0
B54: รวมเงิน | C54: =SUM(C5:C53) -> #REF! | D54: =SUM(D5:D53) -> #REF! | E54: =SUM(E5:E53) -> #REF! | F54: =SUM(F5:F53) -> #REF! | G54: =SUM(G5:G53) -> #REF! | H54: =SUM(H5:H53) -> #REF! | I54: =SUM(I5:I53) -> #REF! | J54: =SUM(J5:J53) -> #REF! | ... AH54: =SUM(AH5:AH53) -> #REF!
N55: หัก ยังไม่ลงบช | AF55: หัก ยังไม่ลงบช | AH55: =+AH5+AH6+AH22+AH24+AH34+AH35 -> 16881284
AH56: =+AH54-AH55 -> #REF!
M57: บวก Hos Ver.3 | N57: สิทธิ21 ((1.2)) | AE57: บวก Hos Ver.3 | AF57: สิทธิ21 ((1.2))
N58: สิทธิ24 ((1.6)) | AF58: สิทธิ24 ((1.6))
N59: สิทธิ34 ((9.4)) | AF59: สิทธิ34 ((9.4))
N60: สิทธิ90 ((11.1)) | AF60: สิทธิ90 ((11.1))
N61: สิทธิ31 ((9.5)) | AF61: สิทธิ31 ((9.5))
N62: รวมสุทธิ | AF62: รวมสุทธิ | AH62: =+AH56+AH57+AH58+AH59+AH60+AH61 -> #REF!

Sheet 1-30 กย.69
A1: รายงานสรุปค่ารักษาพยาบาลประจำวัน
A2: ประจำเดือน กันยายน 2569
A3: รายการ / วันที่ | C3: 1 มีค.65 | D3: 2 มีค.65 | E3: 3 มีค.65 | F3: 4 มีค.65 | G3: 5 มีค.65 | H3: 6 มีค.65 | I3: 7 มีค.65 | J3: 8 มีค.65 | K3: 9 มีค.65 | L3: 10 มีค.65 | M3: 11 มีค.65 | N3: 12 มีค.65 | O3: 13 มีค.65 | P3: 14 มีค.65 | Q3: 15 มีค.65 | R3: 16 มีค.65 | S3: 17 มีค.65 | T3: 18 มีค.65 | U3: 19 มีค.65 | V3: 20 มีค.65 | W3: 21 มีค.65 | X3: 22 มีค.65 | Y3: 23 มีค.65 | Z3: 24 มีค.65 | AA3: 25 มีค.65 | AB3: 26 มีค.65 | AC3: 27 มีค.65 | AD3: 28 มีค.65 | AE3: 29 มีค.65 | AF3: 30 มีค.65 | AG3: 31 มีค.65 | AH3: รวม
A4: ลำดับ | B4: สิทธิการรักษา | C4: จำนวนเงิน | D4: จำนวนเงิน | E4: จำนวนเงิน | F4: จำนวนเงิน | G4: จำนวนเงิน | H4: จำนวนเงิน | I4: จำนวนเงิน | J4: จำนวนเงิน | K4: จำนวนเงิน | L4: จำนวนเงิน | M4: จำนวนเงิน | N4: จำนวนเงิน | O4: จำนวนเงิน | P4: จำนวนเงิน | Q4: จำนวนเงิน | R4: จำนวนเงิน | S4: จำนวนเงิน | T4: จำนวนเงิน | U4: จำนวนเงิน | V4: จำนวนเงิน | W4: จำนวนเงิน | X4: จำนวนเงิน | Y4: จำนวนเงิน | Z4: จำนวนเงิน | AA4: จำนวนเงิน | AB4: จำนวนเงิน | AC4: จำนวนเงิน | AD4: จำนวนเงิน | AE4: จำนวนเงิน | AF4: จำนวนเงิน | AG4: จำนวนเงิน | AH4: จำนวนเงิน
A5: 1 | B5: ชำระเงินสด (OPD) >>ไม่ลงบ/ช.<< | C5: =+'01'!D4 -> 0 | D5: =+'02'!D4 -> 0 | E5: =+'03'!D4 -> 0 | F5: =+'04'!D4 -> 0 | G5: =+'05'!D4 -> 0 | H5: =+'06'!D4 -> 0 | I5: =+'06'!D4 -> 0 | J5: =+'08'!D4 -> 0 | K5: =+'09'!D4 -> 0 | L5: =+'10'!D4 -> 0 | M5: =+'11'!D4 -> 0 | N5: =+'12'!D4 -> 0 | O5: =+'13'!D4 -> 0 | P5: =+'14'!D4 -> 0 | Q5: =+'15'!D4 -> 0 | R5: =+'16'!D4 -> 0 | S5: =+'17'!D4 -> 0 | T5: =+'18'!D4 -> 0 | U5: =+'19'!D4 -> 0 | V5: =+'20'!D4 -> 0 | W5: =+'21'!D4 -> 0 | X5: =+'22'!D4 -> 0 | Y5: =+'23'!D4 -> 0 | Z5: =+'24'!D4 -> 0 | AA5: =+'25'!D4 -> 0 | AB5: =+'26'!D4 -> 0 | AC5: =+'27'!D4 -> 0 | AD5: =+'28'!D4 -> 0 | AE5: =+'29'!D4 -> 0 | AF5: =+'30'!D4 -> 0 | AG5: =+'31'!D4 -> 0 | AH5: =+C5+D5+E5+F5+G5+H5+I5+J5+K5+L5+M5+N5+O5+P5+Q5+R5+S5+T5+U5+V5+W5+X5+Y5+Z5+AA5+AB5+AC5+AD5+AE5+AF5+AG5 -> 0
A6: 2 | B6: ชำระเงินสด (IPD) >>ไม่ลงบ/ช.<< | C6: =+'01'!D5 -> 0 | D6: =+'02'!D5 -> 0 | E6: =+'03'!D5 -> 0 | F6: =+'04'!D5 -> 0 | G6: =+'05'!D5 -> 0 | H6: =+'06'!D5 -> 0 | I6: =+'06'!D5 -> 0 | J6: =+'08'!D5 -> 0 | K6: =+'09'!D5 -> 0 | L6: =+'10'!D5 -> 0 | M6: =+'11'!D5 -> 0 | N6: =+'12'!D5 -> 0 | O6: =+'13'!D5 -> 0 | P6: =+'14'!D5 -> 0 | Q6: =+'15'!D5 -> 0 | R6: =+'16'!D5 -> 0 | S6: =+'17'!D5 -> 0 | T6: =+'18'!D5 -> 0 | U6: =+'19'!D5 -> 0 | V6: =+'20'!D5 -> 0 | W6: =+'21'!D5 -> 0 | X6: =+'22'!D5 -> 0 | Y6: =+'23'!D5 -> 0 | Z6: =+'24'!D5 -> 0 | AA6: =+'25'!D5 -> 0 | AB6: =+'26'!D5 -> 0 | AC6: =+'27'!D5 -> 0 | AD6: =+'28'!D5 -> 0 | AE6: =+'29'!D5 -> 0 | AF6: =+'30'!D5 -> 0 | AG6: =+'31'!D5 -> 0 | AH6: =+C6+D6+E6+F6+G6+H6+I6+J6+K6+L6+M6+N6+O6+P6+Q6+R6+S6+T6+U6+V6+W6+X6+Y6+Z6+AA6+AB6+AC6+AD6+AE6+AF6+AG6 -> 0
A7: 3 | B7: เบิกกรมบัญชีกลาง (OPD) ((1.3)) | C7: =+'01'!D6 -> 1196065.4 | D7: =+'02'!D6 -> 991915.36 | E7: =+'03'!D6 -> 1013029.4 | F7: =+'04'!D6 -> 1091659.6 | G7: =+'05'!D6 -> 201880 | H7: =+'06'!D6 -> 258386.09 | I7: =+'07'!D6 -> 1297943.5 | J7: =+'08'!D6 -> 996194.45 | K7: =+'09'!D6 -> 1017542.3 | L7: =+'10'!D6 -> 1108876.4 | M7: =+'11'!D6 -> 986978.24 | N7: =+'12'!D6 -> 110870.75 | O7: =+'13'!D6 -> 170846.61 | P7: =+'14'!D6 -> 1018355.9 | Q7: =+'15'!D6 -> 1274832.1 | R7: =+'16'!D6 -> 1008976.2 | S7: =+'17'!D6 -> 839863.98 | T7: =+'18'!D6 -> 1122239.2 | U7: =+'19'!D6 -> 193825.25 | V7: =+'20'!D6 -> 329834.85 | W7: =+'21'!D6 -> 913597.87 | X7: =+'22'!D6 -> 1218743.8 | Y7: =+'23'!D6 -> 913086.85 | Z7: =+'24'!D6 -> 859308.97 | AA7: =+'25'!D6 -> 1081041.9 | AB7: =+'26'!D6 -> 355204.73 | AC7: =+'27'!D6 -> 137010.5 | AD7: =+'28'!D6 -> 1149593 | AE7: =+'29'!D6 -> 1021933.1 | AF7: =+'30'!D6 -> 1282664 | AG7: =+'31'!D6 -> 0 | AH7: =+C7+D7+E7+F7+G7+H7+I7+J7+K7+L7+M7+N7+O7+P7+Q7+R7+S7+T7+U7+V7+W7+X7+Y7+Z7+AA7+AB7+AC7+AD7+AE7+AF7+AG7 -> 25162300 | AJ7: =12735375.97+12426924.26 -> 25162300 | AK7: =+AH7-AJ7 -> 0
B8: เบิกกรมบัญชีกลาง (OPD) กทม. ((1.3)) | C8: =+'01'!D7 -> 0 | D8: =+'02'!D7 -> 0 | E8: =+'03'!D7 -> 0 | F8: =+'04'!D7 -> 0 | G8: =+'05'!D7 -> 0 | H8: =+'06'!D7 -> 0 | I8: =+'07'!D7 -> 0 | J8: =+'08'!D7 -> 0 | K8: =+'09'!D7 -> 0 | L8: =+'10'!D7 -> 0 | M8: =+'11'!D7 -> 0 | N8: =+'12'!D7 -> 0 | O8: =+'13'!D7 -> 0 | P8: =+'14'!D7 -> 0 | Q8: =+'15'!D7 -> 0 | R8: =+'16'!D7 -> 0 | S8: =+'17'!D7 -> 0 | T8: =+'18'!D7 -> 0 | U8: =+'19'!D7 -> 0 | V8: =+'20'!D7 -> 0 | W8: =+'21'!D7 -> 0 | X8: =+'22'!D7 -> 0 | Y8: =+'23'!D7 -> 0 | Z8: =+'24'!D7 -> 0 | AA8: =+'25'!D7 -> 0 | AB8: =+'26'!D7 -> 0 | AC8: =+'27'!D7 -> 0 | AD8: =+'28'!D7 -> 0 | AE8: =+'29'!D7 -> 0 | AF8: =+'30'!D7 -> 0 | AG8: =+'31'!D7 -> 0 | AH8: =+C8+D8+E8+F8+G8+H8+I8+J8+K8+L8+M8+N8+O8+P8+Q8+R8+S8+T8+U8+V8+W8+X8+Y8+Z8+AA8+AB8+AC8+AD8+AE8+AF8+AG8 -> 0 | AK8: =+AH8-AJ8 -> 0
B9: เบิกกรมบัญชีกลาง (OPD) ไตเทียม ((1.4)) | C9: =+'01'!D8 -> 0 | D9: =+'02'!D8 -> 0 | E9: =+'03'!D8 -> 0 | F9: =+'04'!D8 -> 0 | G9: =+'05'!D8 -> 0 | H9: =+'06'!D8 -> 0 | I9: =+'07'!D8 -> 0 | J9: =+'08'!D8 -> 0 | K9: =+'09'!D8 -> 0 | L9: =+'10'!D8 -> 0 | M9: =+'11'!D8 -> 0 | N9: =+'12'!D8 -> 0 | O9: =+'13'!D8 -> 0 | P9: =+'14'!D8 -> 0 | Q9: =+'15'!D8 -> 0 | R9: =+'16'!D8 -> 0 | S9: =+'17'!D8 -> 0 | T9: =+'18'!D8 -> 0 | U9: =+'19'!D8 -> 0 | V9: =+'20'!D8 -> 0 | W9: =+'21'!D8 -> 0 | X9: =+'22'!D8 -> 0 | Y9: =+'23'!D8 -> 0 | Z9: =+'24'!D8 -> 0 | AA9: =+'25'!D8 -> 0 | AB9: =+'26'!D8 -> 0 | AC9: =+'27'!D8 -> 0 | AD9: =+'28'!D8 -> 0 | AE9: =+'29'!D8 -> 0 | AF9: =+'30'!D8 -> 0 | AG9: =+'31'!D8 -> 0 | AH9: =+C9+D9+E9+F9+G9+H9+I9+J9+K9+L9+M9+N9+O9+P9+Q9+R9+S9+T9+U9+V9+W9+X9+Y9+Z9+AA9+AB9+AC9+AD9+AE9+AF9+AG9 -> 0 | AK9: =+AH9-AJ9 -> 0
A10: 4 | B10: เบิกกรมบัญชีกลาง (IPD) ((1.5)) | C10: =+'01'!D9 -> 14625.57 | D10: =+'02'!D9 -> 10241.75 | E10: =+'03'!D9 -> 1002440.3 | F10: =+'04'!D9 -> 301960.54 | G10: =+'05'!D9 -> 2011182.8 | H10: =+'06'!D9 -> 119707.28 | I10: =+'07'!D9 -> 395076.87 | J10: =+'08'!D9 -> 39275.5 | K10: =+'09'!D9 -> 606366.98 | L10: =+'10'!D9 -> 520167.66 | M10: =+'11'!D9 -> 511836.05 | N10: =+'12'!D9 -> 97675.5 | O10: =+'13'!D9 -> 355525.54 | P10: =+'14'!D9 -> 601392.47 | Q10: =+'15'!D9 -> 274115 | R10: =+'16'!D9 -> 679335.82 | S10: =+'17'!D9 -> 745840.03 | T10: =+'18'!D9 -> 624372.94 | U10: =+'19'!D9 -> 318129 | V10: =+'20'!D9 -> 241412.25 | W10: =+'21'!D9 -> 227948.23 | X10: =+'22'!D9 -> 506953.09 | Y10: =+'23'!D9 -> 263419.79 | Z10: =+'24'!D9 -> 1076650 | AA10: =+'25'!D9 -> 378301.64 | AB10: =+'26'!D9 -> 652944.31 | AC10: =+'27'!D9 -> 242887.03 | AD10: =+'28'!D9 -> 403418.64 | AE10: =+'29'!D9 -> 198262.26 | AF10: =+'30'!D9 -> 314636.63 | AG10: =+'31'!D9 -> 0 | AH10: =+C10+D10+E10+F10+G10+H10+I10+J10+K10+L10+M10+N10+O10+P10+Q10+R10+S10+T10+U10+V10+W10+X10+Y10+Z10+AA10+AB10+AC10+AD10+AE10+AF10+AG10 -> 13736101 | AJ10: =6861589.76+6874511.62 -> 13736101 | AK10: =+AH10-AJ10 -> 0
B11: เบิกกรมบัญชีกลาง (IPD) กทม. ((1.5)) | C11: =+'01'!D10 -> 0 | D11: =+'02'!D10 -> 0 | E11: =+'03'!D10 -> 0 | F11: =+'04'!D10 -> 0 | G11: =+'05'!D10 -> 0 | H11: =+'06'!D10 -> 0 | I11: =+'07'!D10 -> 0 | J11: =+'08'!D10 -> 0 | K11: =+'09'!D10 -> 0 | L11: =+'10'!D10 -> 0 | M11: =+'11'!D10 -> 0 | N11: =+'12'!D10 -> 0 | O11: =+'13'!D10 -> 0 | P11: =+'14'!D10 -> 0 | Q11: =+'15'!D10 -> 0 | R11: =+'16'!D10 -> 0 | S11: =+'17'!D10 -> 0 | T11: =+'18'!D10 -> 0 | U11: =+'19'!D10 -> 0 | V11: =+'20'!D10 -> 0 | W11: =+'21'!D10 -> 0 | X11: =+'22'!D10 -> 0 | Y11: =+'23'!D10 -> 0 | Z11: =+'24'!D10 -> 0 | AA11: =+'25'!D10 -> 0 | AB11: =+'26'!D10 -> 0 | AC11: =+'27'!D10 -> 0 | AD11: =+'28'!D10 -> 0 | AE11: =+'29'!D10 -> 0 | AF11: =+'30'!D10 -> 0 | AG11: =+'31'!D10 -> 0 | AH11: =+C11+D11+E11+F11+G11+H11+I11+J11+K11+L11+M11+N11+O11+P11+Q11+R11+S11+T11+U11+V11+W11+X11+Y11+Z11+AA11+AB11+AC11+AD11+AE11+AF11+AG11 -> 0 | AK11: =+AH11-AJ11 -> 0
B12: เบิกกรมบัญชีกลาง (IPD) ไตเทียม ((1.1)) | C12: =+'01'!D11 -> 0 | D12: =+'02'!D11 -> 0 | E12: =+'03'!D11 -> 0 | F12: =+'04'!D11 -> 0 | G12: =+'05'!D11 -> 0 | H12: =+'06'!D11 -> 0 | I12: =+'07'!D11 -> 0 | J12: =+'08'!D11 -> 0 | K12: =+'09'!D11 -> 0 | L12: =+'10'!D11 -> 0 | M12: =+'11'!D11 -> 0 | N12: =+'12'!D11 -> 0 | O12: =+'13'!D11 -> 0 | P12: =+'14'!D11 -> 0 | Q12: =+'15'!D11 -> 0 | R12: =+'16'!D11 -> 0 | S12: =+'17'!D11 -> 0 | T12: =+'18'!D11 -> 0 | U12: =+'19'!D11 -> 24110 | V12: =+'20'!D11 -> 0 | W12: =+'21'!D11 -> 0 | X12: =+'22'!D11 -> 0 | Y12: =+'23'!D11 -> 0 | Z12: =+'24'!D11 -> 33072 | AA12: =+'25'!D11 -> 8392 | AB12: =+'26'!D11 -> 0 | AC12: =+'27'!D11 -> 18548 | AD12: =+'28'!D11 -> 0 | AE12: =+'29'!D11 -> 0 | AF12: =+'30'!D11 -> 0 | AG12: =+'31'!D11 -> 0 | AH12: =+C12+D12+E12+F12+G12+H12+I12+J12+K12+L12+M12+N12+O12+P12+Q12+R12+S12+T12+U12+V12+W12+X12+Y12+Z12+AA12+AB12+AC12+AD12+AE12+AF12+AG12 -> 84122 | AJ12: 84122 | AK12: =+AH12-AJ12 -> 0
A13: 5 | B13: องค์กรปกครองส่วนท้องถิ่น (OPD) ((3.6)) | C13: =+'01'!D12 -> 250757 | D13: =+'02'!D12 -> 204218.5 | E13: =+'03'!D12 -> 99684.5 | F13: =+'04'!D12 -> 173171.75 | G13: =+'05'!D12 -> 8111.5 | H13: =+'06'!D12 -> 2595 | I13: =+'07'!D12 -> 194220.5 | J13: =+'08'!D12 -> 148808.5 | K13: =+'09'!D12 -> 221222.5 | L13: =+'10'!D12 -> 98994.25 | M13: =+'11'!D12 -> 101994.75 | N13: =+'12'!D12 -> 11465.25 | O13: =+'13'!D12 -> 1080 | P13: =+'14'!D12 -> 99846.75 | Q13: =+'15'!D12 -> 152161 | R13: =+'16'!D12 -> 206032 | S13: =+'17'!D12 -> 116098.5 | T13: =+'18'!D12 -> 152679.75 | U13: =+'19'!D12 -> 31056 | V13: =+'20'!D12 -> 1965 | W13: =+'21'!D12 -> 135374.75 | X13: =+'22'!D12 -> 189018 | Y13: =+'23'!D12 -> 114224.25 | Z13: =+'24'!D12 -> 84758.25 | AA13: =+'25'!D12 -> 98683.24 | AB13: =+'26'!D12 -> 31477.75 | AC13: =+'27'!D12 -> 990 | AD13: =+'28'!D12 -> 184521 | AE13: =+'29'!D12 -> 160522.5 | AF13: =+'30'!D12 -> 235698.87 | AG13: =+'31'!D12 -> 0 | AH13: =+C13+D13+E13+F13+G13+H13+I13+J13+K13+L13+M13+N13+O13+P13+Q13+R13+S13+T13+U13+V13+W13+X13+Y13+Z13+AA13+AB13+AC13+AD13+AE13+AF13+AG13 -> 3511431.6 | AJ13: =1768331.75+1743099.86 -> 3511431.6 | AK13: =+AH13-AJ13 -> 0
B14: องค์กรปกครองส่วนท้องถิ่น (OPD) ไตเทียม ((3.6)) | C14: =+'01'!D13 -> 0 | D14: =+'02'!D13 -> 0 | E14: =+'03'!D13 -> 0 | F14: =+'04'!D13 -> 0 | G14: =+'05'!D13 -> 0 | H14: =+'06'!D13 -> 0 | I14: =+'07'!D13 -> 0 | J14: =+'08'!D13 -> 0 | K14: =+'09'!D13 -> 0 | L14: =+'10'!D13 -> 0 | M14: =+'11'!D13 -> 0 | N14: =+'12'!D13 -> 0 | O14: =+'13'!D13 -> 0 | P14: =+'14'!D13 -> 0 | Q14: =+'15'!D13 -> 0 | R14: =+'16'!D13 -> 0 | S14: =+'17'!D13 -> 0 | T14: =+'18'!D13 -> 0 | U14: =+'19'!D13 -> 0 | V14: =+'20'!D13 -> 0 | W14: =+'21'!D13 -> 0 | X14: =+'22'!D13 -> 0 | Y14: =+'23'!D13 -> 0 | Z14: =+'24'!D13 -> 0 | AA14: =+'25'!D13 -> 0 | AB14: =+'26'!D13 -> 0 | AC14: =+'27'!D13 -> 0 | AD14: =+'28'!D13 -> 0 | AE14: =+'29'!D13 -> 0 | AF14: =+'30'!D13 -> 0 | AG14: =+'31'!D13 -> 0 | AH14: =+C14+D14+E14+F14+G14+H14+I14+J14+K14+L14+M14+N14+O14+P14+Q14+R14+S14+T14+U14+V14+W14+X14+Y14+Z14+AA14+AB14+AC14+AD14+AE14+AF14+AG14 -> 0 | AK14: =+AH14-AJ14 -> 0
A15: 6 | B15: องค์กรปกครองส่วนท้องถิ่น (IPD) ((3.5)) | C15: =+'01'!D14 -> 0 | D15: =+'02'!D14 -> 0 | E15: =+'03'!D14 -> 251744.69 | F15: =+'04'!D14 -> 28292.75 | G15: =+'05'!D14 -> 97963 | H15: =+'06'!D14 -> 18868.54 | I15: =+'07'!D14 -> 19090 | J15: =+'08'!D14 -> 0 | K15: =+'09'!D14 -> 29935.54 | L15: =+'10'!D14 -> 27436.75 | M15: =+'11'!D14 -> 27597.75 | N15: =+'12'!D14 -> 18074.75 | O15: =+'13'!D14 -> 211667.87 | P15: =+'14'!D14 -> 13183.5 | Q15: =+'15'!D14 -> 710974 | R15: =+'16'!D14 -> 0 | S15: =+'17'!D14 -> 47681.81 | T15: =+'18'!D14 -> 0 | U15: =+'19'!D14 -> 0 | V15: =+'20'!D14 -> 5160.25 | W15: =+'21'!D14 -> 62977.3 | X15: =+'22'!D14 -> 74546.17 | Y15: =+'23'!D14 -> 0 | Z15: =+'24'!D14 -> 17331 | AA15: =+'25'!D14 -> 114142 | AB15: =+'26'!D14 -> 76135.26 | AC15: =+'27'!D14 -> 0 | AD15: =+'28'!D14 -> 0 | AE15: =+'29'!D14 -> 105573.14 | AF15: =+'30'!D14 -> 422763.02 | AG15: =+'31'!D14 -> 0 | AH15: =+C15+D15+E15+F15+G15+H15+I15+J15+K15+L15+M15+N15+O15+P15+Q15+R15+S15+T15+U15+V15+W15+X15+Y15+Z15+AA15+AB15+AC15+AD15+AE15+AF15+AG15 -> 2381139.1 | AJ15: =1454829.14+926309.95 -> 2381139.1 | AK15: =+AH15-AJ15 -> 0
B16: องค์กรปกครองส่วนท้องถิ่น (IPD) ไตเทียม ((3.5)) | C16: =+'01'!D15 -> 0 | D16: =+'02'!D15 -> 0 | E16: =+'03'!D15 -> 0 | F16: =+'04'!D15 -> 0 | G16: =+'05'!D15 -> 0 | H16: =+'06'!D15 -> 0 | I16: =+'07'!D15 -> 0 | J16: =+'08'!D15 -> 0 | K16: =+'09'!D15 -> 0 | L16: =+'10'!D15 -> 12192 | M16: =+'11'!D15 -> 0 | N16: =+'12'!D15 -> 0 | O16: =+'13'!D15 -> 0 | P16: =+'14'!D15 -> 0 | Q16: =+'15'!D15 -> 0 | R16: =+'16'!D15 -> 0 | S16: =+'17'!D15 -> 0 | T16: =+'18'!D15 -> 0 | U16: =+'19'!D15 -> 0 | V16: =+'20'!D15 -> 0 | W16: =+'21'!D15 -> 8624 | X16: =+'22'!D15 -> 0 | Y16: =+'23'!D15 -> 0 | Z16: =+'24'!D15 -> 0 | AA16: =+'25'!D15 -> 0 | AB16: =+'26'!D15 -> 0 | AC16: =+'27'!D15 -> 0 | AD16: =+'28'!D15 -> 0 | AE16: =+'29'!D15 -> 0 | AF16: =+'30'!D15 -> 0 | AG16: =+'31'!D15 -> 0 | AH16: =+C16+D16+E16+F16+G16+H16+I16+J16+K16+L16+M16+N16+O16+P16+Q16+R16+S16+T16+U16+V16+W16+X16+Y16+Z16+AA16+AB16+AC16+AD16+AE16+AF16+AG16 -> 20816 | AJ16: 20816 | AK16: =+AH16-AJ16 -> 0
A17: 7 | B17: สิทธิ พรบ. เรียกเก็บ OPD ((2.2)) | C17: =+'01'!D16 -> 7239 | D17: =+'02'!D16 -> 30121 | E17: =+'03'!D16 -> 58020 | F17: =+'04'!D16 -> 19277.5 | G17: =+'05'!D16 -> 23759.75 | H17: =+'06'!D16 -> 10755 | I17: =+'07'!D16 -> 20087 | J17: =+'08'!D16 -> 24517.75 | K17: =+'09'!D16 -> 24679.25 | L17: =+'10'!D16 -> 12590.25 | M17: =+'11'!D16 -> 31367.5 | N17: =+'12'!D16 -> 33764.2 | O17: =+'13'!D16 -> 10921.75 | P17: =+'14'!D16 -> 28001.25 | Q17: =+'15'!D16 -> 25006.5 | R17: =+'16'!D16 -> 21258.75 | S17: =+'17'!D16 -> 38196.5 | T17: =+'18'!D16 -> 6652.5 | U17: =+'19'!D16 -> 18016.46 | V17: =+'20'!D16 -> 6330.5 | W17: =+'21'!D16 -> 5960 | X17: =+'22'!D16 -> 8498 | Y17: =+'23'!D16 -> 24203.46 | Z17: =+'24'!D16 -> 7886.75 | AA17: =+'25'!D16 -> 7619 | AB17: =+'26'!D16 -> 21004.5 | AC17: =+'27'!D16 -> 14450 | AD17: =+'28'!D16 -> 36037 | AE17: =+'29'!D16 -> 16403.25 | AF17: =+'30'!D16 -> 26170.25 | AG17: =+'31'!D16 -> 0 | AH17: =+C17+D17+E17+F17+G17+H17+I17+J17+K17+L17+M17+N17+O17+P17+Q17+R17+S17+T17+U17+V17+W17+X17+Y17+Z17+AA17+AB17+AC17+AD17+AE17+AF17+AG17 -> 618794.62 | AJ17: =193777+187589.45+158817.67+78610.5 -> 618794.62 | AK17: =+AH17-AJ17 -> 0
B18: สิทธิ พรบ. เรียกเก็บ IPD ((2.1)) | C18: =+'01'!D17 -> 127214 | D18: =+'02'!D17 -> 11539 | E18: =+'03'!D17 -> 154651.5 | F18: =+'04'!D17 -> 205807.5 | G18: =+'05'!D17 -> 50020.05 | H18: =+'06'!D17 -> 61025.29 | I18: =+'07'!D17 -> 36617.5 | J18: =+'08'!D17 -> 110000 | K18: =+'09'!D17 -> 118398.25 | L18: =+'10'!D17 -> 68207 | M18: =+'11'!D17 -> 52150 | N18: =+'12'!D17 -> 18635 | O18: =+'13'!D17 -> 36471.75 | P18: =+'14'!D17 -> 151340 | Q18: =+'15'!D17 -> 60000 | R18: =+'16'!D17 -> 173062.25 | S18: =+'17'!D17 -> 109589 | T18: =+'18'!D17 -> 93704.5 | U18: =+'19'!D17 -> 121843.55 | V18: =+'20'!D17 -> 0 | W18: =+'21'!D17 -> 112645 | X18: =+'22'!D17 -> 0 | Y18: =+'23'!D17 -> 51607.25 | Z18: =+'24'!D17 -> 63715 | AA18: =+'25'!D17 -> 30000 | AB18: =+'26'!D17 -> 30000 | AC18: =+'27'!D17 -> 0 | AD18: =+'28'!D17 -> 79461.75 | AE18: =+'29'!D17 -> 131655.75 | AF18: =+'30'!D17 -> 0 | AG18: =+'31'!D17 -> 0 | AH18: =+C18+D18+E18+F18+G18+H18+I18+J18+K18+L18+M18+N18+O18+P18+Q18+R18+S18+T18+U18+V18+W18+X18+Y18+Z18+AA18+AB18+AC18+AD18+AE18+AF18+AG18 -> 2259360.9 | AJ18: =756874.84+678264.25+613104.3+211117.5 -> 2259360.9 | AK18: =+AH18-AJ18 -> 0
A19: 8 | B19: สิทธิ ประกันชีวิต/ต่างประเทศ OPD ((3.2 OPD)) | C19: =+'01'!D18 -> 25213.75 | D19: =+'02'!D18 -> 27194.5 | E19: =+'03'!D18 -> 14609.61 | F19: =+'04'!D18 -> 5605.25 | G19: =+'05'!D18 -> 236441.6 | H19: =+'06'!D18 -> 99126.25 | I19: =+'07'!D18 -> 0 | J19: =+'08'!D18 -> 115636.25 | K19: =+'09'!D18 -> 1111 | L19: =+'10'!D18 -> 2200 | M19: =+'11'!D18 -> 15872.46 | N19: =+'12'!D18 -> 6342 | O19: =+'13'!D18 -> 1250 | P19: =+'14'!D18 -> 4080.5 | Q19: =+'15'!D18 -> 6302 | R19: =+'16'!D18 -> 22713.5 | S19: =+'17'!D18 -> 1603 | T19: =+'18'!D18 -> 5692 | U19: =+'19'!D18 -> 17971 | V19: =+'20'!D18 -> 0 | W19: =+'21'!D18 -> 18079 | X19: =+'22'!D18 -> 114178.86 | Y19: =+'23'!D18 -> 80981.96 | Z19: =+'24'!D18 -> 9672 | AA19: =+'25'!D18 -> 1959 | AB19: =+'26'!D18 -> 32171 | AC19: =+'27'!D18 -> 6170.2 | AD19: =+'28'!D18 -> 3852 | AE19: =+'29'!D18 -> 78532.52 | AF19: =+'30'!D18 -> 0 | AG19: =+'31'!D18 -> 0 | AH19: =+C19+D19+E19+F19+G19+H19+I19+J19+K19+L19+M19+N19+O19+P19+Q19+R19+S19+T19+U19+V19+W19+X19+Y19+Z19+AA19+AB19+AC19+AD19+AE19+AF19+AG19 -> 954561.21 | AJ19: 954561.21 | AK19: =+AH19-AJ19 -> 0
B20: สิทธิ ประกันชีวิต/ต่างประเทศ IPD ((3.1 IPD)) | C20: =+'01'!D19 -> 125498.75 | D20: =+'02'!D19 -> 132334.75 | E20: =+'03'!D19 -> 192659.1 | F20: =+'04'!D19 -> 194130.65 | G20: =+'05'!D19 -> 89096 | H20: =+'06'!D19 -> 0 | I20: =+'07'!D19 -> 3809.75 | J20: =+'08'!D19 -> 1427767.2 | K20: =+'09'!D19 -> 128417.54 | L20: =+'10'!D19 -> 35649.25 | M20: =+'11'!D19 -> 263533.25 | N20: =+'12'!D19 -> 58909.97 | O20: =+'13'!D19 -> 42362.75 | P20: =+'14'!D19 -> 0 | Q20: =+'15'!D19 -> 132534.75 | R20: =+'16'!D19 -> 130690 | S20: =+'17'!D19 -> 245048 | T20: =+'18'!D19 -> 689861.06 | U20: =+'19'!D19 -> 57138.25 | V20: =+'20'!D19 -> 264527.04 | W20: =+'21'!D19 -> 317808.75 | X20: =+'22'!D19 -> 167039.26 | Y20: =+'23'!D19 -> 139151.28 | Z20: =+'24'!D19 -> 6263415.3 | AA20: =+'25'!D19 -> 532900.28 | AB20: =+'26'!D19 -> 6800 | AC20: =+'27'!D19 -> 0 | AD20: =+'28'!D19 -> 157130.75 | AE20: =+'29'!D19 -> 5320 | AF20: =+'30'!D19 -> 0 | AG20: =+'31'!D19 -> 0 | AH20: =+C20+D20+E20+F20+G20+H20+I20+J20+K20+L20+M20+N20+O20+P20+Q20+R20+S20+T20+U20+V20+W20+X20+Y20+Z20+AA20+AB20+AC20+AD20+AE20+AF20+AG20 -> 11803534 | AJ20: 11803534 | AK20: =+AH20-AJ20 -> 0
A21: 9 | B21: เบิกต้นสังกัด/บริษัทห้างร้าน OPD ((3.4)) | C21: =+'01'!D20 -> 0 | D21: =+'02'!D20 -> 0 | E21: =+'03'!D20 -> 0 | F21: =+'04'!D20 -> 0 | G21: =+'05'!D20 -> 0 | H21: =+'06'!D20 -> 0 | I21: =+'07'!D20 -> 180409.49 | J21: =+'08'!D20 -> 168326.84 | K21: =+'09'!D20 -> 41760 | L21: =+'10'!D20 -> 0 | M21: =+'11'!D20 -> 0 | N21: =+'12'!D20 -> 0 | O21: =+'13'!D20 -> 0 | P21: =+'14'!D20 -> 44650 | Q21: =+'15'!D20 -> 619616.61 | R21: =+'16'!D20 -> 0 | S21: =+'17'!D20 -> 268694.23 | T21: =+'18'!D20 -> 915081.36 | U21: =+'19'!D20 -> 0 | V21: =+'20'!D20 -> 0 | W21: =+'21'!D20 -> 20210.61 | X21: =+'22'!D20 -> 51508.61 | Y21: =+'23'!D20 -> 0 | Z21: =+'24'!D20 -> 0 | AA21: =+'25'!D20 -> 0 | AB21: =+'26'!D20 -> 0 | AC21: =+'27'!D20 -> 0 | AD21: =+'28'!D20 -> 704822.46 | AE21: =+'29'!D20 -> 417100.36 | AF21: =+'30'!D20 -> 178015.82 | AG21: =+'31'!D20 -> 0 | AH21: =+C21+D21+E21+F21+G21+H21+I21+J21+K21+L21+M21+N21+O21+P21+Q21+R21+S21+T21+U21+V21+W21+X21+Y21+Z21+AA21+AB21+AC21+AD21+AE21+AF21+AG21 -> 3610196.4 | AJ21: =1054762.94+2555433.45 -> 3610196.4 | AK21: =+AH21-AJ21 -> 0
B22: เบิกต้นสังกัด/บริษัทห้างร้าน IPD ((3.3)) | C22: =+'01'!D21 -> 0 | D22: =+'02'!D21 -> 0 | E22: =+'03'!D21 -> 0 | F22: =+'04'!D21 -> 0 | G22: =+'05'!D21 -> 0 | H22: =+'06'!D21 -> 0 | I22: =+'07'!D21 -> 0 | J22: =+'08'!D21 -> 366945.81 | K22: =+'09'!D21 -> 0 | L22: =+'10'!D21 -> 0 | M22: =+'11'!D21 -> 0 | N22: =+'12'!D21 -> 0 | O22: =+'13'!D21 -> 0 | P22: =+'14'!D21 -> 0 | Q22: =+'15'!D21 -> 0 | R22: =+'16'!D21 -> 0 | S22: =+'17'!D21 -> 812100.79 | T22: =+'18'!D21 -> 0 | U22: =+'19'!D21 -> 0 | V22: =+'20'!D21 -> 0 | W22: =+'21'!D21 -> 0 | X22: =+'22'!D21 -> 2737615.6 | Y22: =+'23'!D21 -> 0 | Z22: =+'24'!D21 -> 0 | AA22: =+'25'!D21 -> 0 | AB22: =+'26'!D21 -> 0 | AC22: =+'27'!D21 -> 0 | AD22: =+'28'!D21 -> 1608995.7 | AE22: =+'29'!D21 -> 0 | AF22: =+'30'!D21 -> 0 | AG22: =+'31'!D21 -> 0 | AH22: =+C22+D22+E22+F22+G22+H22+I22+J22+K22+L22+M22+N22+O22+P22+Q22+R22+S22+T22+U22+V22+W22+X22+Y22+Z22+AA22+AB22+AC22+AD22+AE22+AF22+AG22 -> 5525657.9 | AJ22: =366945.81+5158712.09 -> 5525657.9 | AK22: =+AH22-AJ22 -> 0
A23: 10 | B23: ปกส.-OP เครือข่าย ((9.6)) | C23: =+'01'!D22 -> 1660407.5 | D23: =+'02'!D22 -> 938187.56 | E23: =+'03'!D22 -> 865509.33 | F23: =+'04'!D22 -> 774877.8 | G23: =+'05'!D22 -> 226607 | H23: =+'06'!D22 -> 133636.25 | I23: =+'07'!D22 -> 978100.91 | J23: =+'08'!D22 -> 838568.94 | K23: =+'09'!D22 -> 983400.33 | L23: =+'10'!D22 -> 936833.08 | M23: =+'11'!D22 -> 730131.14 | N23: =+'12'!D22 -> 80634.75 | O23: =+'13'!D22 -> 110851.5 | P23: =+'14'!D22 -> 821070.08 | Q23: =+'15'!D22 -> 919973.33 | R23: =+'16'!D22 -> 1041912.5 | S23: =+'17'!D22 -> 1010094 | T23: =+'18'!D22 -> 774252.67 | U23: =+'19'!D22 -> 116848.25 | V23: =+'20'!D22 -> 155818 | W23: =+'21'!D22 -> 844824.19 | X23: =+'22'!D22 -> 866438.97 | Y23: =+'23'!D22 -> 794683.45 | Z23: =+'24'!D22 -> 864949.58 | AA23: =+'25'!D22 -> 778999.94 | AB23: =+'26'!D22 -> 161525.5 | AC23: =+'27'!D22 -> 134518.25 | AD23: =+'28'!D22 -> 833059.93 | AE23: =+'29'!D22 -> 856072.97 | AF23: =+'30'!D22 -> 896187.06 | AG23: =+'31'!D22 -> 0 | AH23: =+C23+D23+E23+F23+G23+H23+I23+J23+K23+L23+M23+N23+O23+P23+Q23+R23+S23+T23+U23+V23+W23+X23+Y23+Z23+AA23+AB23+AC23+AD23+AE23+AF23+AG23 -> 21128975 | AJ23: 21128975 | AK23: =+AH23-AJ23 -> 0
B24: ปกส.-OP ต่างเครือข่าย | C24: =+'01'!D23 -> 6699.49 | D24: =+'02'!D23 -> 10215.86 | E24: =+'03'!D23 -> 12373.25 | F24: =+'04'!D23 -> 17662.25 | G24: =+'05'!D23 -> 0 | H24: =+'06'!D23 -> 0 | I24: =+'07'!D23 -> 13612.5 | J24: =+'08'!D23 -> 61550.25 | K24: =+'09'!D23 -> 31911.1 | L24: =+'10'!D23 -> 6565 | M24: =+'11'!D23 -> 15900.5 | N24: =+'12'!D23 -> 8150 | O24: =+'13'!D23 -> 0 | P24: =+'14'!D23 -> 43878.25 | Q24: =+'15'!D23 -> 42419.86 | R24: =+'16'!D23 -> 30094.49 | S24: =+'17'!D23 -> 31606.5 | T24: =+'18'!D23 -> 16069.5 | U24: =+'19'!D23 -> 7070 | V24: =+'20'!D23 -> 0 | W24: =+'21'!D23 -> 47849.25 | X24: =+'22'!D23 -> 67892.24 | Y24: =+'23'!D23 -> 35073.75 | Z24: =+'24'!D23 -> 39028.25 | AA24: =+'25'!D23 -> 28681.5 | AB24: =+'26'!D23 -> 0 | AC24: =+'27'!D23 -> 0 | AD24: =+'28'!D23 -> 9322.25 | AE24: =+'29'!D23 -> 14436.86 | AF24: =+'30'!D23 -> 33006.97 | AG24: =+'31'!D23 -> 0 | AH24: =+C24+D24+E24+F24+G24+H24+I24+J24+K24+L24+M24+N24+O24+P24+Q24+R24+S24+T24+U24+V24+W24+X24+Y24+Z24+AA24+AB24+AC24+AD24+AE24+AF24+AG24 -> 631069.87 | AJ24: 631069.87 | AK24: =+AH24-AJ24 -> 0
B25: ปกส.-72 ชม. ((9.1))((1102050194.306)) | C25: =+'01'!D24 -> 0 | D25: =+'02'!D24 -> 0 | E25: =+'03'!D24 -> 0 | F25: =+'04'!D24 -> 0 | G25: =+'05'!D24 -> 0 | H25: =+'06'!D24 -> 0 | I25: =+'07'!D24 -> 0 | J25: =+'08'!D24 -> 0 | K25: =+'09'!D24 -> 0 | L25: =+'10'!D24 -> 0 | M25: =+'11'!D24 -> 0 | N25: =+'12'!D24 -> 0 | O25: =+'13'!D24 -> 0 | P25: =+'14'!D24 -> 0 | Q25: =+'15'!D24 -> 0 | R25: =+'16'!D24 -> 0 | S25: =+'17'!D24 -> 0 | T25: =+'18'!D24 -> 0 | U25: =+'19'!D24 -> 0 | V25: =+'20'!D24 -> 0 | W25: =+'21'!D24 -> 0 | X25: =+'22'!D24 -> 0 | Y25: =+'23'!D24 -> 0 | Z25: =+'24'!D24 -> 0 | AA25: =+'25'!D24 -> 0 | AB25: =+'26'!D24 -> 0 | AC25: =+'27'!D24 -> 0 | AD25: =+'28'!D24 -> 0 | AE25: =+'29'!D24 -> 0 | AF25: =+'30'!D24 -> 0 | AG25: =+'31'!D24 -> 0 | AH25: =+C25+D25+E25+F25+G25+H25+I25+J25+K25+L25+M25+N25+O25+P25+Q25+R25+S25+T25+U25+V25+W25+X25+Y25+Z25+AA25+AB25+AC25+AD25+AE25+AF25+AG25 -> 0 | AK25: =+AH25-AJ25 -> 0
B26: ปกส.-OP ทุพพลภาพ | C26: =+'01'!D25 -> 0 | D26: =+'02'!D25 -> 0 | E26: =+'03'!D25 -> 0 | F26: =+'04'!D25 -> 0 | G26: =+'05'!D25 -> 0 | H26: =+'06'!D25 -> 0 | I26: =+'07'!D25 -> 0 | J26: =+'08'!D25 -> 0 | K26: =+'09'!D25 -> 0 | L26: =+'10'!D25 -> 0 | M26: =+'11'!D25 -> 0 | N26: =+'12'!D25 -> 0 | O26: =+'13'!D25 -> 0 | P26: =+'14'!D25 -> 0 | Q26: =+'15'!D25 -> 0 | R26: =+'16'!D25 -> 0 | S26: =+'17'!D25 -> 0 | T26: =+'18'!D25 -> 0 | U26: =+'19'!D25 -> 0 | V26: =+'20'!D25 -> 0 | W26: =+'21'!D25 -> 0 | X26: =+'22'!D25 -> 0 | Y26: =+'23'!D25 -> 0 | Z26: =+'24'!D25 -> 0 | AA26: =+'25'!D25 -> 0 | AB26: =+'26'!D25 -> 0 | AC26: =+'27'!D25 -> 0 | AD26: =+'28'!D25 -> 0 | AE26: =+'29'!D25 -> 0 | AF26: =+'30'!D25 -> 0 | AG26: =+'31'!D25 -> 0 | AH26: =+C26+D26+E26+F26+G26+H26+I26+J26+K26+L26+M26+N26+O26+P26+Q26+R26+S26+T26+U26+V26+W26+X26+Y26+Z26+AA26+AB26+AC26+AD26+AE26+AF26+AG26 -> 0 | AK26: =+AH26-AJ26 -> 0
B27: ปกส.-OP คชจ.สูง ((9.1))((1102050194.307)) | C27: =+'01'!D26 -> 9047.5 | D27: =+'02'!D26 -> 7115.5 | E27: =+'03'!D26 -> 2410 | F27: =+'04'!D26 -> 14704.75 | G27: =+'05'!D26 -> 0 | H27: =+'06'!D26 -> 0 | I27: =+'07'!D26 -> 0 | J27: =+'08'!D26 -> 5847.5 | K27: =+'09'!D26 -> 18964 | L27: =+'10'!D26 -> 6296 | M27: =+'11'!D26 -> 3360 | N27: =+'12'!D26 -> 0 | O27: =+'13'!D26 -> 0 | P27: =+'14'!D26 -> 50550 | Q27: =+'15'!D26 -> 27495.5 | R27: =+'16'!D26 -> 25233 | S27: =+'17'!D26 -> 24783.5 | T27: =+'18'!D26 -> 23152 | U27: =+'19'!D26 -> 0 | V27: =+'20'!D26 -> 0 | W27: =+'21'!D26 -> 23897 | X27: =+'22'!D26 -> 55685 | Y27: =+'23'!D26 -> 10895.25 | Z27: =+'24'!D26 -> 3900 | AA27: =+'25'!D26 -> 3542 | AB27: =+'26'!D26 -> 0 | AC27: =+'27'!D26 -> 0 | AD27: =+'28'!D26 -> 4110 | AE27: =+'29'!D26 -> 9267.5 | AF27: =+'30'!D26 -> 32216 | AG27: =+'31'!D26 -> 0 | AH27: =+C27+D27+E27+F27+G27+H27+I27+J27+K27+L27+M27+N27+O27+P27+Q27+R27+S27+T27+U27+V27+W27+X27+Y27+Z27+AA27+AB27+AC27+AD27+AE27+AF27+AG27 -> 362472 | AJ27: 362472 | AK27: =+AH27-AJ27 -> 0
B28: ปกส.-กองทุนทดแทน ((9.1))((1102050194.305)) | C28: =+'01'!D27 -> 4980.5 | D28: =+'02'!D27 -> 664 | E28: =+'03'!D27 -> 2192.5 | F28: =+'04'!D27 -> 1899.25 | G28: =+'05'!D27 -> 0 | H28: =+'06'!D27 -> 0 | I28: =+'07'!D27 -> 1726.5 | J28: =+'08'!D27 -> 1560 | K28: =+'09'!D27 -> 706.5 | L28: =+'10'!D27 -> 944.5 | M28: =+'11'!D27 -> 6848.25 | N28: =+'12'!D27 -> 510 | O28: =+'13'!D27 -> 0 | P28: =+'14'!D27 -> 930 | Q28: =+'15'!D27 -> 201 | R28: =+'16'!D27 -> 217 | S28: =+'17'!D27 -> 1021 | T28: =+'18'!D27 -> 991 | U28: =+'19'!D27 -> 1064 | V28: =+'20'!D27 -> 0 | W28: =+'21'!D27 -> 3625.25 | X28: =+'22'!D27 -> 1483 | Y28: =+'23'!D27 -> 351 | Z28: =+'24'!D27 -> 0 | AA28: =+'25'!D27 -> 1377 | AB28: =+'26'!D27 -> 1574.5 | AC28: =+'27'!D27 -> 150 | AD28: =+'28'!D27 -> 0 | AE28: =+'29'!D27 -> 1013.75 | AF28: =+'30'!D27 -> 369 | AG28: =+'31'!D27 -> 0 | AH28: =+C28+D28+E28+F28+G28+H28+I28+J28+K28+L28+M28+N28+O28+P28+Q28+R28+S28+T28+U28+V28+W28+X28+Y28+Z28+AA28+AB28+AC28+AD28+AE28+AF28+AG28 -> 36399.5 | AJ28: 36399.5 | AK28: =+AH28-AJ28 -> 0
A29: 11 | B29: ปกส.-IP ในเครือข่าย (( 9.2)) | C29: =+'01'!D28 -> 1098330.9 | D29: =+'02'!D28 -> 430639.9 | E29: =+'03'!D28 -> 1498993.2 | F29: =+'04'!D28 -> 862996.33 | G29: =+'05'!D28 -> 1344580.4 | H29: =+'06'!D28 -> 1667736.1 | I29: =+'07'!D28 -> 771498.1 | J29: =+'08'!D28 -> 852919.58 | K29: =+'09'!D28 -> 698918.18 | L29: =+'10'!D28 -> 642768.02 | M29: =+'11'!D28 -> 718547.52 | N29: =+'12'!D28 -> 1426684.1 | O29: =+'13'!D28 -> 632274.63 | P29: =+'14'!D28 -> 494504.48 | Q29: =+'15'!D28 -> 958032.57 | R29: =+'16'!D28 -> 834777.44 | S29: =+'17'!D28 -> 1136339.2 | T29: =+'18'!D28 -> 697927.35 | U29: =+'19'!D28 -> 733162.47 | V29: =+'20'!D28 -> 456264.88 | W29: =+'21'!D28 -> 668477.11 | X29: =+'22'!D28 -> 290191.33 | Y29: =+'23'!D28 -> 1031923 | Z29: =+'24'!D28 -> 758848.19 | AA29: =+'25'!D28 -> 552103.74 | AB29: =+'26'!D28 -> 743753.97 | AC29: =+'27'!D28 -> 731220.36 | AD29: =+'28'!D28 -> 525262.48 | AE29: =+'29'!D28 -> 508752.27 | AF29: =+'30'!D28 -> 903954.85 | AG29: =+'31'!D28 -> 0 | AH29: =+C29+D29+E29+F29+G29+H29+I29+J29+K29+L29+M29+N29+O29+P29+Q29+R29+S29+T29+U29+V29+W29+X29+Y29+Z29+AA29+AB29+AC29+AD29+AE29+AF29+AG29 -> 24672383 | AJ29: 24672383 | AK29: =+AH29-AJ29 -> 0
B30: ปกส.-IP ต่างเครือข่าย | C30: =+'01'!D29 -> 282249.6 | D30: =+'02'!D29 -> 104949 | E30: =+'03'!D29 -> 48009.5 | F30: =+'04'!D29 -> 725753.17 | G30: =+'05'!D29 -> 73593.25 | H30: =+'06'!D29 -> 106301.5 | I30: =+'07'!D29 -> 32986.25 | J30: =+'08'!D29 -> 127695.47 | K30: =+'09'!D29 -> 23367.5 | L30: =+'10'!D29 -> 81201.25 | M30: =+'11'!D29 -> 86994 | N30: =+'12'!D29 -> 49087.25 | O30: =+'13'!D29 -> 69711.29 | P30: =+'14'!D29 -> 0 | Q30: =+'15'!D29 -> 14976.25 | R30: =+'16'!D29 -> 64348.32 | S30: =+'17'!D29 -> 91333.47 | T30: =+'18'!D29 -> 97138.5 | U30: =+'19'!D29 -> 1830697.8 | V30: =+'20'!D29 -> 0 | W30: =+'21'!D29 -> 199881.13 | X30: =+'22'!D29 -> 59129.25 | Y30: =+'23'!D29 -> 58291.78 | Z30: =+'24'!D29 -> 0 | AA30: =+'25'!D29 -> 341954.12 | AB30: =+'26'!D29 -> 131622.25 | AC30: =+'27'!D29 -> 58233 | AD30: =+'28'!D29 -> 0 | AE30: =+'29'!D29 -> 0 | AF30: =+'30'!D29 -> 0 | AG30: =+'31'!D29 -> 0 | AH30: =+C30+D30+E30+F30+G30+H30+I30+J30+K30+L30+M30+N30+O30+P30+Q30+R30+S30+T30+U30+V30+W30+X30+Y30+Z30+AA30+AB30+AC30+AD30+AE30+AF30+AG30 -> 4759504.9 | AJ30: 4759504.9 | AK30: =+AH30-AJ30 -> 0
B31: ปกส.-72 ชม. ((9.1))((1102050194.306)) | C31: =+'01'!D30 -> 0 | D31: =+'02'!D30 -> 0 | E31: =+'03'!D30 -> 0 | F31: =+'04'!D30 -> 35573 | G31: =+'05'!D30 -> 11461 | H31: =+'06'!D30 -> 0 | I31: =+'07'!D30 -> 20123 | J31: =+'08'!D30 -> 30908.47 | K31: =+'09'!D30 -> 0 | L31: =+'10'!D30 -> 0 | M31: =+'11'!D30 -> 0 | N31: =+'12'!D30 -> 0 | O31: =+'13'!D30 -> 0 | P31: =+'14'!D30 -> 0 | Q31: =+'15'!D30 -> 0 | R31: =+'16'!D30 -> 32079.75 | S31: =+'17'!D30 -> 0 | T31: =+'18'!D30 -> 0 | U31: =+'19'!D30 -> 104586.97 | V31: =+'20'!D30 -> 0 | W31: =+'21'!D30 -> 26825.5 | X31: =+'22'!D30 -> 43613.91 | Y31: =+'23'!D30 -> 23917.75 | Z31: =+'24'!D30 -> 0 | AA31: =+'25'!D30 -> 36809.5 | AB31: =+'26'!D30 -> 0 | AC31: =+'27'!D30 -> 124932 | AD31: =+'28'!D30 -> 39725.25 | AE31: =+'29'!D30 -> 196051.1 | AF31: =+'30'!D30 -> 0 | AG31: =+'31'!D30 -> 0 | AH31: =+C31+D31+E31+F31+G31+H31+I31+J31+K31+L31+M31+N31+O31+P31+Q31+R31+S31+T31+U31+V31+W31+X31+Y31+Z31+AA31+AB31+AC31+AD31+AE31+AF31+AG31 -> 726607.2 | AJ31: 726607.2 | AK31: =+AH31-AJ31 -> 0
B32: ปกส.-IP คชจ.สูง ((9.1))((1102050194.307)) | C32: =+'01'!D31 -> 0 | D32: =+'02'!D31 -> 11313.75 | E32: =+'03'!D31 -> 0 | F32: =+'04'!D31 -> 0 | G32: =+'05'!D31 -> 0 | H32: =+'06'!D31 -> 0 | I32: =+'07'!D31 -> 0 | J32: =+'08'!D31 -> 0 | K32: =+'09'!D31 -> 0 | L32: =+'10'!D31 -> 0 | M32: =+'11'!D31 -> 0 | N32: =+'12'!D31 -> 0 | O32: =+'13'!D31 -> 0 | P32: =+'14'!D31 -> 0 | Q32: =+'15'!D31 -> 0 | R32: =+'16'!D31 -> 0 | S32: =+'17'!D31 -> 0 | T32: =+'18'!D31 -> 44064.25 | U32: =+'19'!D31 -> 0 | V32: =+'20'!D31 -> 0 | W32: =+'21'!D31 -> 0 | X32: =+'22'!D31 -> 0 | Y32: =+'23'!D31 -> 21918.5 | Z32: =+'24'!D31 -> 0 | AA32: =+'25'!D31 -> 0 | AB32: =+'26'!D31 -> 0 | AC32: =+'27'!D31 -> 0 | AD32: =+'28'!D31 -> 0 | AE32: =+'29'!D31 -> 0 | AF32: =+'30'!D31 -> 0 | AG32: =+'31'!D31 -> 0 | AH32: =+C32+D32+E32+F32+G32+H32+I32+J32+K32+L32+M32+N32+O32+P32+Q32+R32+S32+T32+U32+V32+W32+X32+Y32+Z32+AA32+AB32+AC32+AD32+AE32+AF32+AG32 -> 77296.5 | AJ32: 77296.5 | AK32: =+AH32-AJ32 -> 0
B33: ปกส.-กองทุนทดแทน ((9.1))((1102050194.305)) | C33: =+'01'!D32 -> 0 | D33: =+'02'!D32 -> 78269.75 | E33: =+'03'!D32 -> 0 | F33: =+'04'!D32 -> 25216.54 | G33: =+'05'!D32 -> 0 | H33: =+'06'!D32 -> 0 | I33: =+'07'!D32 -> 0 | J33: =+'08'!D32 -> 0 | K33: =+'09'!D32 -> 0 | L33: =+'10'!D32 -> 0 | M33: =+'11'!D32 -> 0 | N33: =+'12'!D32 -> 0 | O33: =+'13'!D32 -> 0 | P33: =+'14'!D32 -> 0 | Q33: =+'15'!D32 -> 0 | R33: =+'16'!D32 -> 0 | S33: =+'17'!D32 -> 0 | T33: =+'18'!D32 -> 0 | U33: =+'19'!D32 -> 0 | V33: =+'20'!D32 -> 0 | W33: =+'21'!D32 -> 0 | X33: =+'22'!D32 -> 0 | Y33: =+'23'!D32 -> 0 | Z33: =+'24'!D32 -> 0 | AA33: =+'25'!D32 -> 0 | AB33: =+'26'!D32 -> 0 | AC33: =+'27'!D32 -> 0 | AD33: =+'28'!D32 -> 0 | AE33: =+'29'!D32 -> 0 | AF33: =+'30'!D32 -> 0 | AG33: =+'31'!D32 -> 0 | AH33: =+C33+D33+E33+F33+G33+H33+I33+J33+K33+L33+M33+N33+O33+P33+Q33+R33+S33+T33+U33+V33+W33+X33+Y33+Z33+AA33+AB33+AC33+AD33+AE33+AF33+AG33 -> 103486.29 | AJ33: 103486.29 | AK33: =+AH33-AJ33 -> 0
A34: 12 | B34: UC OP ใน CUP ((10.5)) | C34: =+'01'!D33 -> 1222242.4 | D34: =+'02'!D33 -> 1266343.8 | E34: =+'03'!D33 -> 1167566.6 | F34: =+'04'!D33 -> 1112166.1 | G34: =+'05'!D33 -> 244067.75 | H34: =+'06'!D33 -> 124433.5 | I34: =+'07'!D33 -> 1387628.5 | J34: =+'08'!D33 -> 1241451.9 | K34: =+'09'!D33 -> 1462710.2 | L34: =+'10'!D33 -> 1366664.1 | M34: =+'11'!D33 -> 1122964.6 | N34: =+'12'!D33 -> 228290 | O34: =+'13'!D33 -> 205904.75 | P34: =+'14'!D33 -> 1440432.4 | Q34: =+'15'!D33 -> 1353671.4 | R34: =+'16'!D33 -> 1485180.7 | S34: =+'17'!D33 -> 1556664.7 | T34: =+'18'!D33 -> 1007904.3 | U34: =+'19'!D33 -> 202677.25 | V34: =+'20'!D33 -> 212405.5 | W34: =+'21'!D33 -> 1227861.1 | X34: =+'22'!D33 -> 1355179.2 | Y34: =+'23'!D33 -> 1323939.4 | Z34: =+'24'!D33 -> 1324815.6 | AA34: =+'25'!D33 -> 1111569.3 | AB34: =+'26'!D33 -> 205101.25 | AC34: =+'27'!D33 -> 236420.25 | AD34: =+'28'!D33 -> 1386783.9 | AE34: =+'29'!D33 -> 1252206.7 | AF34: =+'30'!D33 -> 1381736.3 | AG34: =+'31'!D33 -> 0 | AH34: =+C34+D34+E34+F34+G34+H34+I34+J34+K34+L34+M34+N34+O34+P34+Q34+R34+S34+T34+U34+V34+W34+X34+Y34+Z34+AA34+AB34+AC34+AD34+AE34+AF34+AG34 -> 30216983 | AJ34: 30216983 | AK34: =+AH34-AJ34 -> 0
B35: UC OP นอก CUP ใน จ.(สธ) - รพ.ป่าตอง,ฉลอง,ถลาง ((10.6)) | C35: =+'01'!D34 -> 370752.2 | D35: =+'02'!D34 -> 615414.86 | E35: =+'03'!D34 -> 674531.67 | F35: =+'04'!D34 -> 529573.55 | G35: =+'05'!D34 -> 61069 | H35: =+'06'!D34 -> 116071.5 | I35: =+'07'!D34 -> 570201.81 | J35: =+'08'!D34 -> 638330.57 | K35: =+'09'!D34 -> 611267.23 | L35: =+'10'!D34 -> 658466.92 | M35: =+'11'!D34 -> 412806.98 | N35: =+'12'!D34 -> 106269.5 | O35: =+'13'!D34 -> 55080.75 | P35: =+'14'!D34 -> 609629.16 | Q35: =+'15'!D34 -> 505068.73 | R35: =+'16'!D34 -> 602301.31 | S35: =+'17'!D34 -> 669072.28 | T35: =+'18'!D34 -> 598318.42 | U35: =+'19'!D34 -> 81474.25 | V35: =+'20'!D34 -> 70002.25 | W35: =+'21'!D34 -> 616941.34 | X35: =+'22'!D34 -> 576801.07 | Y35: =+'23'!D34 -> 517843.73 | Z35: =+'24'!D34 -> 587589.34 | AA35: =+'25'!D34 -> 355310.23 | AB35: =+'26'!D34 -> 104979.25 | AC35: =+'27'!D34 -> 46996.5 | AD35: =+'28'!D34 -> 556134.07 | AE35: =+'29'!D34 -> 587044.44 | AF35: =+'30'!D34 -> 498708.05 | AG35: =+'31'!D34 -> 0 | AH35: =+C35+D35+E35+F35+G35+H35+I35+J35+K35+L35+M35+N35+O35+P35+Q35+R35+S35+T35+U35+V35+W35+X35+Y35+Z35+AA35+AB35+AC35+AD35+AE35+AF35+AG35 -> 13004051 | AJ35: 13004051 | AK35: =+AH35-AJ35 -> 0
B36: UC OP นอก CUP ใน จ.(นอก สธ.) - อบจ. ((10.7)) | C36: =+'01'!D35 -> 22118 | D36: =+'02'!D35 -> 35414 | E36: =+'03'!D35 -> 27541.25 | F36: =+'04'!D35 -> 28076.86 | G36: =+'05'!D35 -> 19832 | H36: =+'06'!D35 -> 1765 | I36: =+'07'!D35 -> 61644.75 | J36: =+'08'!D35 -> 16419.99 | K36: =+'09'!D35 -> 26275.5 | L36: =+'10'!D35 -> 67903 | M36: =+'11'!D35 -> 55226.61 | N36: =+'12'!D35 -> 14794.5 | O36: =+'13'!D35 -> 1319 | P36: =+'14'!D35 -> 28028 | Q36: =+'15'!D35 -> 13504.25 | R36: =+'16'!D35 -> 63165.75 | S36: =+'17'!D35 -> 24952.25 | T36: =+'18'!D35 -> 17042.5 | U36: =+'19'!D35 -> 2671.75 | V36: =+'20'!D35 -> 1165.5 | W36: =+'21'!D35 -> 19513 | X36: =+'22'!D35 -> 22225 | Y36: =+'23'!D35 -> 48367.75 | Z36: =+'24'!D35 -> 41148.11 | AA36: =+'25'!D35 -> 31727.11 | AB36: =+'26'!D35 -> 2504.5 | AC36: =+'27'!D35 -> 7625.5 | AD36: =+'28'!D35 -> 22632 | AE36: =+'29'!D35 -> 28579.5 | AF36: =+'30'!D35 -> 39597.5 | AG36: =+'31'!D35 -> 0 | AH36: =+C36+D36+E36+F36+G36+H36+I36+J36+K36+L36+M36+N36+O36+P36+Q36+R36+S36+T36+U36+V36+W36+X36+Y36+Z36+AA36+AB36+AC36+AD36+AE36+AF36+AG36 -> 792780.43 | AJ36: 792780.43 | AK36: =+AH36-AJ36 -> 0
B37: UC OP บริการเฉพาะ | C37: =+'01'!D36 -> 296031.36 | D37: =+'02'!D36 -> 283884.75 | E37: =+'03'!D36 -> 405519.99 | F37: =+'04'!D36 -> 342527.99 | G37: =+'05'!D36 -> 56114.25 | H37: =+'06'!D36 -> 76640.25 | I37: =+'07'!D36 -> 293437.86 | J37: =+'08'!D36 -> 344016.35 | K37: =+'09'!D36 -> 373718.22 | L37: =+'10'!D36 -> 417374.86 | M37: =+'11'!D36 -> 263328.25 | N37: =+'12'!D36 -> 96479.25 | O37: =+'13'!D36 -> 37130 | P37: =+'14'!D36 -> 327272.1 | Q37: =+'15'!D36 -> 362966.34 | R37: =+'16'!D36 -> 218787.1 | S37: =+'17'!D36 -> 242692.74 | T37: =+'18'!D36 -> 229890.99 | U37: =+'19'!D36 -> 88413 | V37: =+'20'!D36 -> 44570.75 | W37: =+'21'!D36 -> 609201.59 | X37: =+'22'!D36 -> 331893.22 | Y37: =+'23'!D36 -> 328562.25 | Z37: =+'24'!D36 -> 357204 | AA37: =+'25'!D36 -> 260837.74 | AB37: =+'26'!D36 -> 55109.5 | AC37: =+'27'!D36 -> 79290.5 | AD37: =+'28'!D36 -> 313231.47 | AE37: =+'29'!D36 -> 265828.61 | AF37: =+'30'!D36 -> 364596.25 | AG37: =+'31'!D36 -> 0 | AH37: =+C37+D37+E37+F37+G37+H37+I37+J37+K37+L37+M37+N37+O37+P37+Q37+R37+S37+T37+U37+V37+W37+X37+Y37+Z37+AA37+AB37+AC37+AD37+AE37+AF37+AG37 -> 7766551.5 | AJ37: 7766551.5 | AK37: =+AH37-AJ37 -> 0
B38: UC OP PP | C38: =+'01'!D37 -> 5820 | D38: =+'02'!D37 -> 2685 | E38: =+'03'!D37 -> 1555 | F38: =+'04'!D37 -> 1838 | G38: =+'05'!D37 -> 0 | H38: =+'06'!D37 -> 0 | I38: =+'07'!D37 -> 7272.5 | J38: =+'08'!D37 -> 9643 | K38: =+'09'!D37 -> 585 | L38: =+'10'!D37 -> 2430 | M38: =+'11'!D37 -> 4718 | N38: =+'12'!D37 -> 0 | O38: =+'13'!D37 -> 0 | P38: =+'14'!D37 -> 2693 | Q38: =+'15'!D37 -> 10128 | R38: =+'16'!D37 -> 1805 | S38: =+'17'!D37 -> 630 | T38: =+'18'!D37 -> 720 | U38: =+'19'!D37 -> 0 | V38: =+'20'!D37 -> 0 | W38: =+'21'!D37 -> 675 | X38: =+'22'!D37 -> 7320 | Y38: =+'23'!D37 -> 2182.25 | Z38: =+'24'!D37 -> 1120 | AA38: =+'25'!D37 -> 4273 | AB38: =+'26'!D37 -> 0 | AC38: =+'27'!D37 -> 0 | AD38: =+'28'!D37 -> 1780 | AE38: =+'29'!D37 -> 10060 | AF38: =+'30'!D37 -> 510 | AG38: =+'31'!D37 -> 0 | AH38: =+C38+D38+E38+F38+G38+H38+I38+J38+K38+L38+M38+N38+O38+P38+Q38+R38+S38+T38+U38+V38+W38+X38+Y38+Z38+AA38+AB38+AC38+AD38+AE38+AF38+AG38 -> 80442.75 | AJ38: 80442.75 | AK38: =+AH38-AJ38 -> 0
A39: 13 | B39: UC IP ใน CUP วชิระ | C39: =+'01'!D38 -> 1535726.2 | D39: =+'02'!D38 -> 2169107.7 | E39: =+'03'!D38 -> 816129.47 | F39: =+'04'!D38 -> 1251111.2 | G39: =+'05'!D38 -> 1898325.6 | H39: =+'06'!D38 -> 1106423.5 | I39: =+'07'!D38 -> 1621478.2 | J39: =+'08'!D38 -> 1777126.9 | K39: =+'09'!D38 -> 2927898.5 | L39: =+'10'!D38 -> 1960123.9 | M39: =+'11'!D38 -> 1446952.1 | N39: =+'12'!D38 -> 1711423 | O39: =+'13'!D38 -> 1068711 | P39: =+'14'!D38 -> 1340010.9 | Q39: =+'15'!D38 -> 2202033.5 | R39: =+'16'!D38 -> 1218105.2 | S39: =+'17'!D38 -> 1186714.8 | T39: =+'18'!D38 -> 3146904.1 | U39: =+'19'!D38 -> 1984334.8 | V39: =+'20'!D38 -> 666531.66 | W39: =+'21'!D38 -> 1831871.4 | X39: =+'22'!D38 -> 1689988.6 | Y39: =+'23'!D38 -> 1253251.9 | Z39: =+'24'!D38 -> 1588479.4 | AA39: =+'25'!D38 -> 1673005.4 | AB39: =+'26'!D38 -> 826991.7 | AC39: =+'27'!D38 -> 377399.86 | AD39: =+'28'!D38 -> 1913864.7 | AE39: =+'29'!D38 -> 887855.47 | AF39: =+'30'!D38 -> 1550883.2 | AG39: =+'31'!D38 -> 0 | AH39: =+C39+D39+E39+F39+G39+H39+I39+J39+K39+L39+M39+N39+O39+P39+Q39+R39+S39+T39+U39+V39+W39+X39+Y39+Z39+AA39+AB39+AC39+AD39+AE39+AF39+AG39 -> 46628764 | AJ39: 46628764 | AK39: =+AH39-AJ39 -> 0
B40: UC IP นอก CUP ในจังหวัด ป่าตอง ฉลอง ถลาง | C40: =+'01'!D39 -> 567205.23 | D40: =+'02'!D39 -> 575516.5 | E40: =+'03'!D39 -> 1243635.7 | F40: =+'04'!D39 -> 1717552.7 | G40: =+'05'!D39 -> 1157793.4 | H40: =+'06'!D39 -> 493655.86 | I40: =+'07'!D39 -> 783751.39 | J40: =+'08'!D39 -> 1147823.5 | K40: =+'09'!D39 -> 966376.92 | L40: =+'10'!D39 -> 1601905.4 | M40: =+'11'!D39 -> 1509485.8 | N40: =+'12'!D39 -> 385144.25 | O40: =+'13'!D39 -> 346250.2 | P40: =+'14'!D39 -> 846031.64 | Q40: =+'15'!D39 -> 1050913 | R40: =+'16'!D39 -> 949960.21 | S40: =+'17'!D39 -> 1010281.5 | T40: =+'18'!D39 -> 605553.81 | U40: =+'19'!D39 -> 1328956.2 | V40: =+'20'!D39 -> 896288.82 | W40: =+'21'!D39 -> 794412.26 | X40: =+'22'!D39 -> 809636.42 | Y40: =+'23'!D39 -> 1608227.2 | Z40: =+'24'!D39 -> 1306597.5 | AA40: =+'25'!D39 -> 1326238.4 | AB40: =+'26'!D39 -> 809365.36 | AC40: =+'27'!D39 -> 1059193.4 | AD40: =+'28'!D39 -> 684718.2 | AE40: =+'29'!D39 -> 1463166.4 | AF40: =+'30'!D39 -> 451068.63 | AG40: =+'31'!D39 -> 0 | AH40: =+C40+D40+E40+F40+G40+H40+I40+J40+K40+L40+M40+N40+O40+P40+Q40+R40+S40+T40+U40+V40+W40+X40+Y40+Z40+AA40+AB40+AC40+AD40+AE40+AF40+AG40 -> 29496706 | AJ40: 29496706 | AK40: =+AH40-AJ40 -> 0
B41: UC IP นอก CUP ในจังหวัด อบจ. | C41: =+'01'!D40 -> 2527 | D41: =+'02'!D40 -> 0 | E41: =+'03'!D40 -> 162342.51 | F41: =+'04'!D40 -> 40984.47 | G41: =+'05'!D40 -> 63156.5 | H41: =+'06'!D40 -> 0 | I41: =+'07'!D40 -> 0 | J41: =+'08'!D40 -> 65669.25 | K41: =+'09'!D40 -> 0 | L41: =+'10'!D40 -> 24780.54 | M41: =+'11'!D40 -> 0 | N41: =+'12'!D40 -> 0 | O41: =+'13'!D40 -> 10467.12 | P41: =+'14'!D40 -> 37954.75 | Q41: =+'15'!D40 -> 0 | R41: =+'16'!D40 -> 169558.42 | S41: =+'17'!D40 -> 0 | T41: =+'18'!D40 -> 103762.72 | U41: =+'19'!D40 -> 151839.27 | V41: =+'20'!D40 -> 0 | W41: =+'21'!D40 -> 0 | X41: =+'22'!D40 -> 68820 | Y41: =+'23'!D40 -> 0 | Z41: =+'24'!D40 -> 82895 | AA41: =+'25'!D40 -> 18907 | AB41: =+'26'!D40 -> 0 | AC41: =+'27'!D40 -> 15289.12 | AD41: =+'28'!D40 -> 236626.04 | AE41: =+'29'!D40 -> 8255.5 | AF41: =+'30'!D40 -> 676909.77 | AG41: =+'31'!D40 -> 0 | AH41: =+C41+D41+E41+F41+G41+H41+I41+J41+K41+L41+M41+N41+O41+P41+Q41+R41+S41+T41+U41+V41+W41+X41+Y41+Z41+AA41+AB41+AC41+AD41+AE41+AF41+AG41 -> 1940745 | AJ41: 1940745 | AK41: =+AH41-AJ41 -> 0
B42: UC IP ต่างจังหวัด | C42: =+'01'!D41 -> 754506.97 | D42: =+'02'!D41 -> 993293.46 | E42: =+'03'!D41 -> 1611545.8 | F42: =+'04'!D41 -> 1219605.8 | G42: =+'05'!D41 -> 1334709.9 | H42: =+'06'!D41 -> 493544.22 | I42: =+'07'!D41 -> 1915723.1 | J42: =+'08'!D41 -> 753466.3 | K42: =+'09'!D41 -> 1372885.9 | L42: =+'10'!D41 -> 1304515.1 | M42: =+'11'!D41 -> 869365.35 | N42: =+'12'!D41 -> 931177.85 | O42: =+'13'!D41 -> 765619.56 | P42: =+'14'!D41 -> 781156.11 | Q42: =+'15'!D41 -> 953923.14 | R42: =+'16'!D41 -> 1004065.8 | S42: =+'17'!D41 -> 1042595.4 | T42: =+'18'!D41 -> 1516976 | U42: =+'19'!D41 -> 794548.33 | V42: =+'20'!D41 -> 231232.78 | W42: =+'21'!D41 -> 946805.65 | X42: =+'22'!D41 -> 459626.48 | Y42: =+'23'!D41 -> 1978012.2 | Z42: =+'24'!D41 -> 1047248.9 | AA42: =+'25'!D41 -> 1817168.9 | AB42: =+'26'!D41 -> 241813.79 | AC42: =+'27'!D41 -> 392177.44 | AD42: =+'28'!D41 -> 745770.79 | AE42: =+'29'!D41 -> 609897.79 | AF42: =+'30'!D41 -> 1181992.3 | AG42: =+'31'!D41 -> 0 | AH42: =+C42+D42+E42+F42+G42+H42+I42+J42+K42+L42+M42+N42+O42+P42+Q42+R42+S42+T42+U42+V42+W42+X42+Y42+Z42+AA42+AB42+AC42+AD42+AE42+AF42+AG42 -> 30064971 | AJ42: 30064971 | AK42: =+AH42-AJ42 -> 0
B43: IP สิทธิว่างมาตรา 8/เด็กแรกเกิด | C43: =+'01'!D42 -> 248522.75 | D43: =+'02'!D42 -> 1083490 | E43: =+'03'!D42 -> 640976.75 | F43: =+'04'!D42 -> 71301.25 | G43: =+'05'!D42 -> 36374.25 | H43: =+'06'!D42 -> 33857 | I43: =+'07'!D42 -> 99323.5 | J43: =+'08'!D42 -> 39470.5 | K43: =+'09'!D42 -> 162319.98 | L43: =+'10'!D42 -> 74526.75 | M43: =+'11'!D42 -> 422138.5 | N43: =+'12'!D42 -> 230003 | O43: =+'13'!D42 -> 21966.25 | P43: =+'14'!D42 -> 340052.25 | Q43: =+'15'!D42 -> 498216 | R43: =+'16'!D42 -> 90635 | S43: =+'17'!D42 -> 117566 | T43: =+'18'!D42 -> 50920.25 | U43: =+'19'!D42 -> 120107 | V43: =+'20'!D42 -> 60229.25 | W43: =+'21'!D42 -> 645755.75 | X43: =+'22'!D42 -> 241721 | Y43: =+'23'!D42 -> 330199.5 | Z43: =+'24'!D42 -> 204617 | AA43: =+'25'!D42 -> 43280.25 | AB43: =+'26'!D42 -> 124010.75 | AC43: =+'27'!D42 -> 31641.25 | AD43: =+'28'!D42 -> 347837.75 | AE43: =+'29'!D42 -> 135077.5 | AF43: =+'30'!D42 -> 62226 | AG43: =+'31'!D42 -> 0 | AH43: =+C43+D43+E43+F43+G43+H43+I43+J43+K43+L43+M43+N43+O43+P43+Q43+R43+S43+T43+U43+V43+W43+X43+Y43+Z43+AA43+AB43+AC43+AD43+AE43+AF43+AG43 -> 6608363 | AJ43: 6608363 | AK43: =+AH43-AJ43 -> 0
B44: IP ส่งเงินสมทบไม่ครบ 5 เดือน | C44: =+'01'!D43 -> 0 | D44: =+'02'!D43 -> 20846.75 | E44: =+'03'!D43 -> 0 | F44: =+'04'!D43 -> 0 | G44: =+'05'!D43 -> 0 | H44: =+'06'!D43 -> 0 | I44: =+'07'!D43 -> 0 | J44: =+'08'!D43 -> 0 | K44: =+'09'!D43 -> 0 | L44: =+'10'!D43 -> 0 | M44: =+'11'!D43 -> 0 | N44: =+'12'!D43 -> 0 | O44: =+'13'!D43 -> 0 | P44: =+'14'!D43 -> 0 | Q44: =+'15'!D43 -> 0 | R44: =+'16'!D43 -> 0 | S44: =+'17'!D43 -> 0 | T44: =+'18'!D43 -> 0 | U44: =+'19'!D43 -> 0 | V44: =+'20'!D43 -> 0 | W44: =+'21'!D43 -> 0 | X44: =+'22'!D43 -> 0 | Y44: =+'23'!D43 -> 0 | Z44: =+'24'!D43 -> 0 | AA44: =+'25'!D43 -> 0 | AB44: =+'26'!D43 -> 0 | AC44: =+'27'!D43 -> 0 | AD44: =+'28'!D43 -> 0 | AE44: =+'29'!D43 -> 0 | AF44: =+'30'!D43 -> 0 | AG44: =+'31'!D43 -> 0 | AH44: =+C44+D44+E44+F44+G44+H44+I44+J44+K44+L44+M44+N44+O44+P44+Q44+R44+S44+T44+U44+V44+W44+X44+Y44+Z44+AA44+AB44+AC44+AD44+AE44+AF44+AG44 -> 20846.75 | AJ44: 20846.75 | AK44: =+AH44-AJ44 -> 0
B45: IP ประกันตนคนพิการ | C45: =+'01'!D44 -> 0 | D45: =+'02'!D44 -> 0 | E45: =+'03'!D44 -> 0 | F45: =+'04'!D44 -> 0 | G45: =+'05'!D44 -> 0 | H45: =+'06'!D44 -> 0 | I45: =+'07'!D44 -> 22944.72 | J45: =+'08'!D44 -> 0 | K45: =+'09'!D44 -> 0 | L45: =+'10'!D44 -> 0 | M45: =+'11'!D44 -> 0 | N45: =+'12'!D44 -> 0 | O45: =+'13'!D44 -> 0 | P45: =+'14'!D44 -> 0 | Q45: =+'15'!D44 -> 0 | R45: =+'16'!D44 -> 12785.25 | S45: =+'17'!D44 -> 0 | T45: =+'18'!D44 -> 0 | U45: =+'19'!D44 -> 0 | V45: =+'20'!D44 -> 0 | W45: =+'21'!D44 -> 0 | X45: =+'22'!D44 -> 0 | Y45: =+'23'!D44 -> 0 | Z45: =+'24'!D44 -> 0 | AA45: =+'25'!D44 -> 0 | AB45: =+'26'!D44 -> 0 | AC45: =+'27'!D44 -> 0 | AD45: =+'28'!D44 -> 0 | AE45: =+'29'!D44 -> 0 | AF45: =+'30'!D44 -> 0 | AG45: =+'31'!D44 -> 0 | AH45: =+C45+D45+E45+F45+G45+H45+I45+J45+K45+L45+M45+N45+O45+P45+Q45+R45+S45+T45+U45+V45+W45+X45+Y45+Z45+AA45+AB45+AC45+AD45+AE45+AF45+AG45 -> 35729.97 | AJ45: 35729.97 | AK45: =+AH45-AJ45 -> 0
A46: 12 | B46: แรงงานต่างด้าว OP ใน CUP ((7.1)) | C46: =+'01'!D45 -> 99602.5 | D46: =+'02'!D45 -> 77565 | E46: =+'03'!D45 -> 65053.36 | F46: =+'04'!D45 -> 84567.75 | G46: =+'05'!D45 -> 7652 | H46: =+'06'!D45 -> 11894.5 | I46: =+'07'!D45 -> 71145.87 | J46: =+'08'!D45 -> 93009.87 | K46: =+'09'!D45 -> 81143.86 | L46: =+'10'!D45 -> 90666.33 | M46: =+'11'!D45 -> 92454 | N46: =+'12'!D45 -> 31920.5 | O46: =+'13'!D45 -> 24216 | P46: =+'14'!D45 -> 100236.37 | Q46: =+'15'!D45 -> 62525.61 | R46: =+'16'!D45 -> 90331.25 | S46: =+'17'!D45 -> 67954.12 | T46: =+'18'!D45 -> 107014.72 | U46: =+'19'!D45 -> 25857.25 | V46: =+'20'!D45 -> 16878.5 | W46: =+'21'!D45 -> 91269.87 | X46: =+'22'!D45 -> 59170.12 | Y46: =+'23'!D45 -> 57918.25 | Z46: =+'24'!D45 -> 65286.11 | AA46: =+'25'!D45 -> 83905.25 | AB46: =+'26'!D45 -> 7649.75 | AC46: =+'27'!D45 -> 5817.5 | AD46: =+'28'!D45 -> 55654.37 | AE46: =+'29'!D45 -> 82175.12 | AF46: =+'30'!D45 -> 102490.75 | AG46: =+'31'!D45 -> 0 | AH46: =+C46+D46+E46+F46+G46+H46+I46+J46+K46+L46+M46+N46+O46+P46+Q46+R46+S46+T46+U46+V46+W46+X46+Y46+Z46+AA46+AB46+AC46+AD46+AE46+AF46+AG46 -> 1913026.5 | AJ46: 1913026.4 | AK46: =+AH46-AJ46 -> 0
B47: แรงงานต่างด้าว OP นอก CUP- (เรียกเก็บ)*** ((6.1)) | C47: =+'01'!D46 -> 1321 | D47: =+'02'!D46 -> 6417 | E47: =+'03'!D46 -> 2872.5 | F47: =+'04'!D46 -> 410 | G47: =+'05'!D46 -> 0 | H47: =+'06'!D46 -> 0 | I47: =+'07'!D46 -> 16377.49 | J47: =+'08'!D46 -> 7111 | K47: =+'09'!D46 -> 0 | L47: =+'10'!D46 -> 0 | M47: =+'11'!D46 -> 0 | N47: =+'12'!D46 -> 0 | O47: =+'13'!D46 -> 13120 | P47: =+'14'!D46 -> 120 | Q47: =+'15'!D46 -> 0 | R47: =+'16'!D46 -> 4962 | S47: =+'17'!D46 -> 4200 | T47: =+'18'!D46 -> 3820 | U47: =+'19'!D46 -> 0 | V47: =+'20'!D46 -> 0 | W47: =+'21'!D46 -> 1564 | X47: =+'22'!D46 -> 8594.25 | Y47: =+'23'!D46 -> 16067 | Z47: =+'24'!D46 -> 6609.25 | AA47: =+'25'!D46 -> 3229.75 | AB47: =+'26'!D46 -> 0 | AC47: =+'27'!D46 -> 0 | AD47: =+'28'!D46 -> 9894.24 | AE47: =+'29'!D46 -> 0 | AF47: =+'30'!D46 -> 2059 | AG47: =+'31'!D46 -> 0 | AH47: =+C47+D47+E47+F47+G47+H47+I47+J47+K47+L47+M47+N47+O47+P47+Q47+R47+S47+T47+U47+V47+W47+X47+Y47+Z47+AA47+AB47+AC47+AD47+AE47+AF47+AG47 -> 108748.48 | AJ47: 108748.48 | AK47: =+AH47-AJ47 -> 0
B48: แรงงานต่างด้าว IP ใน CUP ((8.1)) | C48: =+'01'!D47 -> 50833 | D48: =+'02'!D47 -> 43455.03 | E48: =+'03'!D47 -> 151866.83 | F48: =+'04'!D47 -> 95133.19 | G48: =+'05'!D47 -> 133925.53 | H48: =+'06'!D47 -> 140694 | I48: =+'07'!D47 -> 96036.27 | J48: =+'08'!D47 -> 39553.2 | K48: =+'09'!D47 -> 60038.5 | L48: =+'10'!D47 -> 22980.13 | M48: =+'11'!D47 -> 80854.78 | N48: =+'12'!D47 -> 80430.43 | O48: =+'13'!D47 -> 169483.83 | P48: =+'14'!D47 -> 223391.21 | Q48: =+'15'!D47 -> 198739.97 | R48: =+'16'!D47 -> 184987.06 | S48: =+'17'!D47 -> 188108.91 | T48: =+'18'!D47 -> 148339.07 | U48: =+'19'!D47 -> 170735.23 | V48: =+'20'!D47 -> 83478.02 | W48: =+'21'!D47 -> 198699.06 | X48: =+'22'!D47 -> 134520.19 | Y48: =+'23'!D47 -> 269075.87 | Z48: =+'24'!D47 -> 211842.79 | AA48: =+'25'!D47 -> 129433.3 | AB48: =+'26'!D47 -> 37624.17 | AC48: =+'27'!D47 -> 82106.01 | AD48: =+'28'!D47 -> 74932.79 | AE48: =+'29'!D47 -> 47932.29 | AF48: =+'30'!D47 -> 410646.27 | AG48: =+'31'!D47 -> 0 | AH48: =+C48+D48+E48+F48+G48+H48+I48+J48+K48+L48+M48+N48+O48+P48+Q48+R48+S48+T48+U48+V48+W48+X48+Y48+Z48+AA48+AB48+AC48+AD48+AE48+AF48+AG48 -> 3959876.9 | AJ48: 3959876.9 | AK48: =+AH48-AJ48 -> 0
B49: แรงงานต่างด้าว IP นอก CUP- (เรียกเก็บ)*** ((8)) | C49: =+'01'!D48 -> 34746.5 | D49: =+'02'!D48 -> 0 | E49: =+'03'!D48 -> 98162.87 | F49: =+'04'!D48 -> 0 | G49: =+'05'!D48 -> 0 | H49: =+'06'!D48 -> 106401.72 | I49: =+'07'!D48 -> 49020 | J49: =+'08'!D48 -> 11700 | K49: =+'09'!D48 -> 22317.5 | L49: =+'10'!D48 -> 17435.28 | M49: =+'11'!D48 -> 0 | N49: =+'12'!D48 -> 46814.07 | O49: =+'13'!D48 -> 84226.5 | P49: =+'14'!D48 -> 115757.42 | Q49: =+'15'!D48 -> 32818.53 | R49: =+'16'!D48 -> 80521.21 | S49: =+'17'!D48 -> 0 | T49: =+'18'!D48 -> 0 | U49: =+'19'!D48 -> 0 | V49: =+'20'!D48 -> 0 | W49: =+'21'!D48 -> 54737.48 | X49: =+'22'!D48 -> 0 | Y49: =+'23'!D48 -> 0 | Z49: =+'24'!D48 -> 20980.39 | AA49: =+'25'!D48 -> 0 | AB49: =+'26'!D48 -> 23040 | AC49: =+'27'!D48 -> 23380 | AD49: =+'28'!D48 -> 0 | AE49: =+'29'!D48 -> 0 | AF49: =+'30'!D48 -> 100335.25 | AG49: =+'31'!D48 -> 0 | AH49: =+C49+D49+E49+F49+G49+H49+I49+J49+K49+L49+M49+N49+O49+P49+Q49+R49+S49+T49+U49+V49+W49+X49+Y49+Z49+AA49+AB49+AC49+AD49+AE49+AF49+AG49 -> 922394.72 | AJ49: 922394.72 | AK49: =+AH49-AJ49 -> 0
B50: แรงงานต่างด้าว IP เบิกส่วนกลาง | C50: =+'01'!D49 -> 28533.5 | D50: =+'02'!D49 -> 94690.25 | E50: =+'03'!D49 -> 132423.5 | F50: =+'04'!D49 -> 387010.5 | G50: =+'05'!D49 -> 27459.5 | H50: =+'06'!D49 -> 94487.5 | I50: =+'07'!D49 -> 36193.25 | J50: =+'08'!D49 -> 0 | K50: =+'09'!D49 -> 89453.75 | L50: =+'10'!D49 -> 128628.69 | M50: =+'11'!D49 -> 16750 | N50: =+'12'!D49 -> 20911.25 | O50: =+'13'!D49 -> 0 | P50: =+'14'!D49 -> 0 | Q50: =+'15'!D49 -> 19574.92 | R50: =+'16'!D49 -> 7701.75 | S50: =+'17'!D49 -> 0 | T50: =+'18'!D49 -> 21639.5 | U50: =+'19'!D49 -> 144482.25 | V50: =+'20'!D49 -> 0 | W50: =+'21'!D49 -> 107804.25 | X50: =+'22'!D49 -> 34376.75 | Y50: =+'23'!D49 -> 57611 | Z50: =+'24'!D49 -> 43747.5 | AA50: =+'25'!D49 -> 145138.5 | AB50: =+'26'!D49 -> 111491.25 | AC50: =+'27'!D49 -> 0 | AD50: =+'28'!D49 -> 80629.75 | AE50: =+'29'!D49 -> 90410.5 | AF50: =+'30'!D49 -> 66541.75 | AG50: =+'31'!D49 -> 0 | AH50: =+C50+D50+E50+F50+G50+H50+I50+J50+K50+L50+M50+N50+O50+P50+Q50+R50+S50+T50+U50+V50+W50+X50+Y50+Z50+AA50+AB50+AC50+AD50+AE50+AF50+AG50 -> 1987691.4 | AJ50: 1987691.4 | AK50: =+AH50-AJ50 -> 0
A51: 13 | B51: ต่างด้าวสถานะ&สิทธิ OP ใน CUP ((14.1)) | C51: =+'01'!D50 -> 6976.5 | D51: =+'02'!D50 -> 5246.5 | E51: =+'03'!D50 -> 1519 | F51: =+'04'!D50 -> 190 | G51: =+'05'!D50 -> 0 | H51: =+'06'!D50 -> 0 | I51: =+'07'!D50 -> 0 | J51: =+'08'!D50 -> 130 | K51: =+'09'!D50 -> 0 | L51: =+'10'!D50 -> 0 | M51: =+'11'!D50 -> 1313.5 | N51: =+'12'!D50 -> 0 | O51: =+'13'!D50 -> 0 | P51: =+'14'!D50 -> 3250 | Q51: =+'15'!D50 -> 1740 | R51: =+'16'!D50 -> 3776 | S51: =+'17'!D50 -> 18024.5 | T51: =+'18'!D50 -> 1890 | U51: =+'19'!D50 -> 0 | V51: =+'20'!D50 -> 0 | W51: =+'21'!D50 -> 3231 | X51: =+'22'!D50 -> 2586.25 | Y51: =+'23'!D50 -> 901.25 | Z51: =+'24'!D50 -> 0 | AA51: =+'25'!D50 -> 0 | AB51: =+'26'!D50 -> 0 | AC51: =+'27'!D50 -> 0 | AD51: =+'28'!D50 -> 4505 | AE51: =+'29'!D50 -> 120 | AF51: =+'30'!D50 -> 1225 | AG51: =+'31'!D50 -> 0 | AH51: =+C51+D51+E51+F51+G51+H51+I51+J51+K51+L51+M51+N51+O51+P51+Q51+R51+S51+T51+U51+V51+W51+X51+Y51+Z51+AA51+AB51+AC51+AD51+AE51+AF51+AG51 -> 56624.5 | AJ51: 56624.5 | AK51: =+AH51-AJ51 -> 0
B52: ต่างด้าวสถานะ&สิทธิ OP นอก CUP (เรียกเก็บ)** ((12.2)) | C52: =+'01'!D51 -> 0 | D52: =+'02'!D51 -> 333 | E52: =+'03'!D51 -> 0 | F52: =+'04'!D51 -> 0 | G52: =+'05'!D51 -> 0 | H52: =+'06'!D51 -> 0 | I52: =+'07'!D51 -> 0 | J52: =+'08'!D51 -> 0 | K52: =+'09'!D51 -> 0 | L52: =+'10'!D51 -> 0 | M52: =+'11'!D51 -> 0 | N52: =+'12'!D51 -> 0 | O52: =+'13'!D51 -> 0 | P52: =+'14'!D51 -> 0 | Q52: =+'15'!D51 -> 0 | R52: =+'16'!D51 -> 0 | S52: =+'17'!D51 -> 0 | T52: =+'18'!D51 -> 0 | U52: =+'19'!D51 -> 0 | V52: =+'20'!D51 -> 0 | W52: =+'21'!D51 -> 0 | X52: =+'22'!D51 -> 0 | Y52: =+'23'!D51 -> 0 | Z52: =+'24'!D51 -> 0 | AA52: =+'25'!D51 -> 0 | AB52: =+'26'!D51 -> 0 | AC52: =+'27'!D51 -> 0 | AD52: =+'28'!D51 -> 0 | AE52: =+'29'!D51 -> 0 | AF52: =+'30'!D51 -> 0 | AG52: =+'31'!D51 -> 0 | AH52: =+C52+D52+E52+F52+G52+H52+I52+J52+K52+L52+M52+N52+O52+P52+Q52+R52+S52+T52+U52+V52+W52+X52+Y52+Z52+AA52+AB52+AC52+AD52+AE52+AF52+AG52 -> 333 | AJ52: 333 | AK52: =+AH52-AJ52 -> 0
A53: 14 | B53: ต่างด้าวสถานะ&สิทธิ OP เบิกส่วนกลาง | C53: =+'01'!D52 -> 0 | D53: =+'02'!D52 -> 0 | E53: =+'03'!D52 -> 0 | F53: =+'04'!D52 -> 0 | G53: =+'05'!D52 -> 0 | H53: =+'06'!D52 -> 0 | I53: =+'07'!D52 -> 246629.84 | J53: =+'08'!D52 -> 0 | K53: =+'09'!D52 -> 0 | L53: =+'10'!D52 -> 0 | M53: =+'11'!D52 -> 0 | N53: =+'12'!D52 -> 0 | O53: =+'13'!D52 -> 0 | P53: =+'14'!D52 -> 0 | Q53: =+'15'!D52 -> 29113 | R53: =+'16'!D52 -> 0 | S53: =+'17'!D52 -> 0 | T53: =+'18'!D52 -> 0 | U53: =+'19'!D52 -> 0 | V53: =+'20'!D52 -> 0 | W53: =+'21'!D52 -> 0 | X53: =+'22'!D52 -> 32691.97 | Y53: =+'23'!D52 -> 0 | Z53: =+'24'!D52 -> 0 | AA53: =+'25'!D52 -> 0 | AB53: =+'26'!D52 -> 0 | AC53: =+'27'!D52 -> 0 | AD53: =+'28'!D52 -> 427516.22 | AE53: =+'29'!D52 -> 0 | AF53: =+'30'!D52 -> 0 | AG53: =+'31'!D52 -> 0 | AH53: =+C53+D53+E53+F53+G53+H53+I53+J53+K53+L53+M53+N53+O53+P53+Q53+R53+S53+T53+U53+V53+W53+X53+Y53+Z53+AA53+AB53+AC53+AD53+AE53+AF53+AG53 -> 735951.03 | AJ53: 735951.03 | AK53: =+AH53-AJ53 -> 0
A54: 17 | B54: ล/น.เบิกได้จ่ายตรง -OPD หยี่เต้ง ((1.2 / หยี่เต้ง)) | C54: =+'01'!D53 -> 6321 | D54: =+'02'!D53 -> 7288 | E54: =+'03'!D53 -> 6443 | F54: =+'04'!D53 -> 7623 | G54: =+'05'!D53 -> 2048 | H54: =+'06'!D53 -> 0 | I54: =+'07'!D53 -> 3559 | J54: =+'08'!D53 -> 15855 | K54: =+'09'!D53 -> 4028 | L54: =+'10'!D53 -> 13401 | M54: =+'11'!D53 -> 7605 | N54: =+'12'!D53 -> 157 | O54: =+'13'!D53 -> 0 | P54: =+'14'!D53 -> 5443 | Q54: =+'15'!D53 -> 10263 | R54: =+'16'!D53 -> 8043 | S54: =+'17'!D53 -> 6872 | T54: =+'18'!D53 -> 9392 | U54: =+'19'!D53 -> 1340 | V54: =+'20'!D53 -> 0 | W54: =+'21'!D53 -> 3504 | X54: =+'22'!D53 -> 11283 | Y54: =+'23'!D53 -> 9132 | Z54: =+'24'!D53 -> 12707 | AA54: =+'25'!D53 -> 6335 | AB54: =+'26'!D53 -> 1732 | AC54: =+'27'!D53 -> 0 | AD54: =+'28'!D53 -> 1819 | AE54: =+'29'!D53 -> 7049 | AF54: =+'30'!D53 -> 7117 | AG54: =+'31'!D53 -> 0 | AH54: =+C54+D54+E54+F54+G54+H54+I54+J54+K54+L54+M54+N54+O54+P54+Q54+R54+S54+T54+U54+V54+W54+X54+Y54+Z54+AA54+AB54+AC54+AD54+AE54+AF54+AG54 -> 176359 | AJ54: 176359 | AK54: =+AH54-AJ54 -> 0
A55: 18 | B55: ล/น.บัตรทอง 30บ./บัตรทองรพ.วชิระ -OPD หยี่เต้ง ((11.1 / หยี่เต้ง)) | C55: =+'01'!D54 -> 69618 | D55: =+'02'!D54 -> 55874 | E55: =+'03'!D54 -> 61276 | F55: =+'04'!D54 -> 33636 | G55: =+'05'!D54 -> 3671 | H55: =+'06'!D54 -> 0 | I55: =+'07'!D54 -> 24578 | J55: =+'08'!D54 -> 71956 | K55: =+'09'!D54 -> 30298 | L55: =+'10'!D54 -> 66022 | M55: =+'11'!D54 -> 43950 | N55: =+'12'!D54 -> 3379 | O55: =+'13'!D54 -> 0 | P55: =+'14'!D54 -> 35525 | Q55: =+'15'!D54 -> 75825 | R55: =+'16'!D54 -> 45388 | S55: =+'17'!D54 -> 69367 | T55: =+'18'!D54 -> 49947 | U55: =+'19'!D54 -> 11040 | V55: =+'20'!D54 -> 0 | W55: =+'21'!D54 -> 27707 | X55: =+'22'!D54 -> 73940 | Y55: =+'23'!D54 -> 64624 | Z55: =+'24'!D54 -> 70205 | AA55: =+'25'!D54 -> 46195 | AB55: =+'26'!D54 -> 8174 | AC55: =+'27'!D54 -> 0 | AD55: =+'28'!D54 -> 28060 | AE55: =+'29'!D54 -> 69447 | AF55: =+'30'!D54 -> 53438 | AG55: =+'31'!D54 -> 0 | AH55: =+C55+D55+E55+F55+G55+H55+I55+J55+K55+L55+M55+N55+O55+P55+Q55+R55+S55+T55+U55+V55+W55+X55+Y55+Z55+AA55+AB55+AC55+AD55+AE55+AF55+AG55 -> 1193140 | AJ55: 1193140 | AK55: =+AH55-AJ55 -> 0
A56: 19 | B56: ล/น.สิทธิ 34 บัตรปกส. -OPD หยี่เต้ง ((9.4 / หยี่เต้ง)) | C56: =+'01'!D55 -> 26746 | D56: =+'02'!D55 -> 21956 | E56: =+'03'!D55 -> 19221 | F56: =+'04'!D55 -> 25183 | G56: =+'05'!D55 -> 3169 | H56: =+'06'!D55 -> 0 | I56: =+'07'!D55 -> 18985 | J56: =+'08'!D55 -> 18828 | K56: =+'09'!D55 -> 13811 | L56: =+'10'!D55 -> 25841 | M56: =+'11'!D55 -> 20545 | N56: =+'12'!D55 -> 1378 | O56: =+'13'!D55 -> 0 | P56: =+'14'!D55 -> 18123 | Q56: =+'15'!D55 -> 22015 | R56: =+'16'!D55 -> 16856 | S56: =+'17'!D55 -> 31856 | T56: =+'18'!D55 -> 14986 | U56: =+'19'!D55 -> 806 | V56: =+'20'!D55 -> 0 | W56: =+'21'!D55 -> 17309 | X56: =+'22'!D55 -> 37996 | Y56: =+'23'!D55 -> 18077 | Z56: =+'24'!D55 -> 25498 | AA56: =+'25'!D55 -> 25705 | AB56: =+'26'!D55 -> 1910 | AC56: =+'27'!D55 -> 0 | AD56: =+'28'!D55 -> 11140 | AE56: =+'29'!D55 -> 28469 | AF56: =+'30'!D55 -> 25582 | AG56: =+'31'!D55 -> 0 | AH56: =+C56+D56+E56+F56+G56+H56+I56+J56+K56+L56+M56+N56+O56+P56+Q56+R56+S56+T56+U56+V56+W56+X56+Y56+Z56+AA56+AB56+AC56+AD56+AE56+AF56+AG56 -> 491991 | AJ56: 491991 | AK56: =+AH56-AJ56 -> 0
A57: 20 | B57: ล/น.เบิกได้จ่ายตรง-อปท. -OPD หยี่เต้ง ((1.6 / หยี่เต้ง)) | C57: =+'01'!D56 -> 1256 | D57: =+'02'!D56 -> 1546 | E57: =+'03'!D56 -> 1816 | F57: =+'04'!D56 -> 48 | G57: =+'05'!D56 -> 223 | H57: =+'06'!D56 -> 0 | I57: =+'07'!D56 -> 450 | J57: =+'08'!D56 -> 666 | K57: =+'09'!D56 -> 442 | L57: =+'10'!D56 -> 500 | M57: =+'11'!D56 -> 1014 | N57: =+'12'!D56 -> 0 | O57: =+'13'!D56 -> 0 | P57: =+'14'!D56 -> 356 | Q57: =+'15'!D56 -> 1104 | R57: =+'16'!D56 -> 660 | S57: =+'17'!D56 -> 850 | T57: =+'18'!D56 -> 98 | U57: =+'19'!D56 -> 0 | V57: =+'20'!D56 -> 0 | W57: =+'21'!D56 -> 1345 | X57: =+'22'!D56 -> 1106 | Y57: =+'23'!D56 -> 2077 | Z57: =+'24'!D56 -> 3208 | AA57: =+'25'!D56 -> 758 | AB57: =+'26'!D56 -> 0 | AC57: =+'27'!D56 -> 0 | AD57: =+'28'!D56 -> 0 | AE57: =+'29'!D56 -> 273 | AF57: =+'30'!D56 -> 399 | AG57: =+'31'!D56 -> 0 | AH57: =+C57+D57+E57+F57+G57+H57+I57+J57+K57+L57+M57+N57+O57+P57+Q57+R57+S57+T57+U57+V57+W57+X57+Y57+Z57+AA57+AB57+AC57+AD57+AE57+AF57+AG57 -> 20195 | AJ57: 20195 | AK57: =+AH57-AJ57 -> 0
A58: 21 | B58: ล/น.แรงงานต่างด้าว - OPD หยี่เต้ง ((7.1 / หยี่เต้ง)) | C58: =+'01'!D57 -> 3662 | D58: =+'02'!D57 -> 2657 | E58: =+'03'!D57 -> 1230 | F58: =+'04'!D57 -> 917 | G58: =+'05'!D57 -> 715 | H58: =+'06'!D57 -> 0 | I58: =+'07'!D57 -> 3289 | J58: =+'08'!D57 -> 3142 | K58: =+'09'!D57 -> 742 | L58: =+'10'!D57 -> 434 | M58: =+'11'!D57 -> 834 | N58: =+'12'!D57 -> 388 | O58: =+'13'!D57 -> 0 | P58: =+'14'!D57 -> 1118 | Q58: =+'15'!D57 -> 2032 | R58: =+'16'!D57 -> 0 | S58: =+'17'!D57 -> 640 | T58: =+'18'!D57 -> 0 | U58: =+'19'!D57 -> 0 | V58: =+'20'!D57 -> 0 | W58: =+'21'!D57 -> 2310 | X58: =+'22'!D57 -> 0 | Y58: =+'23'!D57 -> 0 | Z58: =+'24'!D57 -> 0 | AA58: =+'25'!D57 -> 2122 | AB58: =+'26'!D57 -> 0 | AC58: =+'27'!D57 -> 0 | AD58: =+'28'!D57 -> 505 | AE58: =+'29'!D57 -> 480 | AF58: =+'30'!D57 -> 1745 | AG58: =+'31'!D57 -> 0 | AH58: =+C58+D58+E58+F58+G58+H58+I58+J58+K58+L58+M58+N58+O58+P58+Q58+R58+S58+T58+U58+V58+W58+X58+Y58+Z58+AA58+AB58+AC58+AD58+AE58+AF58+AG58 -> 28962 | AJ58: 28962 | AK58: =+AH58-AJ58 -> 0
A59: 22 | B59: ล/น.เบิกจ่ายตรง อปท.รูปแบบพิเศษ OP (1102050102.803) (กทม./ขสมก./กสทช./กกต.)((3.8)) | C59: =+'01'!D58 -> 4659.25 | D59: =+'02'!D58 -> 43565 | E59: =+'03'!D58 -> 910 | F59: =+'04'!D58 -> 0 | G59: =+'05'!D58 -> 0 | H59: =+'06'!D58 -> 0 | I59: =+'07'!D58 -> 12750 | J59: =+'08'!D58 -> 3337 | K59: =+'09'!D58 -> 50 | L59: =+'10'!D58 -> 0 | M59: =+'11'!D58 -> 913 | N59: =+'12'!D58 -> 0 | O59: =+'13'!D58 -> 0 | P59: =+'14'!D58 -> 0 | Q59: =+'15'!D58 -> 2408 | R59: =+'16'!D58 -> 1575 | S59: =+'17'!D58 -> 0 | T59: =+'18'!D58 -> 9810 | U59: =+'19'!D58 -> 0 | V59: =+'20'!D58 -> 552 | W59: =+'21'!D58 -> 0 | X59: =+'22'!D58 -> 0 | Y59: =+'23'!D58 -> 2062 | Z59: =+'24'!D58 -> 8662.5 | AA59: =+'25'!D58 -> 425 | AB59: =+'26'!D58 -> 1444 | AC59: =+'27'!D58 -> 0 | AD59: =+'28'!D58 -> 0 | AE59: =+'29'!D58 -> 18290 | AF59: =+'30'!D58 -> 0 | AG59: =+'31'!D58 -> 0 | AH59: =+C59+D59+E59+F59+G59+H59+I59+J59+K59+L59+M59+N59+O59+P59+Q59+R59+S59+T59+U59+V59+W59+X59+Y59+Z59+AA59+AB59+AC59+AD59+AE59+AF59+AG59 -> 111412.75 | AJ59: =65749.5+2842.75+42820.5 -> 111412.75 | AK59: =+AH59-AJ59 -> 0
B60: ล/น.เบิกจ่ายตรง อปท.รูปแบบพิเศษ IP (1102050102.804)(กทม./ขสมก./กสทช./กกต.)((3.7)) | C60: =+'01'!D59 -> 0 | D60: =+'02'!D59 -> 0 | E60: =+'03'!D59 -> 41971.75 | F60: =+'04'!D59 -> 0 | G60: =+'05'!D59 -> 0 | H60: =+'06'!D59 -> 0 | I60: =+'07'!D59 -> 0 | J60: =+'08'!D59 -> 0 | K60: =+'09'!D59 -> 0 | L60: =+'10'!D59 -> 0 | M60: =+'11'!D59 -> 0 | N60: =+'12'!D59 -> 0 | O60: =+'13'!D59 -> 0 | P60: =+'14'!D59 -> 0 | Q60: =+'15'!D59 -> 0 | R60: =+'16'!D59 -> 0 | S60: =+'17'!D59 -> 0 | T60: =+'18'!D59 -> 0 | U60: =+'19'!D59 -> 0 | V60: =+'20'!D59 -> 0 | W60: =+'21'!D59 -> 0 | X60: =+'22'!D59 -> 0 | Y60: =+'23'!D59 -> 0 | Z60: =+'24'!D59 -> 0 | AA60: =+'25'!D59 -> 0 | AB60: =+'26'!D59 -> 0 | AC60: =+'27'!D59 -> 0 | AD60: =+'28'!D59 -> 0 | AE60: =+'29'!D59 -> 0 | AF60: =+'30'!D59 -> 0 | AG60: =+'31'!D59 -> 0 | AH60: =+C60+D60+E60+F60+G60+H60+I60+J60+K60+L60+M60+N60+O60+P60+Q60+R60+S60+T60+U60+V60+W60+X60+Y60+Z60+AA60+AB60+AC60+AD60+AE60+AF60+AG60 -> 41971.75 | AJ60: 41971.75 | AK60: =+AH60-AJ60 -> 0
C61: =+'01'!D60 -> 0 | D61: =+'02'!D60 -> 0 | E61: =+'03'!D60 -> 0 | F61: =+'04'!D60 -> 0 | G61: =+'05'!D60 -> 0 | H61: =+'06'!D60 -> 0 | I61: =+'07'!D60 -> 0 | J61: =+'08'!D60 -> 0 | K61: =+'09'!D60 -> 0 | L61: =+'10'!D60 -> 0 | M61: =+'11'!D60 -> 0 | N61: =+'12'!D60 -> 0 | O61: =+'13'!D60 -> 0 | P61: =+'14'!D60 -> 0 | Q61: =+'15'!D60 -> 0 | R61: =+'16'!D60 -> 0 | S61: =+'17'!D60 -> 0 | T61: =+'18'!D60 -> 0 | U61: =+'19'!D60 -> 0 | V61: =+'20'!D60 -> 0 | W61: =+'21'!D60 -> 0 | X61: =+'22'!D60 -> 0 | Y61: =+'23'!D60 -> 0 | Z61: =+'24'!D60 -> 0 | AA61: =+'25'!D60 -> 0 | AB61: =+'26'!D60 -> 0 | AC61: =+'27'!D60 -> 0 | AD61: =+'28'!D60 -> 0 | AE61: =+'29'!D60 -> 0 | AF61: =+'30'!D60 -> 0 | AG61: =+'31'!D60 -> 0 | AH61: =+C61+D61+E61+F61+G61+H61+I61+J61+K61+L61+M61+N61+O61+P61+Q61+R61+S61+T61+U61+V61+W61+X61+Y61+Z61+AA61+AB61+AC61+AD61+AE61+AF61+AG61 -> 0 | AK61: =+AH61-AJ61 -> 0
B62: รวมเงิน | C62: =SUM(C5:C61) -> 10168056 | D62: =SUM(D5:D61) -> 10395510 | E62: =SUM(E5:E61) -> 12552437 | F62: =SUM(F5:F61) -> 11428045 | G62: =SUM(G5:G61) -> 9425002.1 | H62: =SUM(H5:H61) -> 5278005.9 | I62: =SUM(I5:I61) -> 11307722 | J62: =SUM(J5:J61) -> 11615229 | ... AH62: =SUM(AH5:AH61) -> 3.0057182e+08
AF63: หัก ยังไม่ลงบช
AH64: =+AH62-AH63 -> 3.0057182e+08
AE65: บวก Hos Ver.3 | AF65: สิทธิ21 ((1.2))
AF66: สิทธิ24 ((1.6))
AF67: สิทธิ34 ((9.4))
AF68: สิทธิ90 ((11.1))
AF69: สิทธิ31 ((9.5))
AF70: รวมสุทธิ | AH70: =+AH64+AH65+AH66+AH67+AH68+AH69 -> 3.0057182e+08

Sheet 1-30 กย. 69
A1: รายงานสรุปค่ารักษาพยาบาลประจำวัน
A2: ประจำเดือน มกราคม 2564
A3: รายการ / วันที่ | C3: 1 สค.63 | E3: 2 สค.63 | G3: 3 สค.63 | I3: 4 สค.63 | K3: 5 สค.63 | M3: 6 สค.63 | O3: 7 สค.63 | Q3: 8 สค.63 | S3: 9 สค.63 | U3: 10 สค.63 | W3: 11 สค.63 | Y3: 12 สค.63 | AA3: 13 สค.63 | AC3: 14 สค.63 | AE3: 15 สค.63 | AG3: 16 สค.63 | AI3: 17 สค.63 | AK3: 18 สค.63 | AM3: 19 สค.63 | AO3: 20 สค.63 | AQ3: 21 สค.63 | AS3: 22 สค.63 | AU3: 23 สค.63 | AW3: 24 สค.63 | AY3: 25 สค.63 | BA3: 26 สค.63 | BC3: 27 สค.63 | BE3: 28 สค.63 | BG3: 29 สค.63 | BI3: 30 สค.63 | BK3: 31 สค.63 | BM3: รวม
A4: ลำดับ | B4: สิทธิการรักษา | C4: ราย | D4: จำนวนเงิน | E4: ราย | F4: จำนวนเงิน | G4: ราย | H4: จำนวนเงิน | I4: ราย | J4: จำนวนเงิน | K4: ราย | L4: จำนวนเงิน | M4: ราย | N4: จำนวนเงิน | O4: ราย | P4: จำนวนเงิน | Q4: ราย | R4: จำนวนเงิน | S4: ราย | T4: จำนวนเงิน | U4: ราย | V4: จำนวนเงิน | W4: ราย | X4: จำนวนเงิน | Y4: ราย | Z4: จำนวนเงิน | AA4: ราย | AB4: จำนวนเงิน | AC4: ราย | AD4: จำนวนเงิน | AE4: ราย | AF4: จำนวนเงิน | AG4: ราย | AH4: จำนวนเงิน | AI4: ราย | AJ4: จำนวนเงิน | AK4: ราย | AL4: จำนวนเงิน | AM4: ราย | AN4: จำนวนเงิน | AO4: ราย | AP4: จำนวนเงิน | AQ4: ราย | AR4: จำนวนเงิน | AS4: ราย | AT4: จำนวนเงิน | AU4: ราย | AV4: จำนวนเงิน | AW4: ราย | AX4: จำนวนเงิน | AY4: ราย | AZ4: จำนวนเงิน | BA4: ราย | BB4: จำนวนเงิน | BC4: ราย | BD4: จำนวนเงิน | BE4: ราย | BF4: จำนวนเงิน | BG4: ราย | BH4: จำนวนเงิน | BI4: ราย | BJ4: จำนวนเงิน | BK4: ราย | BL4: จำนวนเงิน | BM4: ราย | BN4: จำนวนเงิน
A5: 1 | B5: ชำระเงินสด (OPD) | C5: =+'01'!C4 -> 0 | D5: =+'01'!D4 -> 0 | E5: =+'02'!C4 -> 0 | F5: =+'02'!D4 -> 0 | G5: =+'03'!C4 -> 0 | H5: =+'03'!D4 -> 0 | I5: =+'04'!C4 -> 0 | J5: =+'04'!D4 -> 0 | K5: =+'05'!C4 -> 0 | L5: =+'05'!D4 -> 0 | M5: =+'06'!C4 -> 0 | N5: =+'06'!D4 -> 0 | O5: =+'07'!C4 -> 0 | P5: =+'06'!D4 -> 0 | Q5: =+'08'!C4 -> 0 | R5: =+'08'!D4 -> 0 | S5: =+'09'!C4 -> 0 | T5: =+'09'!D4 -> 0 | U5: =+'10'!C4 -> 0 | V5: =+'10'!D4 -> 0 | W5: =+'11'!C4 -> 0 | X5: =+'11'!D4 -> 0 | Y5: =+'12'!C4 -> 0 | Z5: =+'12'!D4 -> 0 | AA5: =+'13'!C4 -> 0 | AB5: =+'13'!D4 -> 0 | AC5: =+'14'!C4 -> 0 | AD5: =+'14'!D4 -> 0 | AE5: =+'15'!C4 -> 0 | AF5: =+'15'!D4 -> 0 | AG5: =+'16'!C4 -> 0 | AH5: =+'16'!D4 -> 0 | AI5: =+'17'!C4 -> 0 | AJ5: =+'17'!D4 -> 0 | AK5: =+'18'!C4 -> 0 | AL5: =+'18'!D4 -> 0 | AM5: =+'19'!C4 -> 0 | AN5: =+'19'!D4 -> 0 | AO5: =+'20'!C4 -> 0 | AP5: =+'20'!D4 -> 0 | AQ5: =+'21'!C4 -> 0 | AR5: =+'21'!D4 -> 0 | AS5: =+'22'!C4 -> 0 | AT5: =+'22'!D4 -> 0 | AU5: =+'23'!C4 -> 0 | AV5: =+'23'!D4 -> 0 | AW5: =+'24'!C4 -> 0 | AX5: =+'24'!D4 -> 0 | AY5: =+'25'!C4 -> 0 | AZ5: =+'25'!D4 -> 0 | BA5: =+'26'!C4 -> 0 | BB5: =+'26'!D4 -> 0 | BC5: =+'27'!C4 -> 0 | BD5: =+'27'!D4 -> 0 | BE5: =+'28'!C4 -> 0 | BF5: =+'28'!D4 -> 0 | BG5: =+'29'!C4 -> 0 | BH5: =+'29'!D4 -> 0 | BI5: =+'30'!C4 -> 0 | BJ5: =+'30'!D4 -> 0 | BK5: =+'31'!C4 -> 0 | BL5: =+'31'!D4 -> 0 | BM5: =+C5+E5+G5+I5+K5+M5+O5+Q5+S5+U5+W5+Y5+AA5+AC5+AE5+AG5+AI5+AK5+AM5+AO5+AQ5+AS5+AU5+AW5+AY5+BA5+BC5+BE5+BG5+BI5+BK5 -> 0 | BN5: =+D5+F5+H5+J5+L5+N5+P5+R5+T5+V5+X5+Z5+AB5+AD5+AF5+AH5+AJ5+AL5+AN5+AP5+AR5+AT5+AV5+AX5+AZ5+BB5+BD5+BF5+BH5+BJ5+BL5 -> 0
A6: 2 | B6: ชำระเงินสด (IPD) | C6: =+'01'!C5 -> 0 | D6: =+'01'!D5 -> 0 | E6: =+'02'!C5 -> 0 | F6: =+'02'!D5 -> 0 | G6: =+'03'!C5 -> 0 | H6: =+'03'!D5 -> 0 | I6: =+'04'!C5 -> 0 | J6: =+'04'!D5 -> 0 | K6: =+'05'!C5 -> 0 | L6: =+'05'!D5 -> 0 | M6: =+'06'!C5 -> 0 | N6: =+'06'!D5 -> 0 | O6: =+'07'!C5 -> 0 | P6: =+'06'!D5 -> 0 | Q6: =+'08'!C5 -> 0 | R6: =+'08'!D5 -> 0 | S6: =+'09'!C5 -> 0 | T6: =+'09'!D5 -> 0 | U6: =+'10'!C5 -> 0 | V6: =+'10'!D5 -> 0 | W6: =+'11'!C5 -> 0 | X6: =+'11'!D5 -> 0 | Y6: =+'12'!C5 -> 0 | Z6: =+'12'!D5 -> 0 | AA6: =+'13'!C5 -> 0 | AB6: =+'13'!D5 -> 0 | AC6: =+'14'!C5 -> 0 | AD6: =+'14'!D5 -> 0 | AE6: =+'15'!C5 -> 0 | AF6: =+'15'!D5 -> 0 | AG6: =+'16'!C5 -> 0 | AH6: =+'16'!D5 -> 0 | AI6: =+'17'!C5 -> 0 | AJ6: =+'17'!D5 -> 0 | AK6: =+'18'!C5 -> 0 | AL6: =+'18'!D5 -> 0 | AM6: =+'19'!C5 -> 0 | AN6: =+'19'!D5 -> 0 | AO6: =+'20'!C5 -> 0 | AP6: =+'20'!D5 -> 0 | AQ6: =+'21'!C5 -> 0 | AR6: =+'21'!D5 -> 0 | AS6: =+'22'!C5 -> 0 | AT6: =+'22'!D5 -> 0 | AU6: =+'23'!C5 -> 0 | AV6: =+'23'!D5 -> 0 | AW6: =+'24'!C5 -> 0 | AX6: =+'24'!D5 -> 0 | AY6: =+'25'!C5 -> 0 | AZ6: =+'25'!D5 -> 0 | BA6: =+'26'!C5 -> 0 | BB6: =+'26'!D5 -> 0 | BC6: =+'27'!C5 -> 0 | BD6: =+'27'!D5 -> 0 | BE6: =+'28'!C5 -> 0 | BF6: =+'28'!D5 -> 0 | BG6: =+'29'!C5 -> 0 | BH6: =+'29'!D5 -> 0 | BI6: =+'30'!C5 -> 0 | BJ6: =+'30'!D5 -> 0 | BK6: =+'31'!C5 -> 0 | BL6: =+'31'!D5 -> 0 | BM6: =+C6+E6+G6+I6+K6+M6+O6+Q6+S6+U6+W6+Y6+AA6+AC6+AE6+AG6+AI6+AK6+AM6+AO6+AQ6+AS6+AU6+AW6+AY6+BA6+BC6+BE6+BG6+BI6+BK6 -> 0 | BN6: =+D6+F6+H6+J6+L6+N6+P6+R6+T6+V6+X6+Z6+AB6+AD6+AF6+AH6+AJ6+AL6+AN6+AP6+AR6+AT6+AV6+AX6+AZ6+BB6+BD6+BF6+BH6+BJ6+BL6 -> 0
A7: 3 | B7: เบิกกรมบัญชีกลาง (OPD) | C7: =+'01'!C6 -> 354 | D7: =+'01'!D6 -> 1196065.4 | E7: =+'02'!C6 -> 351 | F7: =+'02'!D6 -> 991915.36 | G7: =+'03'!C6 -> 21 | H7: =+'03'!D6 -> 1013029.4 | I7: =+'04'!C6 -> 285 | J7: =+'04'!D6 -> 1091659.6 | K7: =+'05'!C6 -> 46 | L7: =+'05'!D6 -> 201880 | M7: =+'06'!C6 -> 127 | N7: =+'06'!D6 -> 258386.09 | O7: =+'07'!C6 -> 384 | P7: =+'07'!D6 -> 1297943.5 | Q7: =+'08'!C6 -> 401 | R7: =+'08'!D6 -> 996194.45 | S7: =+'09'!C6 -> 344 | T7: =+'09'!D6 -> 1017542.3 | U7: =+'10'!C6 -> 386 | V7: =+'10'!D6 -> 1108876.4 | W7: =+'11'!C6 -> 389 | X7: =+'11'!D6 -> 986978.24 | Y7: =+'12'!C6 -> 30 | Z7: =+'12'!D6 -> 110870.75 | AA7: =+'13'!C6 -> 130 | AB7: =+'13'!D6 -> 170846.61 | AC7: =+'14'!C6 -> 263 | AD7: =+'14'!D6 -> 1018355.9 | AE7: =+'15'!C6 -> 409 | AF7: =+'15'!D6 -> 1274832.1 | AG7: =+'16'!C6 -> 355 | AH7: =+'16'!D6 -> 1008976.2 | AI7: =+'17'!C6 -> 374 | AJ7: =+'17'!D6 -> 839863.98 | AK7: =+'18'!C6 -> 386 | AL7: =+'18'!D6 -> 1122239.2 | AM7: =+'19'!C6 -> 43 | AN7: =+'19'!D6 -> 193825.25 | AO7: =+'20'!C6 -> 121 | AP7: =+'20'!D6 -> 329834.85 | AQ7: =+'21'!C6 -> 273 | AR7: =+'21'!D6 -> 913597.87 | AS7: =+'22'!C6 -> 415 | AT7: =+'22'!D6 -> 1218743.8 | AU7: =+'23'!C6 -> 328 | AV7: =+'23'!D6 -> 913086.85 | AW7: =+'24'!C6 -> 377 | AX7: =+'24'!D6 -> 859308.97 | AY7: =+'25'!C6 -> 385 | AZ7: =+'25'!D6 -> 1081041.9 | BA7: =+'26'!C6 -> 101 | BB7: =+'26'!D6 -> 355204.73 | BC7: =+'27'!C6 -> 64 | BD7: =+'27'!D6 -> 137010.5 | BE7: =+'28'!C6 -> 290 | BF7: =+'28'!D6 -> 1149593 | BG7: =+'29'!C6 -> 369 | BH7: =+'29'!D6 -> 1021933.1 | BI7: =+'30'!C6 -> 357 | BJ7: =+'30'!D6 -> 1282664 | BK7: =+'31'!C6 -> 0 | BL7: =+'31'!D6 -> 0 | BM7: =+C7+E7+G7+I7+K7+M7+O7+Q7+S7+U7+W7+Y7+AA7+AC7+AE7+AG7+AI7+AK7+AM7+AO7+AQ7+AS7+AU7+AW7+AY7+BA7+BC7+BE7+BG7+BI7+BK7 -> 8158 | BN7: =+D7+F7+H7+J7+L7+N7+P7+R7+T7+V7+X7+Z7+AB7+AD7+AF7+AH7+AJ7+AL7+AN7+AP7+AR7+AT7+AV7+AX7+AZ7+BB7+BD7+BF7+BH7+BJ7+BL7 -> 25162300
B8: เบิกกรมบัญชีกลาง (OPD) ไตเทียม | C8: =+'01'!C8 -> 0 | D8: =+'01'!D8 -> 0 | E8: =+'02'!C8 -> 0 | F8: =+'02'!D8 -> 0 | G8: =+'03'!C8 -> 0 | H8: =+'03'!D8 -> 0 | I8: =+'04'!C8 -> 0 | J8: =+'04'!D8 -> 0 | K8: =+'05'!C8 -> 0 | L8: =+'05'!D8 -> 0 | M8: =+'06'!C8 -> 0 | N8: =+'06'!D8 -> 0 | O8: =+'07'!C8 -> 0 | P8: =+'07'!D8 -> 0 | Q8: =+'08'!C8 -> 0 | R8: =+'08'!D8 -> 0 | S8: =+'09'!C8 -> 0 | T8: =+'09'!D8 -> 0 | U8: =+'10'!C8 -> 0 | V8: =+'10'!D8 -> 0 | W8: =+'11'!C8 -> 0 | X8: =+'11'!D8 -> 0 | Y8: =+'12'!C8 -> 0 | Z8: =+'12'!D8 -> 0 | AA8: =+'13'!C8 -> 0 | AB8: =+'13'!D8 -> 0 | AC8: =+'14'!C8 -> 0 | AD8: =+'14'!D8 -> 0 | AE8: =+'15'!C8 -> 0 | AF8: =+'15'!D8 -> 0 | AG8: =+'16'!C8 -> 0 | AH8: =+'16'!D8 -> 0 | AI8: =+'17'!C8 -> 0 | AJ8: =+'17'!D8 -> 0 | AK8: =+'18'!C8 -> 0 | AL8: =+'18'!D8 -> 0 | AM8: =+'19'!C8 -> 0 | AN8: =+'19'!D8 -> 0 | AO8: =+'20'!C8 -> 0 | AP8: =+'20'!D8 -> 0 | AQ8: =+'21'!C8 -> 0 | AR8: =+'21'!D8 -> 0 | AS8: =+'22'!C8 -> 0 | AT8: =+'22'!D8 -> 0 | AU8: =+'23'!C8 -> 0 | AV8: =+'23'!D8 -> 0 | AW8: =+'24'!C8 -> 0 | AX8: =+'24'!D8 -> 0 | AY8: =+'25'!C8 -> 0 | AZ8: =+'25'!D8 -> 0 | BA8: =+'26'!C8 -> 0 | BB8: =+'26'!D8 -> 0 | BC8: =+'27'!C8 -> 0 | BD8: =+'27'!D8 -> 0 | BE8: =+'28'!C8 -> 0 | BF8: =+'28'!D8 -> 0 | BG8: =+'29'!C8 -> 0 | BH8: =+'29'!D8 -> 0 | BI8: =+'30'!C8 -> 0 | BJ8: =+'30'!D8 -> 0 | BK8: =+'31'!C8 -> 0 | BL8: =+'31'!D8 -> 0 | BM8: =+C8+E8+G8+I8+K8+M8+O8+Q8+S8+U8+W8+Y8+AA8+AC8+AE8+AG8+AI8+AK8+AM8+AO8+AQ8+AS8+AU8+AW8+AY8+BA8+BC8+BE8+BG8+BI8+BK8 -> 0 | BN8: =+D8+F8+H8+J8+L8+N8+P8+R8+T8+V8+X8+Z8+AB8+AD8+AF8+AH8+AJ8+AL8+AN8+AP8+AR8+AT8+AV8+AX8+AZ8+BB8+BD8+BF8+BH8+BJ8+BL8 -> 0
A9: 4 | B9: เบิกกรมบัญชีกลาง (IPD) | C9: =+'01'!C9 -> 1 | D9: =+'01'!D9 -> 14625.57 | E9: =+'02'!C9 -> 1 | F9: =+'02'!D9 -> 10241.75 | G9: =+'03'!C9 -> 5 | H9: =+'03'!D9 -> 1002440.3 | I9: =+'04'!C9 -> 8 | J9: =+'04'!D9 -> 301960.54 | K9: =+'05'!C9 -> 13 | L9: =+'05'!D9 -> 2011182.8 | M9: =+'06'!C9 -> 4 | N9: =+'06'!D9 -> 119707.28 | O9: =+'07'!C9 -> 6 | P9: =+'07'!D9 -> 395076.87 | Q9: =+'08'!C9 -> 2 | R9: =+'08'!D9 -> 39275.5 | S9: =+'09'!C9 -> 18 | T9: =+'09'!D9 -> 606366.98 | U9: =+'10'!C9 -> 16 | V9: =+'10'!D9 -> 520167.66 | W9: =+'11'!C9 -> 11 | X9: =+'11'!D9 -> 511836.05 | Y9: =+'12'!C9 -> 4 | Z9: =+'12'!D9 -> 97675.5 | AA9: =+'13'!C9 -> 5 | AB9: =+'13'!D9 -> 355525.54 | AC9: =+'14'!C9 -> 6 | AD9: =+'14'!D9 -> 601392.47 | AE9: =+'15'!C9 -> 9 | AF9: =+'15'!D9 -> 274115 | AG9: =+'16'!C9 -> 11 | AH9: =+'16'!D9 -> 679335.82 | AI9: =+'17'!C9 -> 17 | AJ9: =+'17'!D9 -> 745840.03 | AK9: =+'18'!C9 -> 9 | AL9: =+'18'!D9 -> 624372.94 | AM9: =+'19'!C9 -> 12 | AN9: =+'19'!D9 -> 318129 | AO9: =+'20'!C9 -> 7 | AP9: =+'20'!D9 -> 241412.25 | AQ9: =+'21'!C9 -> 6 | AR9: =+'21'!D9 -> 227948.23 | AS9: =+'22'!C9 -> 8 | AT9: =+'22'!D9 -> 506953.09 | AU9: =+'23'!C9 -> 11 | AV9: =+'23'!D9 -> 263419.79 | AW9: =+'24'!C9 -> 12 | AX9: =+'24'!D9 -> 1076650 | AY9: =+'25'!C9 -> 15 | AZ9: =+'25'!D9 -> 378301.64 | BA9: =+'26'!C9 -> 14 | BB9: =+'26'!D9 -> 652944.31 | BC9: =+'27'!C9 -> 5 | BD9: =+'27'!D9 -> 242887.03 | BE9: =+'28'!C9 -> 8 | BF9: =+'28'!D9 -> 403418.64 | BG9: =+'29'!C9 -> 12 | BH9: =+'29'!D9 -> 198262.26 | BI9: =+'30'!C9 -> 10 | BJ9: =+'30'!D9 -> 314636.63 | BK9: =+'31'!C9 -> 0 | BL9: =+'31'!D9 -> 0 | BM9: =+C9+E9+G9+I9+K9+M9+O9+Q9+S9+U9+W9+Y9+AA9+AC9+AE9+AG9+AI9+AK9+AM9+AO9+AQ9+AS9+AU9+AW9+AY9+BA9+BC9+BE9+BG9+BI9+BK9 -> 266 | BN9: =+D9+F9+H9+J9+L9+N9+P9+R9+T9+V9+X9+Z9+AB9+AD9+AF9+AH9+AJ9+AL9+AN9+AP9+AR9+AT9+AV9+AX9+AZ9+BB9+BD9+BF9+BH9+BJ9+BL9 -> 13736101
B10: เบิกกรมบัญชีกลาง (IPD) ไตเทียม | C10: =+'01'!C11 -> 0 | D10: =+'01'!D11 -> 0 | E10: =+'02'!C11 -> 0 | F10: =+'02'!D11 -> 0 | G10: =+'03'!C11 -> 0 | H10: =+'03'!D11 -> 0 | I10: =+'04'!C11 -> 0 | J10: =+'04'!D11 -> 0 | K10: =+'05'!C11 -> 0 | L10: =+'05'!D11 -> 0 | M10: =+'06'!C11 -> 0 | N10: =+'06'!D11 -> 0 | O10: =+'07'!C11 -> 0 | P10: =+'07'!D11 -> 0 | Q10: =+'08'!C11 -> 0 | R10: =+'08'!D11 -> 0 | S10: =+'09'!C11 -> 0 | T10: =+'09'!D11 -> 0 | U10: =+'10'!C11 -> 0 | V10: =+'10'!D11 -> 0 | W10: =+'11'!C11 -> 0 | X10: =+'11'!D11 -> 0 | Y10: =+'12'!C11 -> 0 | Z10: =+'12'!D11 -> 0 | AA10: =+'13'!C11 -> 0 | AB10: =+'13'!D11 -> 0 | AC10: =+'14'!C11 -> 0 | AD10: =+'14'!D11 -> 0 | AE10: =+'15'!C11 -> 0 | AF10: =+'15'!D11 -> 0 | AG10: =+'16'!C11 -> 0 | AH10: =+'16'!D11 -> 0 | AI10: =+'17'!C11 -> 0 | AJ10: =+'17'!D11 -> 0 | AK10: =+'18'!C11 -> 0 | AL10: =+'18'!D11 -> 0 | AM10: =+'19'!C11 -> 1 | AN10: =+'19'!D11 -> 24110 | AO10: =+'20'!C11 -> 0 | AP10: =+'20'!D11 -> 0 | AQ10: =+'21'!C11 -> 0 | AR10: =+'21'!D11 -> 0 | AS10: =+'22'!C11 -> 0 | AT10: =+'22'!D11 -> 0 | AU10: =+'23'!C11 -> 0 | AV10: =+'23'!D11 -> 0 | AW10: =+'24'!C11 -> 1 | AX10: =+'24'!D11 -> 33072 | AY10: =+'25'!C11 -> 1 | AZ10: =+'25'!D11 -> 8392 | BA10: =+'26'!C11 -> 0 | BB10: =+'26'!D11 -> 0 | BC10: =+'27'!C11 -> 1 | BD10: =+'27'!D11 -> 18548 | BE10: =+'28'!C11 -> 0 | BF10: =+'28'!D11 -> 0 | BG10: =+'29'!C11 -> 0 | BH10: =+'29'!D11 -> 0 | BI10: =+'30'!C11 -> 0 | BJ10: =+'30'!D11 -> 0 | BK10: =+'31'!C11 -> 0 | BL10: =+'31'!D11 -> 0 | BM10: =+C10+E10+G10+I10+K10+M10+O10+Q10+S10+U10+W10+Y10+AA10+AC10+AE10+AG10+AI10+AK10+AM10+AO10+AQ10+AS10+AU10+AW10+AY10+BA10+BC10+BE10+BG10+BI10+BK10 -> 4 | BN10: =+D10+F10+H10+J10+L10+N10+P10+R10+T10+V10+X10+Z10+AB10+AD10+AF10+AH10+AJ10+AL10+AN10+AP10+AR10+AT10+AV10+AX10+AZ10+BB10+BD10+BF10+BH10+BJ10+BL10 -> 84122
A11: 5 | B11: องค์กรปกครองส่วนท้องถิ่น (OPD) | C11: =+'01'!C12 -> 76 | D11: =+'01'!D12 -> 250757 | E11: =+'02'!C12 -> 56 | F11: =+'02'!D12 -> 204218.5 | G11: =+'03'!C12 -> 55 | H11: =+'03'!D12 -> 99684.5 | I11: =+'04'!C12 -> 59 | J11: =+'04'!D12 -> 173171.75 | K11: =+'05'!C12 -> 11 | L11: =+'05'!D12 -> 8111.5 | M11: =+'06'!C12 -> 3 | N11: =+'06'!D12 -> 2595 | O11: =+'07'!C12 -> 57 | P11: =+'07'!D12 -> 194220.5 | Q11: =+'08'!C12 -> 47 | R11: =+'08'!D12 -> 148808.5 | S11: =+'09'!C12 -> 59 | T11: =+'09'!D12 -> 221222.5 | U11: =+'10'!C12 -> 62 | V11: =+'10'!D12 -> 98994.25 | W11: =+'11'!C12 -> 43 | X11: =+'11'!D12 -> 101994.75 | Y11: =+'12'!C12 -> 8 | Z11: =+'12'!D12 -> 11465.25 | AA11: =+'13'!C12 -> 3 | AB11: =+'13'!D12 -> 1080 | AC11: =+'14'!C12 -> 47 | AD11: =+'14'!D12 -> 99846.75 | AE11: =+'15'!C12 -> 63 | AF11: =+'15'!D12 -> 152161 | AG11: =+'16'!C12 -> 55 | AH11: =+'16'!D12 -> 206032 | AI11: =+'17'!C12 -> 59 | AJ11: =+'17'!D12 -> 116098.5 | AK11: =+'18'!C12 -> 59 | AL11: =+'18'!D12 -> 152679.75 | AM11: =+'19'!C12 -> 9 | AN11: =+'19'!D12 -> 31056 | AO11: =+'20'!C12 -> 3 | AP11: =+'20'!D12 -> 1965 | AQ11: =+'21'!C12 -> 40 | AR11: =+'21'!D12 -> 135374.75 | AS11: =+'22'!C12 -> 67 | AT11: =+'22'!D12 -> 189018 | AU11: =+'23'!C12 -> 48 | AV11: =+'23'!D12 -> 114224.25 | AW11: =+'24'!C12 -> 42 | AX11: =+'24'!D12 -> 84758.25 | AY11: =+'25'!C12 -> 45 | AZ11: =+'25'!D12 -> 98683.24 | BA11: =+'26'!C12 -> 8 | BB11: =+'26'!D12 -> 31477.75 | BC11: =+'27'!C12 -> 3 | BD11: =+'27'!D12 -> 990 | BE11: =+'28'!C12 -> 60 | BF11: =+'28'!D12 -> 184521 | BG11: =+'29'!C12 -> 67 | BH11: =+'29'!D12 -> 160522.5 | BI11: =+'30'!C12 -> 48 | BJ11: =+'30'!D12 -> 235698.87 | BK11: =+'31'!C12 -> 0 | BL11: =+'31'!D12 -> 0 | BM11: =+C11+E11+G11+I11+K11+M11+O11+Q11+S11+U11+W11+Y11+AA11+AC11+AE11+AG11+AI11+AK11+AM11+AO11+AQ11+AS11+AU11+AW11+AY11+BA11+BC11+BE11+BG11+BI11+BK11 -> 1262 | BN11: =+D11+F11+H11+J11+L11+N11+P11+R11+T11+V11+X11+Z11+AB11+AD11+AF11+AH11+AJ11+AL11+AN11+AP11+AR11+AT11+AV11+AX11+AZ11+BB11+BD11+BF11+BH11+BJ11+BL11 -> 3511431.6
B12: องค์กรปกครองส่วนท้องถิ่น (OPD) ไตเทียม | C12: =+'01'!C13 -> 0 | D12: =+'01'!D13 -> 0 | E12: =+'02'!C13 -> 0 | F12: =+'02'!D13 -> 0 | G12: =+'03'!C13 -> 0 | H12: =+'03'!D13 -> 0 | I12: =+'04'!C13 -> 0 | J12: =+'04'!D13 -> 0 | K12: =+'05'!C13 -> 0 | L12: =+'05'!D13 -> 0 | M12: =+'06'!C13 -> 0 | N12: =+'06'!D13 -> 0 | O12: =+'07'!C13 -> 0 | P12: =+'07'!D13 -> 0 | Q12: =+'08'!C13 -> 0 | R12: =+'08'!D13 -> 0 | S12: =+'09'!C13 -> 0 | T12: =+'09'!D13 -> 0 | U12: =+'10'!C13 -> 0 | V12: =+'10'!D13 -> 0 | W12: =+'11'!C13 -> 0 | X12: =+'11'!D13 -> 0 | Y12: =+'12'!C13 -> 0 | Z12: =+'12'!D13 -> 0 | AA12: =+'13'!C13 -> 0 | AB12: =+'13'!D13 -> 0 | AC12: =+'14'!C13 -> 0 | AD12: =+'14'!D13 -> 0 | AE12: =+'15'!C13 -> 0 | AF12: =+'15'!D13 -> 0 | AG12: =+'16'!C13 -> 0 | AH12: =+'16'!D13 -> 0 | AI12: =+'17'!C13 -> 0 | AJ12: =+'17'!D13 -> 0 | AK12: =+'18'!C13 -> 0 | AL12: =+'18'!D13 -> 0 | AM12: =+'19'!C13 -> 0 | AN12: =+'19'!D13 -> 0 | AO12: =+'20'!C13 -> 0 | AP12: =+'20'!D13 -> 0 | AQ12: =+'21'!C13 -> 0 | AR12: =+'21'!D13 -> 0 | AS12: =+'22'!C13 -> 0 | AT12: =+'22'!D13 -> 0 | AU12: =+'23'!C13 -> 0 | AV12: =+'23'!D13 -> 0 | AW12: =+'24'!C13 -> 0 | AX12: =+'24'!D13 -> 0 | AY12: =+'25'!C13 -> 0 | AZ12: =+'25'!D13 -> 0 | BA12: =+'26'!C13 -> 0 | BB12: =+'26'!D13 -> 0 | BC12: =+'27'!C13 -> 0 | BD12: =+'27'!D13 -> 0 | BE12: =+'28'!C13 -> 0 | BF12: =+'28'!D13 -> 0 | BG12: =+'29'!C13 -> 0 | BH12: =+'29'!D13 -> 0 | BI12: =+'30'!C13 -> 0 | BJ12: =+'30'!D13 -> 0 | BK12: =+'31'!C13 -> 0 | BL12: =+'31'!D13 -> 0 | BM12: =+C12+E12+G12+I12+K12+M12+O12+Q12+S12+U12+W12+Y12+AA12+AC12+AE12+AG12+AI12+AK12+AM12+AO12+AQ12+AS12+AU12+AW12+AY12+BA12+BC12+BE12+BG12+BI12+BK12 -> 0 | BN12: =+D12+F12+H12+J12+L12+N12+P12+R12+T12+V12+X12+Z12+AB12+AD12+AF12+AH12+AJ12+AL12+AN12+AP12+AR12+AT12+AV12+AX12+AZ12+BB12+BD12+BF12+BH12+BJ12+BL12 -> 0
A13: 6 | B13: องค์กรปกครองส่วนท้องถิ่น (IPD) | C13: =+'01'!C14 -> 0 | D13: =+'01'!D14 -> 0 | E13: =+'02'!C14 -> 0 | F13: =+'02'!D14 -> 0 | G13: =+'03'!C14 -> 1 | H13: =+'03'!D14 -> 251744.69 | I13: =+'04'!C14 -> 1 | J13: =+'04'!D14 -> 28292.75 | K13: =+'05'!C14 -> 2 | L13: =+'05'!D14 -> 97963 | M13: =+'06'!C14 -> 1 | N13: =+'06'!D14 -> 18868.54 | O13: =+'07'!C14 -> 2 | P13: =+'07'!D14 -> 19090 | Q13: =+'08'!C14 -> 0 | R13: =+'08'!D14 -> 0 | S13: =+'09'!C14 -> 3 | T13: =+'09'!D14 -> 29935.54 | U13: =+'10'!C14 -> 2 | V13: =+'10'!D14 -> 27436.75 | W13: =+'11'!C14 -> 2 | X13: =+'11'!D14 -> 27597.75 | Y13: =+'12'!C14 -> 2 | Z13: =+'12'!D14 -> 18074.75 | AA13: =+'13'!C14 -> 3 | AB13: =+'13'!D14 -> 211667.87 | AC13: =+'14'!C14 -> 1 | AD13: =+'14'!D14 -> 13183.5 | AE13: =+'15'!C14 -> 2 | AF13: =+'15'!D14 -> 710974 | AG13: =+'16'!C14 -> 0 | AH13: =+'16'!D14 -> 0 | AI13: =+'17'!C14 -> 1 | AJ13: =+'17'!D14 -> 47681.81 | AK13: =+'18'!C14 -> 0 | AL13: =+'18'!D14 -> 0 | AM13: =+'19'!C14 -> 0 | AN13: =+'19'!D14 -> 0 | AO13: =+'20'!C14 -> 1 | AP13: =+'20'!D14 -> 5160.25 | AQ13: =+'21'!C14 -> 1 | AR13: =+'21'!D14 -> 62977.3 | AS13: =+'22'!C14 -> 4 | AT13: =+'22'!D14 -> 74546.17 | AU13: =+'23'!C14 -> 0 | AV13: =+'23'!D14 -> 0 | AW13: =+'24'!C14 -> 1 | AX13: =+'24'!D14 -> 17331 | AY13: =+'25'!C14 -> 3 | AZ13: =+'25'!D14 -> 114142 | BA13: =+'26'!C14 -> 1 | BB13: =+'26'!D14 -> 76135.26 | BC13: =+'27'!C14 -> 0 | BD13: =+'27'!D14 -> 0 | BE13: =+'28'!C14 -> 0 | BF13: =+'28'!D14 -> 0 | BG13: =+'29'!C14 -> 2 | BH13: =+'29'!D14 -> 105573.14 | BI13: =+'30'!C14 -> 4 | BJ13: =+'30'!D14 -> 422763.02 | BK13: =+'31'!C14 -> 0 | BL13: =+'31'!D14 -> 0 | BM13: =+C13+E13+G13+I13+K13+M13+O13+Q13+S13+U13+W13+Y13+AA13+AC13+AE13+AG13+AI13+AK13+AM13+AO13+AQ13+AS13+AU13+AW13+AY13+BA13+BC13+BE13+BG13+BI13+BK13 -> 40 | BN13: =+D13+F13+H13+J13+L13+N13+P13+R13+T13+V13+X13+Z13+AB13+AD13+AF13+AH13+AJ13+AL13+AN13+AP13+AR13+AT13+AV13+AX13+AZ13+BB13+BD13+BF13+BH13+BJ13+BL13 -> 2381139.1
B14: องค์กรปกครองส่วนท้องถิ่น (IPD) ไตเทียม | C14: =+'01'!C15 -> 0 | D14: =+'01'!D15 -> 0 | E14: =+'02'!C15 -> 0 | F14: =+'02'!D15 -> 0 | G14: =+'03'!C15 -> 0 | H14: =+'03'!D15 -> 0 | I14: =+'04'!C15 -> 0 | J14: =+'04'!D15 -> 0 | K14: =+'05'!C15 -> 0 | L14: =+'05'!D15 -> 0 | M14: =+'06'!C15 -> 0 | N14: =+'06'!D15 -> 0 | O14: =+'07'!C15 -> 0 | P14: =+'07'!D15 -> 0 | Q14: =+'08'!C15 -> 0 | R14: =+'08'!D15 -> 0 | S14: =+'09'!C15 -> 0 | T14: =+'09'!D15 -> 0 | U14: =+'10'!C15 -> 2 | V14: =+'10'!D15 -> 12192 | W14: =+'11'!#REF! -> #REF! | X14: =+'11'!#REF! -> #REF! | Y14: =+'12'!C15 -> 0 | Z14: =+'12'!D15 -> 0 | AA14: =+'13'!C15 -> 0 | AB14: =+'13'!D15 -> 0 | AC14: =+'14'!C15 -> 0 | AD14: =+'14'!D15 -> 0 | AE14: =+'15'!C15 -> 0 | AF14: =+'15'!D15 -> 0 | AG14: =+'16'!C15 -> 0 | AH14: =+'16'!D15 -> 0 | AI14: =+'17'!C15 -> 0 | AJ14: =+'17'!D15 -> 0 | AK14: =+'18'!C15 -> 0 | AL14: =+'18'!D15 -> 0 | AM14: =+'19'!C15 -> 0 | AN14: =+'19'!D15 -> 0 | AO14: =+'20'!C15 -> 0 | AP14: =+'20'!D15 -> 0 | AQ14: =+'21'!C15 -> 1 | AR14: =+'21'!D15 -> 8624 | AS14: =+'22'!C15 -> 0 | AT14: =+'22'!D15 -> 0 | AU14: =+'23'!C15 -> 0 | AV14: =+'23'!D15 -> 0 | AW14: =+'24'!C15 -> 0 | AX14: =+'24'!D15 -> 0 | AY14: =+'25'!C15 -> 0 | AZ14: =+'25'!D15 -> 0 | BA14: =+'26'!C15 -> 0 | BB14: =+'26'!D15 -> 0 | BC14: =+'27'!C15 -> 0 | BD14: =+'27'!D15 -> 0 | BE14: =+'28'!C15 -> 0 | BF14: =+'28'!D15 -> 0 | BG14: =+'29'!C15 -> 0 | BH14: =+'29'!D15 -> 0 | BI14: =+'30'!C15 -> 0 | BJ14: =+'30'!D15 -> 0 | BK14: =+'31'!C15 -> 0 | BL14: =+'31'!D15 -> 0 | BM14: =+C14+E14+G14+I14+K14+M14+O14+Q14+S14+U14+W14+Y14+AA14+AC14+AE14+AG14+AI14+AK14+AM14+AO14+AQ14+AS14+AU14+AW14+AY14+BA14+BC14+BE14+BG14+BI14+BK14 -> #REF! | BN14: =+D14+F14+H14+J14+L14+N14+P14+R14+T14+V14+X14+Z14+AB14+AD14+AF14+AH14+AJ14+AL14+AN14+AP14+AR14+AT14+AV14+AX14+AZ14+BB14+BD14+BF14+BH14+BJ14+BL14 -> #REF!
A15: 7 | B15: สิทธิ พรบ. เรียกเก็บ OPD | C15: =+'01'!C16 -> 9 | D15: =+'01'!D16 -> 7239 | E15: =+'02'!C16 -> 12 | F15: =+'02'!D16 -> 30121 | G15: =+'03'!C16 -> 19 | H15: =+'03'!D16 -> 58020 | I15: =+'04'!C16 -> 19 | J15: =+'04'!D16 -> 19277.5 | K15: =+'05'!C16 -> 15 | L15: =+'05'!D16 -> 23759.75 | M15: =+'06'!C16 -> 10 | N15: =+'06'!D16 -> 10755 | O15: =+'07'!C16 -> 23 | P15: =+'07'!D16 -> 20087 | Q15: =+'08'!C16 -> 10 | R15: =+'08'!D16 -> 24517.75 | S15: =+'09'!C16 -> 13 | T15: =+'09'!D16 -> 24679.25 | U15: =+'10'!C16 -> 10 | V15: =+'10'!D16 -> 12590.25 | W15: =+'11'!C16 -> 24 | X15: =+'11'!D16 -> 31367.5 | Y15: =+'12'!C16 -> 11 | Z15: =+'12'!D16 -> 33764.2 | AA15: =+'13'!C16 -> 8 | AB15: =+'13'!D16 -> 10921.75 | AC15: =+'14'!C16 -> 11 | AD15: =+'14'!D16 -> 28001.25 | AE15: =+'15'!C16 -> 10 | AF15: =+'15'!D16 -> 25006.5 | AG15: =+'16'!C16 -> 10 | AH15: =+'16'!D16 -> 21258.75 | AI15: =+'17'!C16 -> 13 | AJ15: =+'17'!D16 -> 38196.5 | AK15: =+'18'!C16 -> 7 | AL15: =+'18'!D16 -> 6652.5 | AM15: =+'19'!C16 -> 14 | AN15: =+'19'!D16 -> 18016.46 | AO15: =+'20'!C16 -> 10 | AP15: =+'20'!D16 -> 6330.5 | AQ15: =+'21'!C16 -> 5 | AR15: =+'21'!D16 -> 5960 | AS15: =+'22'!C16 -> 5 | AT15: =+'22'!D16 -> 8498 | AU15: =+'23'!C16 -> 9 | AV15: =+'23'!D16 -> 24203.46 | AW15: =+'24'!C16 -> 10 | AX15: =+'24'!D16 -> 7886.75 | AY15: =+'25'!C16 -> 7 | AZ15: =+'25'!D16 -> 7619 | BA15: =+'26'!C16 -> 8 | BB15: =+'26'!D16 -> 21004.5 | BC15: =+'27'!C16 -> 7 | BD15: =+'27'!D16 -> 14450 | BE15: =+'28'!C16 -> 14 | BF15: =+'28'!D16 -> 36037 | BG15: =+'29'!C16 -> 27 | BH15: =+'29'!D16 -> 16403.25 | BI15: =+'30'!C16 -> 10 | BJ15: =+'30'!D16 -> 26170.25 | BK15: =+'31'!C16 -> 0 | BL15: =+'31'!D16 -> 0 | BM15: =+C15+E15+G15+I15+K15+M15+O15+Q15+S15+U15+W15+Y15+AA15+AC15+AE15+AG15+AI15+AK15+AM15+AO15+AQ15+AS15+AU15+AW15+AY15+BA15+BC15+BE15+BG15+BI15+BK15 -> 360 | BN15: =+D15+F15+H15+J15+L15+N15+P15+R15+T15+V15+X15+Z15+AB15+AD15+AF15+AH15+AJ15+AL15+AN15+AP15+AR15+AT15+AV15+AX15+AZ15+BB15+BD15+BF15+BH15+BJ15+BL15 -> 618794.62
B16: สิทธิ พรบ. เรียกเก็บ IPD | C16: =+'01'!C17 -> 4 | D16: =+'01'!D17 -> 127214 | E16: =+'02'!C17 -> 1 | F16: =+'02'!D17 -> 11539 | G16: =+'03'!C17 -> 5 | H16: =+'03'!D17 -> 154651.5 | I16: =+'04'!C17 -> 8 | J16: =+'04'!D17 -> 205807.5 | K16: =+'05'!C17 -> 2 | L16: =+'05'!D17 -> 50020.05 | M16: =+'06'!C17 -> 3 | N16: =+'06'!D17 -> 61025.29 | O16: =+'07'!C17 -> 2 | P16: =+'07'!D17 -> 36617.5 | Q16: =+'08'!C17 -> 3 | R16: =+'08'!D17 -> 110000 | S16: =+'09'!C17 -> 3 | T16: =+'09'!D17 -> 118398.25 | U16: =+'10'!C17 -> 3 | V16: =+'10'!D17 -> 68207 | W16: =+'11'!C17 -> 3 | X16: =+'11'!D17 -> 52150 | Y16: =+'12'!C17 -> 1 | Z16: =+'12'!D17 -> 18635 | AA16: =+'13'!C17 -> 2 | AB16: =+'13'!D17 -> 36471.75 | AC16: =+'14'!C17 -> 4 | AD16: =+'14'!D17 -> 151340 | AE16: =+'15'!C17 -> 2 | AF16: =+'15'!D17 -> 60000 | AG16: =+'16'!C17 -> 7 | AH16: =+'16'!D17 -> 173062.25 | AI16: =+'17'!C17 -> 5 | AJ16: =+'17'!D17 -> 109589 | AK16: =+'18'!C17 -> 4 | AL16: =+'18'!D17 -> 93704.5 | AM16: =+'19'!C17 -> 3 | AN16: =+'19'!D17 -> 121843.55 | AO16: =+'20'!C17 -> 0 | AP16: =+'20'!D17 -> 0 | AQ16: =+'21'!C17 -> 5 | AR16: =+'21'!D17 -> 112645 | AS16: =+'22'!C17 -> 0 | AT16: =+'22'!D17 -> 0 | AU16: =+'23'!C17 -> 2 | AV16: =+'23'!D17 -> 51607.25 | AW16: =+'24'!C17 -> 3 | AX16: =+'24'!D17 -> 63715 | AY16: =+'25'!C17 -> 1 | AZ16: =+'25'!D17 -> 30000 | BA16: =+'26'!C17 -> 1 | BB16: =+'26'!D17 -> 30000 | BC16: =+'27'!C17 -> 0 | BD16: =+'27'!D17 -> 0 | BE16: =+'28'!C17 -> 3 | BF16: =+'28'!D17 -> 79461.75 | BG16: =+'29'!C17 -> 7 | BH16: =+'29'!D17 -> 131655.75 | BI16: =+'30'!C17 -> 0 | BJ16: =+'30'!D17 -> 0 | BK16: =+'31'!C17 -> 0 | BL16: =+'31'!D17 -> 0 | BM16: =+C16+E16+G16+I16+K16+M16+O16+Q16+S16+U16+W16+Y16+AA16+AC16+AE16+AG16+AI16+AK16+AM16+AO16+AQ16+AS16+AU16+AW16+AY16+BA16+BC16+BE16+BG16+BI16+BK16 -> 87 | BN16: =+D16+F16+H16+J16+L16+N16+P16+R16+T16+V16+X16+Z16+AB16+AD16+AF16+AH16+AJ16+AL16+AN16+AP16+AR16+AT16+AV16+AX16+AZ16+BB16+BD16+BF16+BH16+BJ16+BL16 -> 2259360.9
A17: 8 | B17: สิทธิ ประกันชีวิต/ต่างประเทศ OPD | C17: =+'01'!C18 -> 7 | D17: =+'01'!D18 -> 25213.75 | E17: =+'02'!C18 -> 2 | F17: =+'02'!D18 -> 27194.5 | G17: =+'03'!C18 -> 4 | H17: =+'03'!D18 -> 14609.61 | I17: =+'04'!C18 -> 5 | J17: =+'04'!D18 -> 5605.25 | K17: =+'05'!C18 -> 5 | L17: =+'05'!D18 -> 236441.6 | M17: =+'06'!C18 -> 2 | N17: =+'06'!D18 -> 99126.25 | O17: =+'07'!C18 -> 0 | P17: =+'07'!D18 -> 0 | Q17: =+'08'!C18 -> 21 | R17: =+'08'!D18 -> 115636.25 | S17: =+'09'!C18 -> 2 | T17: =+'09'!D18 -> 1111 | U17: =+'10'!C18 -> 3 | V17: =+'10'!D18 -> 2200 | W17: =+'11'!C18 -> 6 | X17: =+'11'!D18 -> 15872.46 | Y17: =+'12'!C18 -> 4 | Z17: =+'12'!D18 -> 6342 | AA17: =+'13'!C18 -> 1 | AB17: =+'13'!D18 -> 1250 | AC17: =+'14'!C18 -> 4 | AD17: =+'14'!D18 -> 4080.5 | AE17: =+'15'!C18 -> 4 | AF17: =+'15'!D18 -> 6302 | AG17: =+'16'!C18 -> 2 | AH17: =+'16'!D18 -> 22713.5 | AI17: =+'17'!C18 -> 1 | AJ17: =+'17'!D18 -> 1603 | AK17: =+'18'!C18 -> 4 | AL17: =+'18'!D18 -> 5692 | AM17: =+'19'!C18 -> 1 | AN17: =+'19'!D18 -> 17971 | AO17: =+'20'!C18 -> 0 | AP17: =+'20'!D18 -> 0 | AQ17: =+'21'!C18 -> 3 | AR17: =+'21'!D18 -> 18079 | AS17: =+'22'!C18 -> 2 | AT17: =+'22'!D18 -> 114178.86 | AU17: =+'23'!C18 -> 3 | AV17: =+'23'!D18 -> 80981.96 | AW17: =+'24'!C18 -> 5 | AX17: =+'24'!D18 -> 9672 | AY17: =+'25'!C18 -> 2 | AZ17: =+'25'!D18 -> 1959 | BA17: =+'26'!C18 -> 7 | BB17: =+'26'!D18 -> 32171 | BC17: =+'27'!C18 -> 2 | BD17: =+'27'!D18 -> 6170.2 | BE17: =+'28'!C18 -> 2 | BF17: =+'28'!D18 -> 3852 | BG17: =+'29'!C18 -> 4 | BH17: =+'29'!D18 -> 78532.52 | BI17: =+'30'!C18 -> 0 | BJ17: =+'30'!D18 -> 0 | BK17: =+'31'!C18 -> 0 | BL17: =+'31'!D18 -> 0 | BM17: =+C17+E17+G17+I17+K17+M17+O17+Q17+S17+U17+W17+Y17+AA17+AC17+AE17+AG17+AI17+AK17+AM17+AO17+AQ17+AS17+AU17+AW17+AY17+BA17+BC17+BE17+BG17+BI17+BK17 -> 108 | BN17: =+D17+F17+H17+J17+L17+N17+P17+R17+T17+V17+X17+Z17+AB17+AD17+AF17+AH17+AJ17+AL17+AN17+AP17+AR17+AT17+AV17+AX17+AZ17+BB17+BD17+BF17+BH17+BJ17+BL17 -> 954561.21
B18: สิทธิ ประกันชีวิต/ต่างประเทศ IPD | C18: =+'01'!C19 -> 2 | D18: =+'01'!D19 -> 125498.75 | E18: =+'02'!C19 -> 2 | F18: =+'02'!D19 -> 132334.75 | G18: =+'03'!C19 -> 2 | H18: =+'03'!D19 -> 192659.1 | I18: =+'04'!C19 -> 2 | J18: =+'04'!D19 -> 194130.65 | K18: =+'05'!C19 -> 5 | L18: =+'05'!D19 -> 89096 | M18: =+'06'!C19 -> 0 | N18: =+'06'!D19 -> 0 | O18: =+'07'!C19 -> 4 | P18: =+'07'!D19 -> 3809.75 | Q18: =+'08'!C19 -> 8 | R18: =+'08'!D19 -> 1427767.2 | S18: =+'09'!C19 -> 2 | T18: =+'09'!D19 -> 128417.54 | U18: =+'10'!C19 -> 2 | V18: =+'10'!D19 -> 35649.25 | W18: =+'11'!C19 -> 3 | X18: =+'11'!D19 -> 263533.25 | Y18: =+'12'!C19 -> 1 | Z18: =+'12'!D19 -> 58909.97 | AA18: =+'13'!C19 -> 1 | AB18: =+'13'!D19 -> 42362.75 | AC18: =+'14'!C19 -> 0 | AD18: =+'14'!D19 -> 0 | AE18: =+'15'!C19 -> 4 | AF18: =+'15'!D19 -> 132534.75 | AG18: =+'16'!C19 -> 2 | AH18: =+'16'!D19 -> 130690 | AI18: =+'17'!C19 -> 5 | AJ18: =+'17'!D19 -> 245048 | AK18: =+'18'!C19 -> 8 | AL18: =+'18'!D19 -> 689861.06 | AM18: =+'19'!C19 -> 2 | AN18: =+'19'!D19 -> 57138.25 | AO18: =+'20'!C19 -> 3 | AP18: =+'20'!D19 -> 264527.04 | AQ18: =+'21'!C19 -> 3 | AR18: =+'21'!D19 -> 317808.75 | AS18: =+'22'!C19 -> 1 | AT18: =+'22'!D19 -> 167039.26 | AU18: =+'23'!C19 -> 3 | AV18: =+'23'!D19 -> 139151.28 | AW18: =+'24'!C19 -> 9 | AX18: =+'24'!D19 -> 6263415.3 | AY18: =+'25'!C19 -> 6 | AZ18: =+'25'!D19 -> 532900.28 | BA18: =+'26'!C19 -> 1 | BB18: =+'26'!D19 -> 6800 | BC18: =+'27'!C19 -> 0 | BD18: =+'27'!D19 -> 0 | BE18: =+'28'!C19 -> 2 | BF18: =+'28'!D19 -> 157130.75 | BG18: =+'29'!C19 -> 2 | BH18: =+'29'!D19 -> 5320 | BI18: =+'30'!C19 -> 0 | BJ18: =+'30'!D19 -> 0 | BK18: =+'31'!C19 -> 0 | BL18: =+'31'!D19 -> 0 | BM18: =+C18+E18+G18+I18+K18+M18+O18+Q18+S18+U18+W18+Y18+AA18+AC18+AE18+AG18+AI18+AK18+AM18+AO18+AQ18+AS18+AU18+AW18+AY18+BA18+BC18+BE18+BG18+BI18+BK18 -> 85 | BN18: =+D18+F18+H18+J18+L18+N18+P18+R18+T18+V18+X18+Z18+AB18+AD18+AF18+AH18+AJ18+AL18+AN18+AP18+AR18+AT18+AV18+AX18+AZ18+BB18+BD18+BF18+BH18+BJ18+BL18 -> 11803534
A19: 9 | B19: เบิกต้นสังกัด/บริษัทห้างร้าน OPD | C19: =+'01'!C20 -> 0 | D19: =+'01'!D20 -> 0 | E19: =+'02'!C20 -> 0 | F19: =+'02'!D20 -> 0 | G19: =+'03'!C20 -> 0 | H19: =+'03'!D20 -> 0 | I19: =+'04'!C20 -> 0 | J19: =+'04'!D20 -> 0 | K19: =+'05'!C20 -> 0 | L19: =+'05'!D20 -> 0 | M19: =+'06'!C20 -> 0 | N19: =+'06'!D20 -> 0 | O19: =+'07'!C20 -> 22 | P19: =+'07'!D20 -> 180409.49 | Q19: =+'08'!C20 -> 44 | R19: =+'08'!D20 -> 168326.84 | S19: =+'09'!C20 -> 6 | T19: =+'09'!D20 -> 41760 | U19: =+'10'!C20 -> 0 | V19: =+'10'!D20 -> 0 | W19: =+'11'!C20 -> 0 | X19: =+'11'!D20 -> 0 | Y19: =+'12'!C20 -> 0 | Z19: =+'12'!D20 -> 0 | AA19: =+'13'!C20 -> 0 | AB19: =+'13'!D20 -> 0 | AC19: =+'14'!C20 -> 23 | AD19: =+'14'!D20 -> 44650 | AE19: =+'15'!C20 -> 37 | AF19: =+'15'!D20 -> 619616.61 | AG19: =+'16'!C20 -> 0 | AH19: =+'16'!D20 -> 0 | AI19: =+'17'!C20 -> 25 | AJ19: =+'17'!D20 -> 268694.23 | AK19: =+'18'!C20 -> 45 | AL19: =+'18'!D20 -> 915081.36 | AM19: =+'19'!C20 -> 0 | AN19: =+'19'!D20 -> 0 | AO19: =+'20'!C20 -> 0 | AP19: =+'20'!D20 -> 0 | AQ19: =+'21'!C20 -> 22 | AR19: =+'21'!D20 -> 20210.61 | AS19: =+'22'!C20 -> 35 | AT19: =+'22'!D20 -> 51508.61 | AU19: =+'23'!C20 -> 0 | AV19: =+'23'!D20 -> 0 | AW19: =+'24'!C20 -> 0 | AX19: =+'24'!D20 -> 0 | AY19: =+'25'!C20 -> 0 | AZ19: =+'25'!D20 -> 0 | BA19: =+'26'!C20 -> 0 | BB19: =+'26'!D20 -> 0 | BC19: =+'27'!C20 -> 0 | BD19: =+'27'!D20 -> 0 | BE19: =+'28'!C20 -> 111 | BF19: =+'28'!D20 -> 704822.46 | BG19: =+'29'!C20 -> 39 | BH19: =+'29'!D20 -> 417100.36 | BI19: =+'30'!C20 -> 103 | BJ19: =+'30'!D20 -> 178015.82 | BK19: =+'31'!C20 -> 0 | BL19: =+'31'!D20 -> 0 | BM19: =+C19+E19+G19+I19+K19+M19+O19+Q19+S19+U19+W19+Y19+AA19+AC19+AE19+AG19+AI19+AK19+AM19+AO19+AQ19+AS19+AU19+AW19+AY19+BA19+BC19+BE19+BG19+BI19+BK19 -> 512 | BN19: =+D19+F19+H19+J19+L19+N19+P19+R19+T19+V19+X19+Z19+AB19+AD19+AF19+AH19+AJ19+AL19+AN19+AP19+AR19+AT19+AV19+AX19+AZ19+BB19+BD19+BF19+BH19+BJ19+BL19 -> 3610196.4
B20: เบิกต้นสังกัด/บริษัทห้างร้าน IPD | C20: =+'01'!C21 -> 0 | D20: =+'01'!D21 -> 0 | E20: =+'02'!C21 -> 0 | F20: =+'02'!D21 -> 0 | G20: =+'03'!C21 -> 0 | H20: =+'03'!D21 -> 0 | I20: =+'04'!C21 -> 0 | J20: =+'04'!D21 -> 0 | K20: =+'05'!C21 -> 0 | L20: =+'05'!D21 -> 0 | M20: =+'06'!C21 -> 0 | N20: =+'06'!D21 -> 0 | O20: =+'07'!C21 -> 0 | P20: =+'07'!D21 -> 0 | Q20: =+'08'!C21 -> 12 | R20: =+'08'!D21 -> 366945.81 | S20: =+'09'!C21 -> 0 | T20: =+'09'!D21 -> 0 | U20: =+'10'!C21 -> 0 | V20: =+'10'!D21 -> 0 | W20: =+'11'!C21 -> 0 | X20: =+'11'!D21 -> 0 | Y20: =+'12'!C21 -> 0 | Z20: =+'12'!D21 -> 0 | AA20: =+'13'!C21 -> 0 | AB20: =+'13'!D21 -> 0 | AC20: =+'14'!C21 -> 0 | AD20: =+'14'!D21 -> 0 | AE20: =+'15'!C21 -> 0 | AF20: =+'15'!D21 -> 0 | AG20: =+'16'!C21 -> 0 | AH20: =+'16'!D21 -> 0 | AI20: =+'17'!C21 -> 14 | AJ20: =+'17'!D21 -> 812100.79 | AK20: =+'18'!C21 -> 0 | AL20: =+'18'!D21 -> 0 | AM20: =+'19'!C21 -> 0 | AN20: =+'19'!D21 -> 0 | AO20: =+'20'!C21 -> 0 | AP20: =+'20'!D21 -> 0 | AQ20: =+'21'!C21 -> 0 | AR20: =+'21'!D21 -> 0 | AS20: =+'22'!C21 -> 10 | AT20: =+'22'!D21 -> 2737615.6 | AU20: =+'23'!C21 -> 0 | AV20: =+'23'!D21 -> 0 | AW20: =+'24'!C21 -> 0 | AX20: =+'24'!D21 -> 0 | AY20: =+'25'!C21 -> 0 | AZ20: =+'25'!D21 -> 0 | BA20: =+'26'!C21 -> 0 | BB20: =+'26'!D21 -> 0 | BC20: =+'27'!C21 -> 0 | BD20: =+'27'!D21 -> 0 | BE20: =+'28'!C21 -> 14 | BF20: =+'28'!D21 -> 1608995.7 | BG20: =+'29'!C21 -> 0 | BH20: =+'29'!D21 -> 0 | BI20: =+'30'!C21 -> 0 | BJ20: =+'30'!D21 -> 0 | BK20: =+'31'!C21 -> 0 | BL20: =+'31'!D21 -> 0 | BM20: =+C20+E20+G20+I20+K20+M20+O20+Q20+S20+U20+W20+Y20+AA20+AC20+AE20+AG20+AI20+AK20+AM20+AO20+AQ20+AS20+AU20+AW20+AY20+BA20+BC20+BE20+BG20+BI20+BK20 -> 50 | BN20: =+D20+F20+H20+J20+L20+N20+P20+R20+T20+V20+X20+Z20+AB20+AD20+AF20+AH20+AJ20+AL20+AN20+AP20+AR20+AT20+AV20+AX20+AZ20+BB20+BD20+BF20+BH20+BJ20+BL20 -> 5525657.9
A21: 10 | B21: ปกส.-OP เครือข่าย | C21: =+'01'!C22 -> 676 | D21: =+'01'!D22 -> 1660407.5 | E21: =+'02'!C22 -> 699 | F21: =+'02'!D22 -> 938187.56 | G21: =+'03'!C22 -> 667 | H21: =+'03'!D22 -> 865509.33 | I21: =+'04'!C22 -> 642 | J21: =+'04'!D22 -> 774877.8 | K21: =+'05'!C22 -> 185 | L21: =+'05'!D22 -> 226607 | M21: =+'06'!C22 -> 137 | N21: =+'06'!D22 -> 133636.25 | O21: =+'07'!C22 -> 782 | P21: =+'07'!D22 -> 978100.91 | Q21: =+'08'!C22 -> 712 | R21: =+'08'!D22 -> 838568.94 | S21: =+'09'!C22 -> 686 | T21: =+'09'!D22 -> 983400.33 | U21: =+'10'!C22 -> 691 | V21: =+'10'!D22 -> 936833.08 | W21: =+'11'!C22 -> 644 | X21: =+'11'!D22 -> 730131.14 | Y21: =+'12'!C22 -> 140 | Z21: =+'12'!D22 -> 80634.75 | AA21: =+'13'!C22 -> 115 | AB21: =+'13'!D22 -> 110851.5 | AC21: =+'14'!C22 -> 653 | AD21: =+'14'!D22 -> 821070.08 | AE21: =+'15'!C22 -> 704 | AF21: =+'15'!D22 -> 919973.33 | AG21: =+'16'!C22 -> 710 | AH21: =+'16'!D22 -> 1041912.5 | AI21: =+'17'!C22 -> 740 | AJ21: =+'17'!D22 -> 1010094 | AK21: =+'18'!C22 -> 612 | AL21: =+'18'!D22 -> 774252.67 | AM21: =+'19'!C22 -> 149 | AN21: =+'19'!D22 -> 116848.25 | AO21: =+'20'!C22 -> 135 | AP21: =+'20'!D22 -> 155818 | AQ21: =+'21'!C22 -> 692 | AR21: =+'21'!D22 -> 844824.19 | AS21: =+'22'!C22 -> 698 | AT21: =+'22'!D22 -> 866438.97 | AU21: =+'23'!C22 -> 648 | AV21: =+'23'!D22 -> 794683.45 | AW21: =+'24'!C22 -> 671 | AX21: =+'24'!D22 -> 864949.58 | AY21: =+'25'!C22 -> 651 | AZ21: =+'25'!D22 -> 778999.94 | BA21: =+'26'!C22 -> 160 | BB21: =+'26'!D22 -> 161525.5 | BC21: =+'27'!C22 -> 116 | BD21: =+'27'!D22 -> 134518.25 | BE21: =+'28'!C22 -> 638 | BF21: =+'28'!D22 -> 833059.93 | BG21: =+'29'!C22 -> 672 | BH21: =+'29'!D22 -> 856072.97 | BI21: =+'30'!C22 -> 673 | BJ21: =+'30'!D22 -> 896187.06 | BK21: =+'31'!C22 -> 0 | BL21: =+'31'!D22 -> 0 | BM21: =+C21+E21+G21+I21+K21+M21+O21+Q21+S21+U21+W21+Y21+AA21+AC21+AE21+AG21+AI21+AK21+AM21+AO21+AQ21+AS21+AU21+AW21+AY21+BA21+BC21+BE21+BG21+BI21+BK21 -> 16098 | BN21: =+D21+F21+H21+J21+L21+N21+P21+R21+T21+V21+X21+Z21+AB21+AD21+AF21+AH21+AJ21+AL21+AN21+AP21+AR21+AT21+AV21+AX21+AZ21+BB21+BD21+BF21+BH21+BJ21+BL21 -> 21128975
B22: ปกส.-OP ต่างเครือข่าย | C22: =+'01'!C23 -> 8 | D22: =+'01'!D23 -> 6699.49 | E22: =+'02'!C23 -> 10 | F22: =+'02'!D23 -> 10215.86 | G22: =+'03'!C23 -> 12 | H22: =+'03'!D23 -> 12373.25 | I22: =+'04'!C23 -> 12 | J22: =+'04'!D23 -> 17662.25 | K22: =+'05'!C23 -> 0 | L22: =+'05'!D23 -> 0 | M22: =+'06'!C23 -> 0 | N22: =+'06'!D23 -> 0 | O22: =+'07'!C23 -> 18 | P22: =+'07'!D23 -> 13612.5 | Q22: =+'08'!C23 -> 23 | R22: =+'08'!D23 -> 61550.25 | S22: =+'09'!C23 -> 16 | T22: =+'09'!D23 -> 31911.1 | U22: =+'10'!C23 -> 8 | V22: =+'10'!D23 -> 6565 | W22: =+'11'!C23 -> 13 | X22: =+'11'!D23 -> 15900.5 | Y22: =+'12'!C23 -> 1 | Z22: =+'12'!D23 -> 8150 | AA22: =+'13'!C23 -> 0 | AB22: =+'13'!D23 -> 0 | AC22: =+'14'!C23 -> 16 | AD22: =+'14'!D23 -> 43878.25 | AE22: =+'15'!C23 -> 13 | AF22: =+'15'!D23 -> 42419.86 | AG22: =+'16'!C23 -> 13 | AH22: =+'16'!D23 -> 30094.49 | AI22: =+'17'!C23 -> 12 | AJ22: =+'17'!D23 -> 31606.5 | AK22: =+'18'!C23 -> 15 | AL22: =+'18'!D23 -> 16069.5 | AM22: =+'19'!C23 -> 1 | AN22: =+'19'!D23 -> 7070 | AO22: =+'20'!C23 -> 0 | AP22: =+'20'!D23 -> 0 | AQ22: =+'21'!C23 -> 13 | AR22: =+'21'!D23 -> 47849.25 | AS22: =+'22'!C23 -> 16 | AT22: =+'22'!D23 -> 67892.24 | AU22: =+'23'!C23 -> 11 | AV22: =+'23'!D23 -> 35073.75 | AW22: =+'24'!C23 -> 15 | AX22: =+'24'!D23 -> 39028.25 | AY22: =+'25'!C23 -> 14 | AZ22: =+'25'!D23 -> 28681.5 | BA22: =+'26'!C23 -> 0 | BB22: =+'26'!D23 -> 0 | BC22: =+'27'!C23 -> 0 | BD22: =+'27'!D23 -> 0 | BE22: =+'28'!C23 -> 14 | BF22: =+'28'!D23 -> 9322.25 | BG22: =+'29'!C23 -> 12 | BH22: =+'29'!D23 -> 14436.86 | BI22: =+'30'!C23 -> 17 | BJ22: =+'30'!D23 -> 33006.97 | BK22: =+'31'!C23 -> 0 | BL22: =+'31'!D23 -> 0 | BM22: =+C22+E22+G22+I22+K22+M22+O22+Q22+S22+U22+W22+Y22+AA22+AC22+AE22+AG22+AI22+AK22+AM22+AO22+AQ22+AS22+AU22+AW22+AY22+BA22+BC22+BE22+BG22+BI22+BK22 -> 303 | BN22: =+D22+F22+H22+J22+L22+N22+P22+R22+T22+V22+X22+Z22+AB22+AD22+AF22+AH22+AJ22+AL22+AN22+AP22+AR22+AT22+AV22+AX22+AZ22+BB22+BD22+BF22+BH22+BJ22+BL22 -> 631069.87
B23: ปกส.-72 ชม. | C23: =+'01'!C24 -> 0 | D23: =+'01'!D24 -> 0 | E23: =+'02'!C24 -> 0 | F23: =+'02'!D24 -> 0 | G23: =+'03'!C24 -> 0 | H23: =+'03'!D24 -> 0 | I23: =+'04'!C24 -> 0 | J23: =+'04'!D24 -> 0 | K23: =+'05'!C24 -> 0 | L23: =+'05'!D24 -> 0 | M23: =+'06'!C24 -> 0 | N23: =+'06'!D24 -> 0 | O23: =+'07'!C24 -> 0 | P23: =+'07'!D24 -> 0 | Q23: =+'08'!C24 -> 0 | R23: =+'08'!D24 -> 0 | S23: =+'09'!C24 -> 36 | T23: =+'09'!D24 -> 0 | U23: =+'10'!C24 -> 0 | V23: =+'10'!D24 -> 0 | W23: =+'11'!C24 -> 0 | X23: =+'11'!D24 -> 0 | Y23: =+'12'!C24 -> 0 | Z23: =+'12'!D24 -> 0 | AA23: =+'13'!C24 -> 0 | AB23: =+'13'!D24 -> 0 | AC23: =+'14'!C24 -> 0 | AD23: =+'14'!D24 -> 0 | AE23: =+'15'!C24 -> 0 | AF23: =+'15'!D24 -> 0 | AG23: =+'16'!C24 -> 0 | AH23: =+'16'!D24 -> 0 | AI23: =+'17'!C24 -> 0 | AJ23: =+'17'!D24 -> 0 | AK23: =+'18'!C24 -> 0 | AL23: =+'18'!D24 -> 0 | AM23: =+'19'!C24 -> 0 | AN23: =+'19'!D24 -> 0 | AO23: =+'20'!C24 -> 0 | AP23: =+'20'!D24 -> 0 | AQ23: =+'21'!C24 -> 0 | AR23: =+'21'!D24 -> 0 | AS23: =+'22'!C24 -> 0 | AT23: =+'22'!D24 -> 0 | AU23: =+'23'!C24 -> 0 | AV23: =+'23'!D24 -> 0 | AW23: =+'24'!C24 -> 0 | AX23: =+'24'!D24 -> 0 | AY23: =+'25'!C24 -> 0 | AZ23: =+'25'!D24 -> 0 | BA23: =+'26'!C24 -> 0 | BB23: =+'26'!D24 -> 0 | BC23: =+'27'!C24 -> 0 | BD23: =+'27'!D24 -> 0 | BE23: =+'28'!C24 -> 0 | BF23: =+'28'!D24 -> 0 | BG23: =+'29'!C24 -> 0 | BH23: =+'29'!D24 -> 0 | BI23: =+'30'!C24 -> 0 | BJ23: =+'30'!D24 -> 0 | BK23: =+'31'!C24 -> 0 | BL23: =+'31'!D24 -> 0 | BM23: =+C23+E23+G23+I23+K23+M23+O23+Q23+S23+U23+W23+Y23+AA23+AC23+AE23+AG23+AI23+AK23+AM23+AO23+AQ23+AS23+AU23+AW23+AY23+BA23+BC23+BE23+BG23+BI23+BK23 -> 36 | BN23: =+D23+F23+H23+J23+L23+N23+P23+R23+T23+V23+X23+Z23+AB23+AD23+AF23+AH23+AJ23+AL23+AN23+AP23+AR23+AT23+AV23+AX23+AZ23+BB23+BD23+BF23+BH23+BJ23+BL23 -> 0
B24: ปกส.-OP ทุพพลภาพ | C24: =+'01'!C25 -> 0 | D24: =+'01'!D25 -> 0 | E24: =+'02'!C25 -> 0 | F24: =+'02'!D25 -> 0 | G24: =+'03'!C25 -> 0 | H24: =+'03'!D25 -> 0 | I24: =+'04'!C25 -> 0 | J24: =+'04'!D25 -> 0 | K24: =+'05'!C25 -> 0 | L24: =+'05'!D25 -> 0 | M24: =+'06'!C25 -> 0 | N24: =+'06'!D25 -> 0 | O24: =+'07'!C25 -> 0 | P24: =+'07'!D25 -> 0 | Q24: =+'08'!C25 -> 0 | R24: =+'08'!D25 -> 0 | S24: =+'09'!C25 -> 2 | T24: =+'09'!D25 -> 0 | U24: =+'10'!C25 -> 0 | V24: =+'10'!D25 -> 0 | W24: =+'11'!C25 -> 0 | X24: =+'11'!D25 -> 0 | Y24: =+'12'!C25 -> 0 | Z24: =+'12'!D25 -> 0 | AA24: =+'13'!C25 -> 0 | AB24: =+'13'!D25 -> 0 | AC24: =+'14'!C25 -> 0 | AD24: =+'14'!D25 -> 0 | AE24: =+'15'!C25 -> 0 | AF24: =+'15'!D25 -> 0 | AG24: =+'16'!C25 -> 0 | AH24: =+'16'!D25 -> 0 | AI24: =+'17'!C25 -> 0 | AJ24: =+'17'!D25 -> 0 | AK24: =+'18'!C25 -> 0 | AL24: =+'18'!D25 -> 0 | AM24: =+'19'!C25 -> 0 | AN24: =+'19'!D25 -> 0 | AO24: =+'20'!C25 -> 0 | AP24: =+'20'!D25 -> 0 | AQ24: =+'21'!C25 -> 0 | AR24: =+'21'!D25 -> 0 | AS24: =+'22'!C25 -> 0 | AT24: =+'22'!D25 -> 0 | AU24: =+'23'!C25 -> 0 | AV24: =+'23'!D25 -> 0 | AW24: =+'24'!C25 -> 0 | AX24: =+'24'!D25 -> 0 | AY24: =+'25'!C25 -> 0 | AZ24: =+'25'!D25 -> 0 | BA24: =+'26'!C25 -> 0 | BB24: =+'26'!D25 -> 0 | BC24: =+'27'!C25 -> 0 | BD24: =+'27'!D25 -> 0 | BE24: =+'28'!C25 -> 0 | BF24: =+'28'!D25 -> 0 | BG24: =+'29'!C25 -> 0 | BH24: =+'29'!D25 -> 0 | BI24: =+'30'!C25 -> 0 | BJ24: =+'30'!D25 -> 0 | BK24: =+'31'!C25 -> 0 | BL24: =+'31'!D25 -> 0 | BM24: =+C24+E24+G24+I24+K24+M24+O24+Q24+S24+U24+W24+Y24+AA24+AC24+AE24+AG24+AI24+AK24+AM24+AO24+AQ24+AS24+AU24+AW24+AY24+BA24+BC24+BE24+BG24+BI24+BK24 -> 2 | BN24: =+D24+F24+H24+J24+L24+N24+P24+R24+T24+V24+X24+Z24+AB24+AD24+AF24+AH24+AJ24+AL24+AN24+AP24+AR24+AT24+AV24+AX24+AZ24+BB24+BD24+BF24+BH24+BJ24+BL24 -> 0
B25: ปกส.-OP คชจ.สูง | C25: =+'01'!C26 -> 5 | D25: =+'01'!D26 -> 9047.5 | E25: =+'02'!C26 -> 5 | F25: =+'02'!D26 -> 7115.5 | G25: =+'03'!C26 -> 6 | H25: =+'03'!D26 -> 2410 | I25: =+'04'!C26 -> 7 | J25: =+'04'!D26 -> 14704.75 | K25: =+'05'!C26 -> 0 | L25: =+'05'!D26 -> 0 | M25: =+'06'!C26 -> 0 | N25: =+'06'!D26 -> 0 | O25: =+'07'!C26 -> 0 | P25: =+'07'!D26 -> 0 | Q25: =+'08'!C26 -> 4 | R25: =+'08'!D26 -> 5847.5 | S25: =+'09'!C26 -> 0 | T25: =+'09'!D26 -> 18964 | U25: =+'10'!C26 -> 8 | V25: =+'10'!D26 -> 6296 | W25: =+'11'!C26 -> 7 | X25: =+'11'!D26 -> 3360 | Y25: =+'12'!C26 -> 0 | Z25: =+'12'!D26 -> 0 | AA25: =+'13'!C26 -> 0 | AB25: =+'13'!D26 -> 0 | AC25: =+'14'!C26 -> 85 | AD25: =+'14'!D26 -> 50550 | AE25: =+'15'!C26 -> 15 | AF25: =+'15'!D26 -> 27495.5 | AG25: =+'16'!C26 -> 41 | AH25: =+'16'!D26 -> 25233 | AI25: =+'17'!C26 -> 4 | AJ25: =+'17'!D26 -> 24783.5 | AK25: =+'18'!C26 -> 16 | AL25: =+'18'!D26 -> 23152 | AM25: =+'19'!C26 -> 0 | AN25: =+'19'!D26 -> 0 | AO25: =+'20'!C26 -> 0 | AP25: =+'20'!D26 -> 0 | AQ25: =+'21'!C26 -> 12 | AR25: =+'21'!D26 -> 23897 | AS25: =+'22'!C26 -> 37 | AT25: =+'22'!D26 -> 55685 | AU25: =+'23'!C26 -> 10 | AV25: =+'23'!D26 -> 10895.25 | AW25: =+'24'!C26 -> 10 | AX25: =+'24'!D26 -> 3900 | AY25: =+'25'!C26 -> 7 | AZ25: =+'25'!D26 -> 3542 | BA25: =+'26'!C26 -> 0 | BB25: =+'26'!D26 -> 0 | BC25: =+'27'!C26 -> 0 | BD25: =+'27'!D26 -> 0 | BE25: =+'28'!C26 -> 6 | BF25: =+'28'!D26 -> 4110 | BG25: =+'29'!C26 -> 5 | BH25: =+'29'!D26 -> 9267.5 | BI25: =+'30'!C26 -> 32 | BJ25: =+'30'!D26 -> 32216 | BK25: =+'31'!C26 -> 0 | BL25: =+'31'!D26 -> 0 | BM25: =+C25+E25+G25+I25+K25+M25+O25+Q25+S25+U25+W25+Y25+AA25+AC25+AE25+AG25+AI25+AK25+AM25+AO25+AQ25+AS25+AU25+AW25+AY25+BA25+BC25+BE25+BG25+BI25+BK25 -> 322 | BN25: =+D25+F25+H25+J25+L25+N25+P25+R25+T25+V25+X25+Z25+AB25+AD25+AF25+AH25+AJ25+AL25+AN25+AP25+AR25+AT25+AV25+AX25+AZ25+BB25+BD25+BF25+BH25+BJ25+BL25 -> 362472
B26: ปกส.-กองทุนทดแทน | C26: =+'01'!C27 -> 6 | D26: =+'01'!D27 -> 4980.5 | E26: =+'02'!C27 -> 2 | F26: =+'02'!D27 -> 664 | G26: =+'03'!C27 -> 5 | H26: =+'03'!D27 -> 2192.5 | I26: =+'04'!C27 -> 3 | J26: =+'04'!D27 -> 1899.25 | K26: =+'05'!C27 -> 0 | L26: =+'05'!D27 -> 0 | M26: =+'06'!C27 -> 0 | N26: =+'06'!D27 -> 0 | O26: =+'07'!C27 -> 2 | P26: =+'07'!D27 -> 1726.5 | Q26: =+'08'!C27 -> 4 | R26: =+'08'!D27 -> 1560 | S26: =+'09'!C27 -> 0 | T26: =+'09'!D27 -> 706.5 | U26: =+'10'!C27 -> 3 | V26: =+'10'!D27 -> 944.5 | W26: =+'11'!C27 -> 6 | X26: =+'11'!D27 -> 6848.25 | Y26: =+'12'!C27 -> 1 | Z26: =+'12'!D27 -> 510 | AA26: =+'13'!C27 -> 0 | AB26: =+'13'!D27 -> 0 | AC26: =+'14'!C27 -> 2 | AD26: =+'14'!D27 -> 930 | AE26: =+'15'!C27 -> 1 | AF26: =+'15'!D27 -> 201 | AG26: =+'16'!C27 -> 1 | AH26: =+'16'!D27 -> 217 | AI26: =+'17'!C27 -> 1 | AJ26: =+'17'!D27 -> 1021 | AK26: =+'18'!C27 -> 2 | AL26: =+'18'!D27 -> 991 | AM26: =+'19'!C27 -> 2 | AN26: =+'19'!D27 -> 1064 | AO26: =+'20'!C27 -> 0 | AP26: =+'20'!D27 -> 0 | AQ26: =+'21'!C27 -> 5 | AR26: =+'21'!D27 -> 3625.25 | AS26: =+'22'!C27 -> 4 | AT26: =+'22'!D27 -> 1483 | AU26: =+'23'!C27 -> 1 | AV26: =+'23'!D27 -> 351 | AW26: =+'24'!C27 -> 0 | AX26: =+'24'!D27 -> 0 | AY26: =+'25'!C27 -> 2 | AZ26: =+'25'!D27 -> 1377 | BA26: =+'26'!C27 -> 1 | BB26: =+'26'!D27 -> 1574.5 | BC26: =+'27'!C27 -> 1 | BD26: =+'27'!D27 -> 150 | BE26: =+'28'!C27 -> 0 | BF26: =+'28'!D27 -> 0 | BG26: =+'29'!C27 -> 4 | BH26: =+'29'!D27 -> 1013.75 | BI26: =+'30'!C27 -> 1 | BJ26: =+'30'!D27 -> 369 | BK26: =+'31'!C27 -> 0 | BL26: =+'31'!D27 -> 0 | BM26: =+C26+E26+G26+I26+K26+M26+O26+Q26+S26+U26+W26+Y26+AA26+AC26+AE26+AG26+AI26+AK26+AM26+AO26+AQ26+AS26+AU26+AW26+AY26+BA26+BC26+BE26+BG26+BI26+BK26 -> 60 | BN26: =+D26+F26+H26+J26+L26+N26+P26+R26+T26+V26+X26+Z26+AB26+AD26+AF26+AH26+AJ26+AL26+AN26+AP26+AR26+AT26+AV26+AX26+AZ26+BB26+BD26+BF26+BH26+BJ26+BL26 -> 36399.5
B27: ปกส.-IP ในเครือข่าย (( 9.2))
B28: ปกส.-IP ต่างเครือข่าย
B29: ปกส.-72 ชม. ((9.1))((1102050194.306))
B30: ปกส.-IP คชจ.สูง ((9.1))((1102050194.307))
B31: ปกส.-กองทุนทดแทน ((9.1))((1102050194.305))
A32: 11 | B32: UC OP ใน CUP ((10.5)) | C32: =+'01'!C33 -> 922 | D32: =+'01'!D33 -> 1222242.4 | E32: =+'02'!C33 -> 910 | F32: =+'02'!D33 -> 1266343.8 | G32: =+'03'!C33 -> 901 | H32: =+'03'!D33 -> 1167566.6 | I32: =+'04'!C33 -> 874 | J32: =+'04'!D33 -> 1112166.1 | K32: =+'05'!C33 -> 174 | L32: =+'05'!D33 -> 244067.75 | M32: =+'06'!C33 -> 142 | N32: =+'06'!D33 -> 124433.5 | O32: =+'07'!C33 -> 990 | P32: =+'07'!D33 -> 1387628.5 | Q32: =+'08'!C33 -> 956 | R32: =+'08'!D33 -> 1241451.9 | S32: =+'09'!C33 -> 931 | T32: =+'09'!D33 -> 1462710.2 | U32: =+'10'!C33 -> 973 | V32: =+'10'!D33 -> 1366664.1 | W32: =+'11'!C33 -> 828 | X32: =+'11'!D33 -> 1122964.6 | Y32: =+'12'!C33 -> 144 | Z32: =+'12'!D33 -> 228290 | AA32: =+'13'!C33 -> 155 | AB32: =+'13'!D33 -> 205904.75 | AC32: =+'14'!C33 -> 1007 | AD32: =+'14'!D33 -> 1440432.4 | AE32: =+'15'!C33 -> 1016 | AF32: =+'15'!D33 -> 1353671.4 | AG32: =+'16'!C33 -> 957 | AH32: =+'16'!D33 -> 1485180.7 | AI32: =+'17'!C33 -> 1009 | AJ32: =+'17'!D33 -> 1556664.7 | AK32: =+'18'!C33 -> 830 | AL32: =+'18'!D33 -> 1007904.3 | AM32: =+'19'!C33 -> 182 | AN32: =+'19'!D33 -> 202677.25 | AO32: =+'20'!C33 -> 124 | AP32: =+'20'!D33 -> 212405.5 | AQ32: =+'21'!C33 -> 892 | AR32: =+'21'!D33 -> 1227861.1 | AS32: =+'22'!C33 -> 981 | AT32: =+'22'!D33 -> 1355179.2 | AU32: =+'23'!C33 -> 885 | AV32: =+'23'!D33 -> 1323939.4 | AW32: =+'24'!C35 -> 24 | AX32: =+'24'!D35 -> 41148.11 | AY32: =+'25'!C33 -> 894 | AZ32: =+'25'!D33 -> 1111569.3 | BA32: =+'26'!C33 -> 154 | BB32: =+'26'!D33 -> 205101.25 | BC32: =+'27'!C33 -> 161 | BD32: =+'27'!D33 -> 236420.25 | BE32: =+'28'!C33 -> 918 | BF32: =+'28'!D33 -> 1386783.9 | BG32: =+'29'!C33 -> 979 | BH32: =+'29'!D33 -> 1252206.7 | BI32: =+'30'!C33 -> 874 | BJ32: =+'30'!D33 -> 1381736.3 | BK32: =+'31'!C33 -> 0 | BL32: =+'31'!D33 -> 0 | BM32: =+C32+E32+G32+I32+K32+M32+O32+Q32+S32+U32+W32+Y32+AA32+AC32+AE32+AG32+AI32+AK32+AM32+AO32+AQ32+AS32+AU32+AW32+AY32+BA32+BC32+BE32+BG32+BI32+BK32 -> 20787 | BN32: =+D32+F32+H32+J32+L32+N32+P32+R32+T32+V32+X32+Z32+AB32+AD32+AF32+AH32+AJ32+AL32+AN32+AP32+AR32+AT32+AV32+AX32+AZ32+BB32+BD32+BF32+BH32+BJ32+BL32 -> 28933316
B33: UC OP นอก CUP ใน จ.(สธ) - รพ.ป่าตอง,ฉลอง,ถลาง ((10.6)) | C33: =+'01'!C34 -> 316 | D33: =+'01'!D34 -> 370752.2 | E33: =+'02'!C34 -> 313 | F33: =+'02'!D34 -> 615414.86 | G33: =+'03'!C34 -> 366 | H33: =+'03'!D34 -> 674531.67 | I33: =+'04'!C34 -> 318 | J33: =+'04'!D34 -> 529573.55 | K33: =+'05'!C34 -> 42 | L33: =+'05'!D34 -> 61069 | M33: =+'06'!C34 -> 34 | N33: =+'06'!D34 -> 116071.5 | O33: =+'07'!C34 -> 366 | P33: =+'07'!D34 -> 570201.81 | Q33: =+'08'!C34 -> 374 | R33: =+'08'!D34 -> 638330.57 | S33: =+'09'!C34 -> 324 | T33: =+'09'!D34 -> 611267.23 | U33: =+'10'!C34 -> 342 | V33: =+'10'!D34 -> 658466.92 | W33: =+'11'!C34 -> 282 | X33: =+'11'!D34 -> 412806.98 | Y33: =+'12'!C34 -> 39 | Z33: =+'12'!D34 -> 106269.5 | AA33: =+'13'!C34 -> 28 | AB33: =+'13'!D34 -> 55080.75 | AC33: =+'14'!C34 -> 321 | AD33: =+'14'!D34 -> 609629.16 | AE33: =+'15'!C34 -> 346 | AF33: =+'15'!D34 -> 505068.73 | AG33: =+'16'!C34 -> 332 | AH33: =+'16'!D34 -> 602301.31 | AI33: =+'17'!C34 -> 326 | AJ33: =+'17'!D34 -> 669072.28 | AK33: =+'18'!C34 -> 317 | AL33: =+'18'!D34 -> 598318.42 | AM33: =+'19'!C34 -> 46 | AN33: =+'19'!D34 -> 81474.25 | AO33: =+'20'!C34 -> 29 | AP33: =+'20'!D34 -> 70002.25 | AQ33: =+'21'!C34 -> 362 | AR33: =+'21'!D34 -> 616941.34 | AS33: =+'22'!C34 -> 334 | AT33: =+'22'!D34 -> 576801.07 | AU33: =+'23'!C34 -> 268 | AV33: =+'23'!D34 -> 517843.73 | AW33: =+'24'!C36 -> 209 | AX33: =+'24'!D36 -> 357204 | AY33: =+'25'!C34 -> 314 | AZ33: =+'25'!D34 -> 355310.23 | BA33: =+'26'!C34 -> 50 | BB33: =+'26'!D34 -> 104979.25 | BC33: =+'27'!C34 -> 32 | BD33: =+'27'!D34 -> 46996.5 | BE33: =+'28'!C34 -> 335 | BF33: =+'28'!D34 -> 556134.07 | BG33: =+'29'!C34 -> 350 | BH33: =+'29'!D34 -> 587044.44 | BI33: =+'30'!C34 -> 307 | BJ33: =+'30'!D34 -> 498708.05 | BK33: =+'31'!C34 -> 0 | BL33: =+'31'!D34 -> 0 | BM33: =+C33+E33+G33+I33+K33+M33+O33+Q33+S33+U33+W33+Y33+AA33+AC33+AE33+AG33+AI33+AK33+AM33+AO33+AQ33+AS33+AU33+AW33+AY33+BA33+BC33+BE33+BG33+BI33+BK33 -> 7422 | BN33: =+D33+F33+H33+J33+L33+N33+P33+R33+T33+V33+X33+Z33+AB33+AD33+AF33+AH33+AJ33+AL33+AN33+AP33+AR33+AT33+AV33+AX33+AZ33+BB33+BD33+BF33+BH33+BJ33+BL33 -> 12773666
B34: UC OP นอก CUP ใน จ.(นอก สธ.) - อบจ. ((10.7)) | C34: =+'01'!C35 -> 25 | D34: =+'01'!D35 -> 22118 | E34: =+'02'!C35 -> 21 | F34: =+'02'!D35 -> 35414 | G34: =+'03'!C35 -> 21 | H34: =+'03'!D35 -> 27541.25 | I34: =+'04'!C35 -> 20 | J34: =+'04'!D35 -> 28076.86 | K34: =+'05'!C35 -> 7 | L34: =+'05'!D35 -> 19832 | M34: =+'06'!C35 -> 3 | N34: =+'06'!D35 -> 1765 | O34: =+'07'!C35 -> 24 | P34: =+'07'!D35 -> 61644.75 | Q34: =+'08'!C35 -> 21 | R34: =+'08'!D35 -> 16419.99 | S34: =+'09'!C35 -> 20 | T34: =+'09'!D35 -> 26275.5 | U34: =+'10'!C35 -> 24 | V34: =+'10'!D35 -> 67903 | W34: =+'11'!C35 -> 18 | X34: =+'11'!D35 -> 55226.61 | Y34: =+'12'!C35 -> 6 | Z34: =+'12'!D35 -> 14794.5 | AA34: =+'13'!C35 -> 2 | AB34: =+'13'!D35 -> 1319 | AC34: =+'14'!C35 -> 18 | AD34: =+'14'!D35 -> 28028 | AE34: =+'15'!C35 -> 7 | AF34: =+'15'!D35 -> 13504.25 | AG34: =+'16'!C35 -> 25 | AH34: =+'16'!D35 -> 63165.75 | AI34: =+'17'!C35 -> 23 | AJ34: =+'17'!D35 -> 24952.25 | AK34: =+'18'!C35 -> 19 | AL34: =+'18'!D35 -> 17042.5 | AM34: =+'19'!C35 -> 3 | AN34: =+'19'!D35 -> 2671.75 | AO34: =+'20'!C35 -> 2 | AP34: =+'20'!D35 -> 1165.5 | AQ34: =+'21'!C35 -> 19 | AR34: =+'21'!D35 -> 19513 | AS34: =+'22'!C35 -> 26 | AT34: =+'22'!D35 -> 22225 | AU34: =+'23'!C35 -> 18 | AV34: =+'23'!D35 -> 48367.75 | AW34: =+'24'!C37 -> 31 | AX34: =+'24'!D37 -> 1120 | AY34: =+'25'!C35 -> 19 | AZ34: =+'25'!D35 -> 31727.11 | BA34: =+'26'!C35 -> 4 | BB34: =+'26'!D35 -> 2504.5 | BC34: =+'27'!C35 -> 5 | BD34: =+'27'!D35 -> 7625.5 | BE34: =+'28'!C35 -> 22 | BF34: =+'28'!D35 -> 22632 | BG34: =+'29'!C35 -> 19 | BH34: =+'29'!D35 -> 28579.5 | BI34: =+'30'!C35 -> 26 | BJ34: =+'30'!D35 -> 39597.5 | BK34: =+'31'!C35 -> 0 | BL34: =+'31'!D35 -> 0 | BM34: =+C34+E34+G34+I34+K34+M34+O34+Q34+S34+U34+W34+Y34+AA34+AC34+AE34+AG34+AI34+AK34+AM34+AO34+AQ34+AS34+AU34+AW34+AY34+BA34+BC34+BE34+BG34+BI34+BK34 -> 498 | BN34: =+D34+F34+H34+J34+L34+N34+P34+R34+T34+V34+X34+Z34+AB34+AD34+AF34+AH34+AJ34+AL34+AN34+AP34+AR34+AT34+AV34+AX34+AZ34+BB34+BD34+BF34+BH34+BJ34+BL34 -> 752752.32
B35: UC OP บริการเฉพาะ | C35: =+'01'!C36 -> 250 | D35: =+'01'!D36 -> 296031.36 | E35: =+'02'!C36 -> 221 | F35: =+'02'!D36 -> 283884.75 | G35: =+'03'!C36 -> 237 | H35: =+'03'!D37 -> 1555 | I35: =+'04'!C37 -> 32 | J35: =+'04'!D37 -> 1838 | K35: =+'05'!C37 -> 0 | L35: =+'05'!D37 -> 0 | M35: =+'06'!C37 -> 0 | N35: =+'06'!D37 -> 0 | O35: =+'07'!C37 -> 77 | P35: =+'07'!D37 -> 7272.5 | Q35: =+'08'!C37 -> 34 | R35: =+'08'!D37 -> 9643 | S35: =+'09'!C37 -> 39 | T35: =+'09'!D37 -> 585 | U35: =+'10'!C37 -> 50 | V35: =+'10'!D37 -> 2430 | W35: =+'11'!C37 -> 48 | X35: =+'11'!D37 -> 4718 | Y35: =+'12'!C37 -> 0 | Z35: =+'12'!D37 -> 0 | AA35: =+'13'!C37 -> 0 | AB35: =+'13'!D37 -> 0 | AC35: =+'14'!C37 -> 47 | AD35: =+'14'!D37 -> 2693 | AE35: =+'15'!C37 -> 35 | AF35: =+'15'!D37 -> 10128 | AG35: =+'16'!C37 -> 42 | AH35: =+'16'!D37 -> 1805 | AI35: =+'17'!C37 -> 32 | AJ35: =+'17'!D37 -> 630 | AK35: =+'18'!C37 -> 39 | AL35: =+'18'!D37 -> 720 | AM35: =+'19'!C37 -> 0 | AN35: =+'19'!D37 -> 0 | AO35: =+'20'!C37 -> 0 | AP35: =+'20'!D37 -> 0 | AQ35: =+'21'!C37 -> 45 | AR35: =+'21'!D37 -> 675 | AS35: =+'22'!C37 -> 39 | AT35: =+'22'!D37 -> 7320 | AU35: =+'23'!C37 -> 31 | AV35: =+'23'!D37 -> 2182.25 | AW35: =+'24'!C39 -> 24 | AX35: =+'24'!D39 -> 1306597.5 | AY35: =+'25'!C37 -> 39 | AZ35: =+'25'!D37 -> 4273 | BA35: =+'26'!C37 -> 0 | BB35: =+'26'!D37 -> 0 | BC35: =+'27'!C37 -> 0 | BD35: =+'27'!D37 -> 0 | BE35: =+'28'!C37 -> 27 | BF35: =+'28'!D37 -> 1780 | BG35: =+'29'!C37 -> 40 | BH35: =+'29'!D37 -> 10060 | BI35: =+'30'!C37 -> 34 | BJ35: =+'30'!D37 -> 510 | BK35: =+'31'!C37 -> 0 | BL35: =+'31'!D37 -> 0 | BM35: =+C35+E35+G35+I35+K35+M35+O35+Q35+S35+U35+W35+Y35+AA35+AC35+AE35+AG35+AI35+AK35+AM35+AO35+AQ35+AS35+AU35+AW35+AY35+BA35+BC35+BE35+BG35+BI35+BK35 -> 1462 | BN35: =+D35+F35+H35+J35+L35+N35+P35+R35+T35+V35+X35+Z35+AB35+AD35+AF35+AH35+AJ35+AL35+AN35+AP35+AR35+AT35+AV35+AX35+AZ35+BB35+BD35+BF35+BH35+BJ35+BL35 -> 1957331.4
B36: UC OP PP | C36: =+'01'!C37 -> 35 | D36: =+'01'!D37 -> 5820 | E36: =+'02'!C37 -> 44 | F36: =+'02'!D37 -> 2685 | G36: =+'03'!C37 -> 38 | H36: =+'03'!D38 -> 816129.47 | I36: =+'04'!C38 -> 32 | J36: =+'04'!D38 -> 1251111.2 | K36: =+'05'!C38 -> 41 | L36: =+'05'!D38 -> 1898325.6 | M36: =+'06'!C38 -> 28 | N36: =+'06'!D38 -> 1106423.5 | O36: =+'07'!C38 -> 29 | P36: =+'07'!D38 -> 1621478.2 | Q36: =+'08'!C38 -> 45 | R36: =+'08'!D38 -> 1777126.9 | S36: =+'09'!C38 -> 47 | T36: =+'09'!D38 -> 2927898.5 | U36: =+'10'!C38 -> 50 | V36: =+'10'!D38 -> 1960123.9 | W36: =+'11'!C38 -> 45 | X36: =+'11'!D38 -> 1446952.1 | Y36: =+'12'!C38 -> 29 | Z36: =+'12'!D38 -> 1711423 | AA36: =+'13'!C38 -> 20 | AB36: =+'13'!D38 -> 1068711 | AC36: =+'14'!C38 -> 31 | AD36: =+'14'!D38 -> 1340010.9 | AE36: =+'15'!C38 -> 46 | AF36: =+'15'!D38 -> 2202033.5 | AG36: =+'16'!C38 -> 43 | AH36: =+'16'!D38 -> 1218105.2 | AI36: =+'17'!C38 -> 28 | AJ36: =+'17'!D38 -> 1186714.8 | AK36: =+'18'!C38 -> 53 | AL36: =+'18'!D38 -> 3146904.1 | AM36: =+'19'!C38 -> 45 | AN36: =+'19'!D38 -> 1984334.8 | AO36: =+'20'!C38 -> 20 | AP36: =+'20'!D38 -> 666531.66 | AQ36: =+'21'!C38 -> 28 | AR36: =+'21'!D38 -> 1831871.4 | AS36: =+'22'!C38 -> 41 | AT36: =+'22'!D38 -> 1689988.6 | AU36: =+'23'!C38 -> 36 | AV36: =+'23'!D38 -> 1253251.9 | AW36: =+'24'!C40 -> 3 | AX36: =+'24'!D40 -> 82895 | AY36: =+'25'!C38 -> 39 | AZ36: =+'25'!D38 -> 1673005.4 | BA36: =+'26'!C38 -> 35 | BB36: =+'26'!D38 -> 826991.7 | BC36: =+'27'!C38 -> 16 | BD36: =+'27'!D38 -> 377399.86 | BE36: =+'28'!C38 -> 37 | BF36: =+'28'!D38 -> 1913864.7 | BG36: =+'29'!C38 -> 38 | BH36: =+'29'!D38 -> 887855.47 | BI36: =+'30'!C38 -> 40 | BJ36: =+'30'!D38 -> 1550883.2 | BK36: =+'31'!C38 -> 0 | BL36: =+'31'!D38 -> 0 | BM36: =+C36+E36+G36+I36+K36+M36+O36+Q36+S36+U36+W36+Y36+AA36+AC36+AE36+AG36+AI36+AK36+AM36+AO36+AQ36+AS36+AU36+AW36+AY36+BA36+BC36+BE36+BG36+BI36+BK36 -> 1062 | BN36: =+D36+F36+H36+J36+L36+N36+P36+R36+T36+V36+X36+Z36+AB36+AD36+AF36+AH36+AJ36+AL36+AN36+AP36+AR36+AT36+AV36+AX36+AZ36+BB36+BD36+BF36+BH36+BJ36+BL36 -> 41426850
B37: UC IP ใน CUP วชิระ | C37: =+'01'!C38 -> 34 | D37: =+'01'!D38 -> 1535726.2 | E37: =+'02'!C38 -> 59 | F37: =+'02'!D38 -> 2169107.7 | G37: =+'03'!C38 -> 26 | H37: =+'03'!D39 -> 1243635.7 | I37: =+'04'!C39 -> 25 | J37: =+'04'!D39 -> 1717552.7 | K37: =+'05'!C39 -> 22 | L37: =+'05'!D39 -> 1157793.4 | M37: =+'06'!C39 -> 14 | N37: =+'06'!D39 -> 493655.86 | O37: =+'07'!C39 -> 19 | P37: =+'07'!D39 -> 783751.39 | Q37: =+'08'!C39 -> 25 | R37: =+'08'!D39 -> 1147823.5 | S37: =+'09'!C39 -> 21 | T37: =+'09'!D39 -> 966376.92 | U37: =+'10'!C39 -> 33 | V37: =+'10'!D39 -> 1601905.4 | W37: =+'11'!C39 -> 27 | X37: =+'11'!D39 -> 1509485.8 | Y37: =+'12'!C39 -> 11 | Z37: =+'12'!D39 -> 385144.25 | AA37: =+'13'!C39 -> 9 | AB37: =+'13'!D39 -> 346250.2 | AC37: =+'14'!C39 -> 17 | AD37: =+'14'!D39 -> 846031.64 | AE37: =+'15'!C39 -> 21 | AF37: =+'15'!D39 -> 1050913 | AG37: =+'16'!C39 -> 26 | AH37: =+'16'!D39 -> 949960.21 | AI37: =+'17'!C39 -> 21 | AJ37: =+'17'!D39 -> 1010281.5 | AK37: =+'18'!C39 -> 20 | AL37: =+'18'!D39 -> 605553.81 | AM37: =+'19'!C39 -> 20 | AN37: =+'19'!D39 -> 1328956.2 | AO37: =+'20'!C39 -> 13 | AP37: =+'20'!D39 -> 896288.82 | AQ37: =+'21'!C39 -> 19 | AR37: =+'21'!D39 -> 794412.26 | AS37: =+'22'!C39 -> 19 | AT37: =+'22'!D39 -> 809636.42 | AU37: =+'23'!C39 -> 26 | AV37: =+'23'!D39 -> 1608227.2 | AW37: =+'24'!C41 -> 23 | AX37: =+'24'!D41 -> 1047248.9 | AY37: =+'25'!C39 -> 28 | AZ37: =+'25'!D39 -> 1326238.4 | BA37: =+'26'!C39 -> 19 | BB37: =+'26'!D39 -> 809365.36 | BC37: =+'27'!C39 -> 16 | BD37: =+'27'!D39 -> 1059193.4 | BE37: =+'28'!C39 -> 12 | BF37: =+'28'!D39 -> 684718.2 | BG37: =+'29'!C39 -> 22 | BH37: =+'29'!D39 -> 1463166.4 | BI37: =+'30'!C39 -> 17 | BJ37: =+'30'!D39 -> 451068.63 | BK37: =+'31'!C39 -> 0 | BL37: =+'31'!D39 -> 0 | BM37: =+C37+E37+G37+I37+K37+M37+O37+Q37+S37+U37+W37+Y37+AA37+AC37+AE37+AG37+AI37+AK37+AM37+AO37+AQ37+AS37+AU37+AW37+AY37+BA37+BC37+BE37+BG37+BI37+BK37 -> 664 | BN37: =+D37+F37+H37+J37+L37+N37+P37+R37+T37+V37+X37+Z37+AB37+AD37+AF37+AH37+AJ37+AL37+AN37+AP37+AR37+AT37+AV37+AX37+AZ37+BB37+BD37+BF37+BH37+BJ37+BL37 -> 31799469
B38: UC IP นอก CUP ในจังหวัด ป่าตอง ฉลอง ถลาง | C38: =+'01'!C39 -> 19 | D38: =+'01'!D39 -> 567205.23 | E38: =+'02'!C39 -> 20 | F38: =+'02'!D39 -> 575516.5 | G38: =+'03'!C39 -> 25 | H38: =+'03'!D40 -> 162342.51 | I38: =+'04'!C40 -> 2 | J38: =+'04'!D40 -> 40984.47 | K38: =+'05'!C40 -> 1 | L38: =+'05'!D40 -> 63156.5 | M38: =+'06'!C40 -> 0 | N38: =+'06'!D40 -> 0 | O38: =+'07'!C40 -> 0 | P38: =+'07'!D40 -> 0 | Q38: =+'08'!C40 -> 2 | R38: =+'08'!D40 -> 65669.25 | S38: =+'09'!C40 -> 0 | T38: =+'09'!D40 -> 0 | U38: =+'10'!C40 -> 1 | V38: =+'10'!D40 -> 24780.54 | W38: =+'11'!C40 -> 0 | X38: =+'11'!D40 -> 0 | Y38: =+'12'!C40 -> 0 | Z38: =+'12'!D40 -> 0 | AA38: =+'13'!C40 -> 1 | AB38: =+'13'!D40 -> 10467.12 | AC38: =+'14'!C40 -> 1 | AD38: =+'14'!D40 -> 37954.75 | AE38: =+'15'!C40 -> 0 | AF38: =+'15'!D40 -> 0 | AG38: =+'16'!C40 -> 2 | AH38: =+'16'!D40 -> 169558.42 | AI38: =+'17'!C40 -> 0 | AJ38: =+'17'!D40 -> 0 | AK38: =+'18'!C40 -> 3 | AL38: =+'18'!D40 -> 103762.72 | AM38: =+'19'!C40 -> 1 | AN38: =+'19'!D40 -> 151839.27 | AO38: =+'20'!C40 -> 0 | AP38: =+'20'!D40 -> 0 | AQ38: =+'21'!C40 -> 0 | AR38: =+'21'!D40 -> 0 | AS38: =+'22'!C40 -> 2 | AT38: =+'22'!D40 -> 68820 | AU38: =+'23'!C40 -> 0 | AV38: =+'23'!D40 -> 0 | AW38: =+'24'!C42 -> 5 | AX38: =+'24'!D42 -> 204617 | AY38: =+'25'!C40 -> 1 | AZ38: =+'25'!D40 -> 18907 | BA38: =+'26'!C40 -> 0 | BB38: =+'26'!D40 -> 0 | BC38: =+'27'!C40 -> 1 | BD38: =+'27'!D40 -> 15289.12 | BE38: =+'28'!C40 -> 5 | BF38: =+'28'!D40 -> 236626.04 | BG38: =+'29'!C40 -> 1 | BH38: =+'29'!D40 -> 8255.5 | BI38: =+'30'!C40 -> 2 | BJ38: =+'30'!D40 -> 676909.77 | BK38: =+'31'!C40 -> 0 | BL38: =+'31'!D40 -> 0 | BM38: =+C38+E38+G38+I38+K38+M38+O38+Q38+S38+U38+W38+Y38+AA38+AC38+AE38+AG38+AI38+AK38+AM38+AO38+AQ38+AS38+AU38+AW38+AY38+BA38+BC38+BE38+BG38+BI38+BK38 -> 95 | BN38: =+D38+F38+H38+J38+L38+N38+P38+R38+T38+V38+X38+Z38+AB38+AD38+AF38+AH38+AJ38+AL38+AN38+AP38+AR38+AT38+AV38+AX38+AZ38+BB38+BD38+BF38+BH38+BJ38+BL38 -> 3202661.7
B39: UC IP นอก CUP ในจังหวัด อบจ. | C39: =+'01'!C40 -> 1 | D39: =+'01'!D40 -> 2527 | E39: =+'02'!C40 -> 0 | F39: =+'02'!D40 -> 0 | G39: =+'03'!C40 -> 1 | H39: =+'03'!D41 -> 1611545.8 | I39: =+'04'!C41 -> 18 | J39: =+'04'!D41 -> 1219605.8 | K39: =+'05'!C41 -> 16 | L39: =+'05'!D41 -> 1334709.9 | M39: =+'06'!C41 -> 14 | N39: =+'06'!D41 -> 493544.22 | O39: =+'07'!C41 -> 14 | P39: =+'07'!D41 -> 1915723.1 | Q39: =+'08'!C41 -> 19 | R39: =+'08'!D41 -> 753466.3 | S39: =+'09'!C41 -> 19 | T39: =+'09'!D41 -> 1372885.9 | U39: =+'10'!C41 -> 20 | V39: =+'10'!D41 -> 1304515.1 | W39: =+'11'!C41 -> 16 | X39: =+'11'!D41 -> 869365.35 | Y39: =+'12'!C41 -> 22 | Z39: =+'12'!D41 -> 931177.85 | AA39: =+'13'!C41 -> 15 | AB39: =+'13'!D41 -> 765619.56 | AC39: =+'14'!C41 -> 11 | AD39: =+'14'!D41 -> 781156.11 | AE39: =+'15'!C41 -> 24 | AF39: =+'15'!D41 -> 953923.14 | AG39: =+'16'!C41 -> 16 | AH39: =+'16'!D41 -> 1004065.8 | AI39: =+'17'!C41 -> 18 | AJ39: =+'17'!D41 -> 1042595.4 | AK39: =+'18'!C41 -> 16 | AL39: =+'18'!D41 -> 1516976 | AM39: =+'19'!C41 -> 14 | AN39: =+'19'!D41 -> 794548.33 | AO39: =+'20'!C41 -> 9 | AP39: =+'20'!D41 -> 231232.78 | AQ39: =+'21'!C41 -> 17 | AR39: =+'21'!D41 -> 946805.65 | AS39: =+'22'!C41 -> 14 | AT39: =+'22'!D41 -> 459626.48 | AU39: =+'23'!C41 -> 28 | AV39: =+'23'!D41 -> 1978012.2 | AW39: =+'24'!C43 -> 0 | AX39: =+'24'!D43 -> 0 | AY39: =+'25'!C41 -> 19 | AZ39: =+'25'!D41 -> 1817168.9 | BA39: =+'26'!C41 -> 15 | BB39: =+'26'!D41 -> 241813.79 | BC39: =+'27'!C41 -> 16 | BD39: =+'27'!D41 -> 392177.44 | BE39: =+'28'!C41 -> 8 | BF39: =+'28'!D41 -> 745770.79 | BG39: =+'29'!C41 -> 17 | BH39: =+'29'!D41 -> 609897.79 | BI39: =+'30'!C41 -> 24 | BJ39: =+'30'!D41 -> 1181992.3 | BK39: =+'31'!C41 -> 0 | BL39: =+'31'!D41 -> 0 | BM39: =+C39+E39+G39+I39+K39+M39+O39+Q39+S39+U39+W39+Y39+AA39+AC39+AE39+AG39+AI39+AK39+AM39+AO39+AQ39+AS39+AU39+AW39+AY39+BA39+BC39+BE39+BG39+BI39+BK39 -> 441 | BN39: =+D39+F39+H39+J39+L39+N39+P39+R39+T39+V39+X39+Z39+AB39+AD39+AF39+AH39+AJ39+AL39+AN39+AP39+AR39+AT39+AV39+AX39+AZ39+BB39+BD39+BF39+BH39+BJ39+BL39 -> 27272449
B40: UC IP ต่างจังหวัด | C40: =+'01'!C41 -> 24 | D40: =+'01'!D41 -> 754506.97 | E40: =+'02'!C41 -> 19 | F40: =+'02'!D41 -> 993293.46 | G40: =+'03'!C41 -> 23 | H40: =+'03'!D42 -> 640976.75 | I40: =+'04'!C42 -> 3 | J40: =+'04'!D42 -> 71301.25 | K40: =+'05'!C42 -> 4 | L40: =+'05'!D42 -> 36374.25 | M40: =+'06'!C42 -> 3 | N40: =+'06'!D42 -> 33857 | O40: =+'07'!C42 -> 11 | P40: =+'07'!D42 -> 99323.5 | Q40: =+'08'!C42 -> 3 | R40: =+'08'!D42 -> 39470.5 | S40: =+'09'!C42 -> 9 | T40: =+'09'!D42 -> 162319.98 | U40: =+'10'!C42 -> 5 | V40: =+'10'!D42 -> 74526.75 | W40: =+'11'!C42 -> 7 | X40: =+'11'!D42 -> 422138.5 | Y40: =+'12'!C42 -> 9 | Z40: =+'12'!D42 -> 230003 | AA40: =+'13'!C42 -> 5 | AB40: =+'13'!D42 -> 21966.25 | AC40: =+'14'!C42 -> 7 | AD40: =+'14'!D42 -> 340052.25 | AE40: =+'15'!C42 -> 7 | AF40: =+'15'!D42 -> 498216 | AG40: =+'16'!C42 -> 5 | AH40: =+'16'!D42 -> 90635 | AI40: =+'17'!C42 -> 4 | AJ40: =+'17'!D42 -> 117566 | AK40: =+'18'!C42 -> 4 | AL40: =+'18'!D42 -> 50920.25 | AM40: =+'19'!C42 -> 11 | AN40: =+'19'!D42 -> 120107 | AO40: =+'20'!C42 -> 8 | AP40: =+'20'!D42 -> 60229.25 | AQ40: =+'21'!C42 -> 4 | AR40: =+'21'!D42 -> 645755.75 | AS40: =+'22'!C42 -> 3 | AT40: =+'22'!D42 -> 241721 | AU40: =+'23'!C42 -> 10 | AV40: =+'23'!D42 -> 330199.5 | AW40: =+'24'!C44 -> 0 | AX40: =+'24'!D44 -> 0 | AY40: =+'25'!C42 -> 4 | AZ40: =+'25'!D42 -> 43280.25 | BA40: =+'26'!C42 -> 8 | BB40: =+'26'!D42 -> 124010.75 | BC40: =+'27'!C42 -> 3 | BD40: =+'27'!D42 -> 31641.25 | BE40: =+'28'!C42 -> 5 | BF40: =+'28'!D42 -> 347837.75 | BG40: =+'29'!C42 -> 8 | BH40: =+'29'!D42 -> 135077.5 | BI40: =+'30'!C42 -> 5 | BJ40: =+'30'!D42 -> 62226 | BK40: =+'31'!C42 -> 0 | BL40: =+'31'!D42 -> 0 | BM40: =+C40+E40+G40+I40+K40+M40+O40+Q40+S40+U40+W40+Y40+AA40+AC40+AE40+AG40+AI40+AK40+AM40+AO40+AQ40+AS40+AU40+AW40+AY40+BA40+BC40+BE40+BG40+BI40+BK40 -> 221 | BN40: =+D40+F40+H40+J40+L40+N40+P40+R40+T40+V40+X40+Z40+AB40+AD40+AF40+AH40+AJ40+AL40+AN40+AP40+AR40+AT40+AV40+AX40+AZ40+BB40+BD40+BF40+BH40+BJ40+BL40 -> 6819533.7
B41: IP สิทธิว่างมาตรา 8/เด็กแรกเกิด | C41: =+'01'!C42 -> 5 | D41: =+'01'!D42 -> 248522.75 | E41: =+'02'!C42 -> 4 | F41: =+'02'!D42 -> 1083490 | G41: =+'03'!C42 -> 7 | H41: =+'03'!D45 -> 65053.36 | I41: =+'04'!C45 -> 83 | J41: =+'04'!D45 -> 84567.75 | K41: =+'05'!C45 -> 9 | L41: =+'05'!D45 -> 7652 | M41: =+'06'!C45 -> 17 | N41: =+'06'!D45 -> 11894.5 | O41: =+'07'!C45 -> 89 | P41: =+'07'!D45 -> 71145.87 | Q41: =+'08'!C45 -> 92 | R41: =+'08'!D45 -> 93009.87 | S41: =+'09'!C45 -> 66 | T41: =+'09'!D45 -> 81143.86 | U41: =+'10'!C45 -> 70 | V41: =+'10'!D45 -> 90666.33 | W41: =+'11'!C45 -> 83 | X41: =+'11'!D45 -> 92454 | Y41: =+'12'!C45 -> 14 | Z41: =+'12'!D45 -> 31920.5 | AA41: =+'13'!C45 -> 22 | AB41: =+'13'!D45 -> 24216 | AC41: =+'14'!C45 -> 97 | AD41: =+'14'!D45 -> 100236.37 | AE41: =+'15'!C45 -> 70 | AF41: =+'15'!D45 -> 62525.61 | AG41: =+'16'!C45 -> 64 | AH41: =+'16'!D45 -> 90331.25 | AI41: =+'17'!C48 -> 0 | AJ41: =+'17'!D48 -> 0 | AK41: =+'18'!C48 -> 0 | AL41: =+'18'!D48 -> 0 | AM41: =+'19'!C45 -> 23 | AN41: =+'19'!D45 -> 25857.25 | AO41: =+'20'!C45 -> 22 | AP41: =+'20'!D45 -> 16878.5 | AQ41: =+'21'!C45 -> 84 | AR41: =+'21'!D45 -> 91269.87 | AS41: =+'22'!C45 -> 67 | AT41: =+'22'!D45 -> 59170.12 | AU41: =+'23'!C45 -> 61 | AV41: =+'23'!D45 -> 57918.25 | AW41: =+'24'!C45 -> 64 | AX41: =+'24'!D45 -> 65286.11 | AY41: =+'25'!C45 -> 70 | AZ41: =+'25'!D45 -> 83905.25 | BA41: =+'26'!C45 -> 15 | BB41: =+'26'!D45 -> 7649.75 | BC41: =+'27'!C45 -> 11 | BD41: =+'27'!D45 -> 5817.5 | BE41: =+'28'!C45 -> 72 | BF41: =+'28'!D45 -> 55654.37 | BG41: =+'29'!C45 -> 74 | BH41: =+'29'!D45 -> 82175.12 | BI41: =+'30'!C45 -> 62 | BJ41: =+'30'!D45 -> 102490.75 | BK41: =+'31'!C45 -> 0 | BL41: =+'31'!D45 -> 0 | BM41: =+C41+E41+G41+I41+K41+M41+O41+Q41+S41+U41+W41+Y41+AA41+AC41+AE41+AG41+AI41+AK41+AM41+AO41+AQ41+AS41+AU41+AW41+AY41+BA41+BC41+BE41+BG41+BI41+BK41 -> 1417 | BN41: =+D41+F41+H41+J41+L41+N41+P41+R41+T41+V41+X41+Z41+AB41+AD41+AF41+AH41+AJ41+AL41+AN41+AP41+AR41+AT41+AV41+AX41+AZ41+BB41+BD41+BF41+BH41+BJ41+BL41 -> 2892902.9
B42: IP ส่งเงินสมทบไม่ครบ 5 เดือน | C42: =+'01'!C43 -> 0 | D42: =+'01'!D43 -> 0 | E42: =+'02'!C45 -> 63 | F42: =+'02'!D45 -> 77565 | G42: =+'03'!C45 -> 66 | H42: =+'03'!D46 -> 2872.5 | I42: =+'04'!C46 -> 2 | J42: =+'04'!D46 -> 410 | K42: =+'05'!C46 -> 0 | L42: =+'05'!D46 -> 0 | M42: =+'06'!C46 -> 0 | N42: =+'06'!D46 -> 0 | O42: =+'07'!C46 -> 6 | P42: =+'07'!D46 -> 16377.49 | Q42: =+'08'!C46 -> 3 | R42: =+'08'!D46 -> 7111 | S42: =+'09'!C46 -> 0 | T42: =+'09'!D46 -> 0 | U42: =+'10'!C46 -> 0 | V42: =+'10'!D46 -> 0 | W42: =+'11'!C46 -> 0 | X42: =+'11'!D46 -> 0 | Y42: =+'12'!C46 -> 0 | Z42: =+'12'!D46 -> 0 | AA42: =+'13'!C46 -> 1 | AB42: =+'13'!D46 -> 13120 | AC42: =+'14'!C46 -> 1 | AD42: =+'14'!D46 -> 120 | AE42: =+'15'!C46 -> 0 | AF42: =+'15'!D46 -> 0 | AG42: =+'16'!C46 -> 1 | AH42: =+'16'!D46 -> 4962 | AI42: =+'17'!C49 -> 0 | AJ42: =+'17'!D49 -> 0 | AK42: =+'18'!C49 -> 1 | AL42: =+'18'!D49 -> 21639.5 | AM42: =+'19'!C46 -> 0 | AN42: =+'19'!D46 -> 0 | AO42: =+'20'!C46 -> 0 | AP42: =+'20'!D46 -> 0 | AQ42: =+'21'!C46 -> 2 | AR42: =+'21'!D46 -> 1564 | AS42: =+'22'!C46 -> 2 | AT42: =+'22'!D46 -> 8594.25 | AU42: =+'23'!C46 -> 1 | AV42: =+'23'!D46 -> 16067 | AW42: =+'24'!C46 -> 2 | AX42: =+'24'!D46 -> 6609.25 | AY42: =+'25'!C46 -> 5 | AZ42: =+'25'!D46 -> 3229.75 | BA42: =+'26'!C46 -> 0 | BB42: =+'26'!D46 -> 0 | BC42: =+'27'!C46 -> 0 | BD42: =+'27'!D46 -> 0 | BE42: =+'28'!C46 -> 2 | BF42: =+'28'!D46 -> 9894.24 | BG42: =+'29'!C46 -> 0 | BH42: =+'29'!D46 -> 0 | BI42: =+'30'!C46 -> 1 | BJ42: =+'30'!D46 -> 2059 | BK42: =+'31'!C46 -> 0 | BL42: =+'31'!D46 -> 0 | BM42: =+C42+E42+G42+I42+K42+M42+O42+Q42+S42+U42+W42+Y42+AA42+AC42+AE42+AG42+AI42+AK42+AM42+AO42+AQ42+AS42+AU42+AW42+AY42+BA42+BC42+BE42+BG42+BI42+BK42 -> 159 | BN42: =+D42+F42+H42+J42+L42+N42+P42+R42+T42+V42+X42+Z42+AB42+AD42+AF42+AH42+AJ42+AL42+AN42+AP42+AR42+AT42+AV42+AX42+AZ42+BB42+BD42+BF42+BH42+BJ42+BL42 -> 192194.98
B43: IP ประกันตนคนพิการ | C43: =+'01'!C44 -> 0 | D43: =+'01'!D44 -> 0 | E43: =+'02'!C46 -> 2 | F43: =+'02'!D46 -> 6417 | G43: =+'03'!C46 -> 3 | H43: =+'03'!D50 -> 1519 | I43: =+'04'!C50 -> 1 | J43: =+'04'!D50 -> 190 | K43: =+'05'!C50 -> 0 | L43: =+'05'!D50 -> 0 | M43: =+'06'!C50 -> 0 | N43: =+'06'!D50 -> 0 | O43: =+'07'!C50 -> 0 | P43: =+'07'!D50 -> 0 | Q43: =+'08'!C50 -> 1 | R43: =+'08'!D50 -> 130 | S43: =+'09'!C50 -> 0 | T43: =+'09'!D50 -> 0 | U43: =+'10'!C50 -> 0 | V43: =+'10'!D50 -> 0 | W43: =+'11'!C50 -> 1 | X43: =+'11'!D50 -> 1313.5 | Y43: =+'12'!C50 -> 0 | Z43: =+'12'!D50 -> 0 | AA43: =+'13'!C50 -> 0 | AB43: =+'13'!D50 -> 0 | AC43: =+'14'!C50 -> 3 | AD43: =+'14'!D50 -> 3250 | AE43: =+'15'!C50 -> 1 | AF43: =+'15'!D50 -> 1740 | AG43: =+'16'!C50 -> 1 | AH43: =+'16'!D50 -> 3776 | AI43: =+'17'!C50 -> 3 | AJ43: =+'17'!D50 -> 18024.5 | AK43: =+'18'!C50 -> 1 | AL43: =+'18'!D50 -> 1890 | AM43: =+'19'!C50 -> 0 | AN43: =+'19'!D50 -> 0 | AO43: =+'20'!C50 -> 0 | AP43: =+'20'!D50 -> 0 | AQ43: =+'21'!C50 -> 5 | AR43: =+'21'!D50 -> 3231 | AS43: =+'22'!C50 -> 1 | AT43: =+'22'!D50 -> 2586.25 | AU43: =+'23'!C50 -> 1 | AV43: =+'23'!D50 -> 901.25 | AW43: =+'24'!C50 -> 0 | AX43: =+'24'!D50 -> 0 | AY43: =+'25'!C50 -> 0 | AZ43: =+'25'!D50 -> 0 | BA43: =+'26'!#REF! -> #REF! | BB43: =+'26'!#REF! -> #REF! | BC43: =+'27'!C50 -> 0 | BD43: =+'27'!D50 -> 0 | BE43: =+'28'!C50 -> 3 | BF43: =+'28'!D50 -> 4505 | BG43: =+'29'!C50 -> 1 | BH43: =+'29'!D50 -> 120 | BI43: =+'30'!C50 -> 2 | BJ43: =+'30'!D50 -> 1225 | BK43: =+'31'!C50 -> 0 | BL43: =+'31'!D50 -> 0 | BM43: =+C43+E43+G43+I43+K43+M43+O43+Q43+S43+U43+W43+Y43+AA43+AC43+AE43+AG43+AI43+AK43+AM43+AO43+AQ43+AS43+AU43+AW43+AY43+BA43+BC43+BE43+BG43+BI43+BK43 -> #REF! | BN43: =+D43+F43+H43+J43+L43+N43+P43+R43+T43+V43+X43+Z43+AB43+AD43+AF43+AH43+AJ43+AL43+AN43+AP43+AR43+AT43+AV43+AX43+AZ43+BB43+BD43+BF43+BH43+BJ43+BL43 -> #REF!
A44: 12 | B44: แรงงานต่างด้าว OP ใน CUP | C44: =+'01'!C45 -> 74 | D44: =+'01'!D45 -> 99602.5 | E44: =+'02'!C45 -> 63 | F44: =+'02'!D45 -> 77565 | G44: =+'03'!C45 -> 66 | H44: =+'03'!D45 -> 65053.36 | I44: =+'04'!C45 -> 83 | J44: =+'04'!D45 -> 84567.75 | K44: =+'05'!C45 -> 9 | L44: =+'05'!D45 -> 7652 | M44: =+'06'!C45 -> 17 | N44: =+'06'!D45 -> 11894.5 | O44: =+'07'!C45 -> 89 | P44: =+'07'!D45 -> 71145.87 | Q44: =+'08'!C45 -> 92 | R44: =+'08'!D45 -> 93009.87 | S44: =+'09'!C45 -> 66 | T44: =+'09'!D45 -> 81143.86 | U44: =+'10'!C45 -> 70 | V44: =+'10'!D45 -> 90666.33 | W44: =+'11'!C45 -> 83 | X44: =+'11'!D45 -> 92454 | Y44: =+'12'!C45 -> 14 | Z44: =+'12'!D45 -> 31920.5 | AA44: =+'13'!C45 -> 22 | AB44: =+'13'!D45 -> 24216 | AC44: =+'14'!C45 -> 97 | AD44: =+'14'!D45 -> 100236.37 | AE44: =+'15'!C45 -> 70 | AF44: =+'15'!D45 -> 62525.61 | AG44: =+'16'!C45 -> 64 | AH44: =+'16'!D45 -> 90331.25 | AI44: =+'17'!C48 -> 0 | AJ44: =+'17'!D48 -> 0 | AK44: =+'18'!C48 -> 0 | AL44: =+'18'!D48 -> 0 | AM44: =+'19'!C45 -> 23 | AN44: =+'19'!D45 -> 25857.25 | AO44: =+'20'!C45 -> 22 | AP44: =+'20'!D45 -> 16878.5 | AQ44: =+'21'!C45 -> 84 | AR44: =+'21'!D45 -> 91269.87 | AS44: =+'22'!C45 -> 67 | AT44: =+'22'!D45 -> 59170.12 | AU44: =+'23'!C45 -> 61 | AV44: =+'23'!D45 -> 57918.25 | AW44: =+'24'!C45 -> 64 | AX44: =+'24'!D45 -> 65286.11 | AY44: =+'25'!C45 -> 70 | AZ44: =+'25'!D45 -> 83905.25 | BA44: =+'26'!C45 -> 15 | BB44: =+'26'!D45 -> 7649.75 | BC44: =+'27'!C45 -> 11 | BD44: =+'27'!D45 -> 5817.5 | BE44: =+'28'!C45 -> 72 | BF44: =+'28'!D45 -> 55654.37 | BG44: =+'29'!C45 -> 74 | BH44: =+'29'!D45 -> 82175.12 | BI44: =+'30'!C45 -> 62 | BJ44: =+'30'!D45 -> 102490.75 | BK44: =+'31'!C45 -> 0 | BL44: =+'31'!D45 -> 0 | BM44: =+C44+E44+G44+I44+K44+M44+O44+Q44+S44+U44+W44+Y44+AA44+AC44+AE44+AG44+AI44+AK44+AM44+AO44+AQ44+AS44+AU44+AW44+AY44+BA44+BC44+BE44+BG44+BI44+BK44 -> 1604 | BN44: =+D44+F44+H44+J44+L44+N44+P44+R44+T44+V44+X44+Z44+AB44+AD44+AF44+AH44+AJ44+AL44+AN44+AP44+AR44+AT44+AV44+AX44+AZ44+BB44+BD44+BF44+BH44+BJ44+BL44 -> 1738057.6
B45: แรงงานต่างด้าว OP นอก CUP- (เรียกเก็บ) | C45: =+'01'!C46 -> 1 | D45: =+'01'!D46 -> 1321 | E45: =+'02'!C46 -> 2 | F45: =+'02'!D46 -> 6417 | G45: =+'03'!C46 -> 3 | H45: =+'03'!D46 -> 2872.5 | I45: =+'04'!C46 -> 2 | J45: =+'04'!D46 -> 410 | K45: =+'05'!C46 -> 0 | L45: =+'05'!D46 -> 0 | M45: =+'06'!C46 -> 0 | N45: =+'06'!D46 -> 0 | O45: =+'07'!C46 -> 6 | P45: =+'07'!D46 -> 16377.49 | Q45: =+'08'!C46 -> 3 | R45: =+'08'!D46 -> 7111 | S45: =+'09'!C46 -> 0 | T45: =+'09'!D46 -> 0 | U45: =+'10'!C46 -> 0 | V45: =+'10'!D46 -> 0 | W45: =+'11'!C46 -> 0 | X45: =+'11'!D46 -> 0 | Y45: =+'12'!C46 -> 0 | Z45: =+'12'!D46 -> 0 | AA45: =+'13'!C46 -> 1 | AB45: =+'13'!D46 -> 13120 | AC45: =+'14'!C46 -> 1 | AD45: =+'14'!D46 -> 120 | AE45: =+'15'!C46 -> 0 | AF45: =+'15'!D46 -> 0 | AG45: =+'16'!C46 -> 1 | AH45: =+'16'!D46 -> 4962 | AI45: =+'17'!C49 -> 0 | AJ45: =+'17'!D49 -> 0 | AK45: =+'18'!C49 -> 1 | AL45: =+'18'!D49 -> 21639.5 | AM45: =+'19'!C46 -> 0 | AN45: =+'19'!D46 -> 0 | AO45: =+'20'!C46 -> 0 | AP45: =+'20'!D46 -> 0 | AQ45: =+'21'!C46 -> 2 | AR45: =+'21'!D46 -> 1564 | AS45: =+'22'!C46 -> 2 | AT45: =+'22'!D46 -> 8594.25 | AU45: =+'23'!C46 -> 1 | AV45: =+'23'!D46 -> 16067 | AW45: =+'24'!C46 -> 2 | AX45: =+'24'!D46 -> 6609.25 | AY45: =+'25'!C46 -> 5 | AZ45: =+'25'!D46 -> 3229.75 | BA45: =+'26'!C46 -> 0 | BB45: =+'26'!D46 -> 0 | BC45: =+'27'!C46 -> 0 | BD45: =+'27'!D46 -> 0 | BE45: =+'28'!C46 -> 2 | BF45: =+'28'!D46 -> 9894.24 | BG45: =+'29'!C46 -> 0 | BH45: =+'29'!D46 -> 0 | BI45: =+'30'!C46 -> 1 | BJ45: =+'30'!D46 -> 2059 | BK45: =+'31'!C46 -> 0 | BL45: =+'31'!D46 -> 0 | BM45: =+C45+E45+G45+I45+K45+M45+O45+Q45+S45+U45+W45+Y45+AA45+AC45+AE45+AG45+AI45+AK45+AM45+AO45+AQ45+AS45+AU45+AW45+AY45+BA45+BC45+BE45+BG45+BI45+BK45 -> 36 | BN45: =+D45+F45+H45+J45+L45+N45+P45+R45+T45+V45+X45+Z45+AB45+AD45+AF45+AH45+AJ45+AL45+AN45+AP45+AR45+AT45+AV45+AX45+AZ45+BB45+BD45+BF45+BH45+BJ45+BL45 -> 122367.98
A46: 13 | B46: ต่างด้าวสถานะ&สิทธิ OP ใน CUP | C46: =+'01'!C50 -> 4 | D46: =+'01'!D50 -> 6976.5 | E46: =+'02'!C50 -> 2 | F46: =+'02'!D50 -> 5246.5 | G46: =+'03'!C50 -> 3 | H46: =+'03'!D50 -> 1519 | I46: =+'04'!C50 -> 1 | J46: =+'04'!D50 -> 190 | K46: =+'05'!C50 -> 0 | L46: =+'05'!D50 -> 0 | M46: =+'06'!C50 -> 0 | N46: =+'06'!D50 -> 0 | O46: =+'07'!C50 -> 0 | P46: =+'07'!D50 -> 0 | Q46: =+'08'!C50 -> 1 | R46: =+'08'!D50 -> 130 | S46: =+'09'!C50 -> 0 | T46: =+'09'!D50 -> 0 | U46: =+'10'!C50 -> 0 | V46: =+'10'!D50 -> 0 | W46: =+'11'!C50 -> 1 | X46: =+'11'!D50 -> 1313.5 | Y46: =+'12'!C50 -> 0 | Z46: =+'12'!D50 -> 0 | AA46: =+'13'!C50 -> 0 | AB46: =+'13'!D50 -> 0 | AC46: =+'14'!C50 -> 3 | AD46: =+'14'!D50 -> 3250 | AE46: =+'15'!C50 -> 1 | AF46: =+'15'!D50 -> 1740 | AG46: =+'16'!C50 -> 1 | AH46: =+'16'!D50 -> 3776 | AI46: =+'17'!C50 -> 3 | AJ46: =+'17'!D50 -> 18024.5 | AK46: =+'18'!C50 -> 1 | AL46: =+'18'!D50 -> 1890 | AM46: =+'19'!C50 -> 0 | AN46: =+'19'!D50 -> 0 | AO46: =+'20'!C50 -> 0 | AP46: =+'20'!D50 -> 0 | AQ46: =+'21'!C50 -> 5 | AR46: =+'21'!D50 -> 3231 | AS46: =+'22'!C50 -> 1 | AT46: =+'22'!D50 -> 2586.25 | AU46: =+'23'!C50 -> 1 | AV46: =+'23'!D50 -> 901.25 | AW46: =+'24'!C50 -> 0 | AX46: =+'24'!D50 -> 0 | AY46: =+'25'!C50 -> 0 | AZ46: =+'25'!D50 -> 0 | BA46: =+'26'!#REF! -> #REF! | BB46: =+'26'!#REF! -> #REF! | BC46: =+'27'!C50 -> 0 | BD46: =+'27'!D50 -> 0 | BE46: =+'28'!C50 -> 3 | BF46: =+'28'!D50 -> 4505 | BG46: =+'29'!C50 -> 1 | BH46: =+'29'!D50 -> 120 | BI46: =+'30'!C50 -> 2 | BJ46: =+'30'!D50 -> 1225 | BK46: =+'31'!C50 -> 0 | BL46: =+'31'!D50 -> 0 | BM46: =+C46+E46+G46+I46+K46+M46+O46+Q46+S46+U46+W46+Y46+AA46+AC46+AE46+AG46+AI46+AK46+AM46+AO46+AQ46+AS46+AU46+AW46+AY46+BA46+BC46+BE46+BG46+BI46+BK46 -> #REF! | BN46: =+D46+F46+H46+J46+L46+N46+P46+R46+T46+V46+X46+Z46+AB46+AD46+AF46+AH46+AJ46+AL46+AN46+AP46+AR46+AT46+AV46+AX46+AZ46+BB46+BD46+BF46+BH46+BJ46+BL46 -> #REF!
B47: ต่างด้าวสถานะ&สิทธิ OP นอก CUP (เรียกเก็บ)** | C47: =+'01'!C51 -> 0 | D47: =+'01'!D51 -> 0 | E47: =+'02'!C51 -> 1 | F47: =+'02'!D51 -> 333 | G47: =+'03'!C51 -> 0 | H47: =+'03'!D51 -> 0 | I47: =+'04'!C51 -> 0 | J47: =+'04'!D51 -> 0 | K47: =+'05'!C51 -> 0 | L47: =+'05'!D51 -> 0 | M47: =+'06'!C51 -> 0 | N47: =+'06'!D51 -> 0 | O47: =+'07'!C51 -> 0 | P47: =+'07'!D51 -> 0 | Q47: =+'08'!C51 -> 0 | R47: =+'08'!D51 -> 0 | S47: =+'09'!C51 -> 0 | T47: =+'09'!D51 -> 0 | U47: =+'10'!C51 -> 0 | V47: =+'10'!D51 -> 0 | W47: =+'11'!C51 -> 0 | X47: =+'11'!D51 -> 0 | Y47: =+'12'!C51 -> 0 | Z47: =+'12'!D51 -> 0 | AA47: =+'13'!C51 -> 0 | AB47: =+'13'!D51 -> 0 | AC47: =+'14'!C51 -> 0 | AD47: =+'14'!D51 -> 0 | AE47: =+'15'!C51 -> 0 | AF47: =+'15'!D51 -> 0 | AG47: =+'16'!C51 -> 0 | AH47: =+'16'!D51 -> 0 | AI47: =+'17'!C51 -> 0 | AJ47: =+'17'!D51 -> 0 | AK47: =+'18'!C51 -> 0 | AL47: =+'18'!D51 -> 0 | AM47: =+'19'!C51 -> 0 | AN47: =+'19'!D51 -> 0 | AO47: =+'20'!C51 -> 0 | AP47: =+'20'!D51 -> 0 | AQ47: =+'21'!C51 -> 0 | AR47: =+'21'!D51 -> 0 | AS47: =+'22'!C51 -> 0 | AT47: =+'22'!D51 -> 0 | AU47: =+'23'!C51 -> 0 | AV47: =+'23'!D51 -> 0 | AW47: =+'24'!C51 -> 0 | AX47: =+'24'!D51 -> 0 | AY47: =+'25'!C51 -> 0 | AZ47: =+'25'!D51 -> 0 | BA47: =+'26'!#REF! -> #REF! | BB47: =+'26'!#REF! -> #REF! | BC47: =+'27'!C51 -> 0 | BD47: =+'27'!D51 -> 0 | BE47: =+'28'!C51 -> 0 | BF47: =+'28'!D51 -> 0 | BG47: =+'29'!C51 -> 0 | BH47: =+'29'!D51 -> 0 | BI47: =+'30'!C51 -> 0 | BJ47: =+'30'!D51 -> 0 | BK47: =+'31'!C51 -> 0 | BL47: =+'31'!D51 -> 0 | BM47: =+C47+E47+G47+I47+K47+M47+O47+Q47+S47+U47+W47+Y47+AA47+AC47+AE47+AG47+AI47+AK47+AM47+AO47+AQ47+AS47+AU47+AW47+AY47+BA47+BC47+BE47+BG47+BI47+BK47 -> #REF! | BN47: =+D47+F47+H47+J47+L47+N47+P47+R47+T47+V47+X47+Z47+AB47+AD47+AF47+AH47+AJ47+AL47+AN47+AP47+AR47+AT47+AV47+AX47+AZ47+BB47+BD47+BF47+BH47+BJ47+BL47 -> #REF!
A48: 14 | B48: ล/น.เบิกจ่ายตรงกรมบ/ช.กลาง -ฉลอง** | C48: =+'01'!C52 -> 0 | D48: =+'01'!D52 -> 0 | E48: =+'02'!C52 -> 0 | F48: =+'02'!D52 -> 0 | G48: =+'03'!C52 -> 0 | H48: =+'03'!D52 -> 0 | I48: =+'04'!C52 -> 0 | J48: =+'04'!D52 -> 0 | K48: =+'05'!C52 -> 0 | L48: =+'05'!D52 -> 0 | M48: =+'06'!C52 -> 0 | N48: =+'06'!D52 -> 0 | O48: =+'07'!C52 -> 1 | P48: =+'07'!D52 -> 246629.84 | Q48: =+'08'!C52 -> 0 | R48: =+'08'!D52 -> 0 | S48: =+'09'!C52 -> 0 | T48: =+'09'!D52 -> 0 | U48: =+'10'!C52 -> 0 | V48: =+'10'!D52 -> 0 | W48: =+'11'!C52 -> 0 | X48: =+'11'!D52 -> 0 | Y48: =+'12'!C52 -> 0 | Z48: =+'12'!D52 -> 0 | AA48: =+'13'!C52 -> 0 | AB48: =+'13'!D52 -> 0 | AC48: =+'14'!C52 -> 0 | AD48: =+'14'!D52 -> 0 | AE48: =+'15'!C52 -> 1 | AF48: =+'15'!D52 -> 29113 | AG48: =+'16'!C52 -> 0 | AH48: =+'16'!D52 -> 0 | AI48: =+'17'!C52 -> 0 | AJ48: =+'17'!D52 -> 0 | AK48: =+'18'!C52 -> 0 | AL48: =+'18'!D52 -> 0 | AM48: =+'19'!C52 -> 0 | AN48: =+'19'!D52 -> 0 | AO48: =+'20'!C52 -> 0 | AP48: =+'20'!D52 -> 0 | AQ48: =+'21'!C52 -> 0 | AR48: =+'21'!D52 -> 0 | AS48: =+'22'!C52 -> 1 | AT48: =+'22'!D52 -> 32691.97 | AU48: =+'23'!C52 -> 0 | AV48: =+'23'!D52 -> 0 | AW48: =+'24'!C52 -> 0 | AX48: =+'24'!D52 -> 0 | AY48: =+'25'!C52 -> 0 | AZ48: =+'25'!D52 -> 0 | BA48: =+'26'!C52 -> 0 | BB48: =+'26'!D52 -> 0 | BC48: =+'27'!C52 -> 0 | BD48: =+'27'!D52 -> 0 | BE48: =+'28'!C52 -> 1 | BF48: =+'28'!D52 -> 427516.22 | BG48: =+'29'!C52 -> 0 | BH48: =+'29'!D52 -> 0 | BI48: =+'30'!C52 -> 0 | BJ48: =+'30'!D52 -> 0 | BK48: =+'31'!C52 -> 0 | BL48: =+'31'!D52 -> 0 | BM48: =+C48+E48+G48+I48+K48+M48+O48+Q48+S48+U48+W48+Y48+AA48+AC48+AE48+AG48+AI48+AK48+AM48+AO48+AQ48+AS48+AU48+AW48+AY48+BA48+BC48+BE48+BG48+BI48+BK48 -> 4 | BN48: =+D48+F48+H48+J48+L48+N48+P48+R48+T48+V48+X48+Z48+AB48+AD48+AF48+AH48+AJ48+AL48+AN48+AP48+AR48+AT48+AV48+AX48+AZ48+BB48+BD48+BF48+BH48+BJ48+BL48 -> 735951.03
A49: 15 | B49: ล/น.เบิกจ่ายตรง-อปท. -ฉลอง** | C49: =+'01'!#REF! -> #REF! | D49: =+'01'!#REF! -> #REF! | E49: =+'02'!#REF! -> #REF! | F49: =+'02'!#REF! -> #REF! | G49: =+'03'!#REF! -> #REF! | H49: =+'03'!#REF! -> #REF! | I49: =+'04'!#REF! -> #REF! | J49: =+'04'!#REF! -> #REF! | K49: =+'05'!#REF! -> #REF! | L49: =+'05'!#REF! -> #REF! | M49: =+'06'!#REF! -> #REF! | N49: =+'06'!#REF! -> #REF! | O49: =+'07'!#REF! -> #REF! | P49: =+'07'!#REF! -> #REF! | Q49: =+'08'!#REF! -> #REF! | R49: =+'08'!#REF! -> #REF! | S49: =+'09'!#REF! -> #REF! | T49: =+'09'!#REF! -> #REF! | U49: =+'10'!#REF! -> #REF! | V49: =+'10'!#REF! -> #REF! | W49: =+'11'!#REF! -> #REF! | X49: =+'11'!#REF! -> #REF! | Y49: =+'12'!#REF! -> #REF! | Z49: =+'12'!#REF! -> #REF! | AA49: =+'13'!#REF! -> #REF! | AB49: =+'13'!#REF! -> #REF! | AC49: =+'14'!#REF! -> #REF! | AD49: =+'14'!#REF! -> #REF! | AE49: =+'15'!#REF! -> #REF! | AF49: =+'15'!#REF! -> #REF! | AG49: =+'16'!#REF! -> #REF! | AH49: =+'16'!#REF! -> #REF! | AI49: =+'17'!#REF! -> #REF! | AJ49: =+'17'!#REF! -> #REF! | AK49: =+'18'!#REF! -> #REF! | AL49: =+'18'!#REF! -> #REF! | AM49: =+'19'!#REF! -> #REF! | AN49: =+'19'!#REF! -> #REF! | AO49: =+'20'!#REF! -> #REF! | AP49: =+'20'!#REF! -> #REF! | AQ49: =+'21'!#REF! -> #REF! | AR49: =+'21'!#REF! -> #REF! | AS49: =+'22'!#REF! -> #REF! | AT49: =+'22'!#REF! -> #REF! | AU49: =+'23'!#REF! -> #REF! | AV49: =+'23'!#REF! -> #REF! | AW49: =+'24'!#REF! -> #REF! | AX49: =+'24'!#REF! -> #REF! | AY49: =+'25'!#REF! -> #REF! | AZ49: =+'25'!#REF! -> #REF! | BA49: =+'26'!#REF! -> #REF! | BB49: =+'26'!#REF! -> #REF! | BC49: =+'27'!#REF! -> #REF! | BD49: =+'27'!#REF! -> #REF! | BE49: =+'28'!#REF! -> #REF! | BF49: =+'28'!#REF! -> #REF! | BG49: =+'29'!#REF! -> #REF! | BH49: =+'29'!#REF! -> #REF! | BI49: =+'30'!#REF! -> #REF! | BJ49: =+'30'!#REF! -> #REF! | BK49: =+'31'!#REF! -> #REF! | BL49: =+'31'!#REF! -> #REF! | BM49: =+C49+E49+G49+I49+K49+M49+O49+Q49+S49+U49+W49+Y49+AA49+AC49+AE49+AG49+AI49+AK49+AM49+AO49+AQ49+AS49+AU49+AW49+AY49+BA49+BC49+BE49+BG49+BI49+BK49 -> #REF! | BN49: =+D49+F49+H49+J49+L49+N49+P49+R49+T49+V49+X49+Z49+AB49+AD49+AF49+AH49+AJ49+AL49+AN49+AP49+AR49+AT49+AV49+AX49+AZ49+BB49+BD49+BF49+BH49+BJ49+BL49 -> #REF!
A50: 16 | B50: ล/น.UC-OPD ใน CUP -ฉลอง** | C50: =+'01'!#REF! -> #REF! | D50: =+'01'!#REF! -> #REF! | E50: =+'02'!#REF! -> #REF! | F50: =+'02'!#REF! -> #REF! | G50: =+'03'!#REF! -> #REF! | H50: =+'03'!#REF! -> #REF! | I50: =+'04'!#REF! -> #REF! | J50: =+'04'!#REF! -> #REF! | K50: =+'05'!#REF! -> #REF! | L50: =+'05'!#REF! -> #REF! | M50: =+'06'!#REF! -> #REF! | N50: =+'06'!#REF! -> #REF! | O50: =+'07'!#REF! -> #REF! | P50: =+'07'!#REF! -> #REF! | Q50: =+'08'!#REF! -> #REF! | R50: =+'08'!#REF! -> #REF! | S50: =+'09'!#REF! -> #REF! | T50: =+'09'!#REF! -> #REF! | U50: =+'10'!#REF! -> #REF! | V50: =+'10'!#REF! -> #REF! | W50: =+'11'!#REF! -> #REF! | X50: =+'11'!#REF! -> #REF! | Y50: =+'12'!#REF! -> #REF! | Z50: =+'12'!#REF! -> #REF! | AA50: =+'13'!#REF! -> #REF! | AB50: =+'13'!#REF! -> #REF! | AC50: =+'14'!#REF! -> #REF! | AD50: =+'14'!#REF! -> #REF! | AE50: =+'15'!#REF! -> #REF! | AF50: =+'15'!#REF! -> #REF! | AG50: =+'16'!#REF! -> #REF! | AH50: =+'16'!#REF! -> #REF! | AI50: =+'17'!#REF! -> #REF! | AJ50: =+'17'!#REF! -> #REF! | AK50: =+'18'!#REF! -> #REF! | AL50: =+'18'!#REF! -> #REF! | AM50: =+'19'!#REF! -> #REF! | AN50: =+'19'!#REF! -> #REF! | AO50: =+'20'!#REF! -> #REF! | AP50: =+'20'!#REF! -> #REF! | AQ50: =+'21'!#REF! -> #REF! | AR50: =+'21'!#REF! -> #REF! | AS50: =+'22'!#REF! -> #REF! | AT50: =+'22'!#REF! -> #REF! | AU50: =+'23'!#REF! -> #REF! | AV50: =+'23'!#REF! -> #REF! | AW50: =+'24'!#REF! -> #REF! | AX50: =+'24'!#REF! -> #REF! | AY50: =+'25'!#REF! -> #REF! | AZ50: =+'25'!#REF! -> #REF! | BA50: =+'26'!#REF! -> #REF! | BB50: =+'26'!#REF! -> #REF! | BC50: =+'27'!#REF! -> #REF! | BD50: =+'27'!#REF! -> #REF! | BE50: =+'28'!#REF! -> #REF! | BF50: =+'28'!#REF! -> #REF! | BG50: =+'29'!#REF! -> #REF! | BH50: =+'29'!#REF! -> #REF! | BI50: =+'30'!#REF! -> #REF! | BJ50: =+'30'!#REF! -> #REF! | BK50: =+'31'!#REF! -> #REF! | BL50: =+'31'!#REF! -> #REF! | BM50: =+C50+E50+G50+I50+K50+M50+O50+Q50+S50+U50+W50+Y50+AA50+AC50+AE50+AG50+AI50+AK50+AM50+AO50+AQ50+AS50+AU50+AW50+AY50+BA50+BC50+BE50+BG50+BI50+BK50 -> #REF! | BN50: =+D50+F50+H50+J50+L50+N50+P50+R50+T50+V50+X50+Z50+AB50+AD50+AF50+AH50+AJ50+AL50+AN50+AP50+AR50+AT50+AV50+AX50+AZ50+BB50+BD50+BF50+BH50+BJ50+BL50 -> #REF!
B51: ล/น.UC-OPDบริการเฉพาะ **AE **ฉลอง** | C51: =+'01'!#REF! -> #REF! | D51: =+'01'!#REF! -> #REF! | E51: =+'02'!#REF! -> #REF! | F51: =+'02'!#REF! -> #REF! | G51: =+'03'!#REF! -> #REF! | H51: =+'03'!#REF! -> #REF! | I51: =+'04'!#REF! -> #REF! | J51: =+'04'!#REF! -> #REF! | K51: =+'05'!#REF! -> #REF! | L51: =+'05'!#REF! -> #REF! | M51: =+'06'!#REF! -> #REF! | N51: =+'06'!#REF! -> #REF! | O51: =+'07'!#REF! -> #REF! | P51: =+'07'!#REF! -> #REF! | Q51: =+'08'!#REF! -> #REF! | R51: =+'08'!#REF! -> #REF! | S51: =+'09'!#REF! -> #REF! | T51: =+'09'!#REF! -> #REF! | U51: =+'10'!#REF! -> #REF! | V51: =+'10'!#REF! -> #REF! | W51: =+'11'!#REF! -> #REF! | X51: =+'11'!#REF! -> #REF! | Y51: =+'12'!#REF! -> #REF! | Z51: =+'12'!#REF! -> #REF! | AA51: =+'13'!#REF! -> #REF! | AB51: =+'13'!#REF! -> #REF! | AC51: =+'14'!#REF! -> #REF! | AD51: =+'14'!#REF! -> #REF! | AE51: =+'15'!#REF! -> #REF! | AF51: =+'15'!#REF! -> #REF! | AG51: =+'16'!#REF! -> #REF! | AH51: =+'16'!#REF! -> #REF! | AI51: =+'17'!#REF! -> #REF! | AJ51: =+'17'!#REF! -> #REF! | AK51: =+'18'!#REF! -> #REF! | AL51: =+'18'!#REF! -> #REF! | AM51: =+'19'!#REF! -> #REF! | AN51: =+'19'!#REF! -> #REF! | AO51: =+'20'!#REF! -> #REF! | AP51: =+'20'!#REF! -> #REF! | AQ51: =+'21'!#REF! -> #REF! | AR51: =+'21'!#REF! -> #REF! | AS51: =+'22'!#REF! -> #REF! | AT51: =+'22'!#REF! -> #REF! | AU51: =+'23'!#REF! -> #REF! | AV51: =+'23'!#REF! -> #REF! | AW51: =+'24'!#REF! -> #REF! | AX51: =+'24'!#REF! -> #REF! | AY51: =+'25'!#REF! -> #REF! | AZ51: =+'25'!#REF! -> #REF! | BA51: =+'26'!#REF! -> #REF! | BB51: =+'26'!#REF! -> #REF! | BC51: =+'27'!#REF! -> #REF! | BD51: =+'27'!#REF! -> #REF! | BE51: =+'28'!#REF! -> #REF! | BF51: =+'28'!#REF! -> #REF! | BG51: =+'29'!#REF! -> #REF! | BH51: =+'29'!#REF! -> #REF! | BI51: =+'30'!#REF! -> #REF! | BJ51: =+'30'!#REF! -> #REF! | BK51: =+'31'!#REF! -> #REF! | BL51: =+'31'!#REF! -> #REF! | BM51: =+C51+E51+G51+I51+K51+M51+O51+Q51+S51+U51+W51+Y51+AA51+AC51+AE51+AG51+AI51+AK51+AM51+AO51+AQ51+AS51+AU51+AW51+AY51+BA51+BC51+BE51+BG51+BI51+BK51 -> #REF! | BN51: =+D51+F51+H51+J51+L51+N51+P51+R51+T51+V51+X51+Z51+AB51+AD51+AF51+AH51+AJ51+AL51+AN51+AP51+AR51+AT51+AV51+AX51+AZ51+BB51+BD51+BF51+BH51+BJ51+BL51 -> #REF!
B52: ล/น.ประกันสังคม -OPD ฉลอง** | C52: =+'01'!#REF! -> #REF! | D52: =+'01'!#REF! -> #REF! | E52: =+'02'!#REF! -> #REF! | F52: =+'02'!#REF! -> #REF! | G52: =+'03'!#REF! -> #REF! | H52: =+'03'!#REF! -> #REF! | I52: =+'04'!#REF! -> #REF! | J52: =+'04'!#REF! -> #REF! | K52: =+'05'!#REF! -> #REF! | L52: =+'05'!#REF! -> #REF! | M52: =+'06'!#REF! -> #REF! | N52: =+'06'!#REF! -> #REF! | O52: =+'07'!#REF! -> #REF! | P52: =+'07'!#REF! -> #REF! | Q52: =+'08'!#REF! -> #REF! | R52: =+'08'!#REF! -> #REF! | S52: =+'09'!#REF! -> #REF! | T52: =+'09'!#REF! -> #REF! | U52: =+'10'!#REF! -> #REF! | V52: =+'10'!#REF! -> #REF! | W52: =+'11'!#REF! -> #REF! | X52: =+'11'!#REF! -> #REF! | Y52: =+'12'!#REF! -> #REF! | Z52: =+'12'!#REF! -> #REF! | AA52: =+'13'!#REF! -> #REF! | AB52: =+'13'!#REF! -> #REF! | AC52: =+'14'!#REF! -> #REF! | AD52: =+'14'!#REF! -> #REF! | AE52: =+'15'!#REF! -> #REF! | AF52: =+'15'!#REF! -> #REF! | AG52: =+'16'!#REF! -> #REF! | AH52: =+'16'!#REF! -> #REF! | AI52: =+'17'!#REF! -> #REF! | AJ52: =+'17'!#REF! -> #REF! | AK52: =+'18'!#REF! -> #REF! | AL52: =+'18'!#REF! -> #REF! | AM52: =+'19'!#REF! -> #REF! | AN52: =+'19'!#REF! -> #REF! | AO52: =+'20'!#REF! -> #REF! | AP52: =+'20'!#REF! -> #REF! | AQ52: =+'21'!#REF! -> #REF! | AR52: =+'21'!#REF! -> #REF! | AS52: =+'22'!#REF! -> #REF! | AT52: =+'22'!#REF! -> #REF! | AU52: =+'23'!#REF! -> #REF! | AV52: =+'23'!#REF! -> #REF! | AW52: =+'24'!#REF! -> #REF! | AX52: =+'24'!#REF! -> #REF! | AY52: =+'25'!#REF! -> #REF! | AZ52: =+'25'!#REF! -> #REF! | BA52: =+'26'!#REF! -> #REF! | BB52: =+'26'!#REF! -> #REF! | BC52: =+'27'!#REF! -> #REF! | BD52: =+'27'!#REF! -> #REF! | BE52: =+'28'!#REF! -> #REF! | BF52: =+'28'!#REF! -> #REF! | BG52: =+'29'!#REF! -> #REF! | BH52: =+'29'!#REF! -> #REF! | BI52: =+'30'!#REF! -> #REF! | BJ52: =+'30'!#REF! -> #REF! | BK52: =+'31'!#REF! -> #REF! | BL52: =+'31'!#REF! -> #REF! | BM52: =+C52+E52+G52+I52+K52+M52+O52+Q52+S52+U52+W52+Y52+AA52+AC52+AE52+AG52+AI52+AK52+AM52+AO52+AQ52+AS52+AU52+AW52+AY52+BA52+BC52+BE52+BG52+BI52+BK52 -> #REF! | BN52: =+D52+F52+H52+J52+L52+N52+P52+R52+T52+V52+X52+Z52+AB52+AD52+AF52+AH52+AJ52+AL52+AN52+AP52+AR52+AT52+AV52+AX52+AZ52+BB52+BD52+BF52+BH52+BJ52+BL52 -> #REF!
B53: ล/น.แรงงานต่งด้าว -OPD ฉลอง** | C53: =+'01'!#REF! -> #REF! | D53: =+'01'!#REF! -> #REF! | E53: =+'02'!#REF! -> #REF! | F53: =+'02'!#REF! -> #REF! | G53: =+'03'!#REF! -> #REF! | H53: =+'03'!#REF! -> #REF! | I53: =+'04'!#REF! -> #REF! | J53: =+'04'!#REF! -> #REF! | K53: =+'05'!#REF! -> #REF! | L53: =+'05'!#REF! -> #REF! | M53: =+'06'!#REF! -> #REF! | N53: =+'06'!#REF! -> #REF! | O53: =+'07'!#REF! -> #REF! | P53: =+'07'!#REF! -> #REF! | Q53: =+'08'!#REF! -> #REF! | R53: =+'08'!#REF! -> #REF! | S53: =+'09'!#REF! -> #REF! | T53: =+'09'!#REF! -> #REF! | U53: =+'10'!#REF! -> #REF! | V53: =+'10'!#REF! -> #REF! | W53: =+'11'!#REF! -> #REF! | X53: =+'11'!#REF! -> #REF! | Y53: =+'12'!#REF! -> #REF! | Z53: =+'12'!#REF! -> #REF! | AA53: =+'13'!#REF! -> #REF! | AB53: =+'13'!#REF! -> #REF! | AC53: =+'14'!#REF! -> #REF! | AD53: =+'14'!#REF! -> #REF! | AE53: =+'15'!#REF! -> #REF! | AF53: =+'15'!#REF! -> #REF! | AG53: =+'16'!#REF! -> #REF! | AH53: =+'16'!#REF! -> #REF! | AI53: =+'17'!#REF! -> #REF! | AJ53: =+'17'!#REF! -> #REF! | AK53: =+'18'!#REF! -> #REF! | AL53: =+'18'!#REF! -> #REF! | AM53: =+'19'!#REF! -> #REF! | AN53: =+'19'!#REF! -> #REF! | AO53: =+'20'!#REF! -> #REF! | AP53: =+'20'!#REF! -> #REF! | AQ53: =+'21'!#REF! -> #REF! | AR53: =+'21'!#REF! -> #REF! | AS53: =+'22'!#REF! -> #REF! | AT53: =+'22'!#REF! -> #REF! | AU53: =+'23'!#REF! -> #REF! | AV53: =+'23'!#REF! -> #REF! | AW53: =+'24'!#REF! -> #REF! | AX53: =+'24'!#REF! -> #REF! | AY53: =+'25'!#REF! -> #REF! | AZ53: =+'25'!#REF! -> #REF! | BA53: =+'26'!#REF! -> #REF! | BB53: =+'26'!#REF! -> #REF! | BC53: =+'27'!#REF! -> #REF! | BD53: =+'27'!#REF! -> #REF! | BE53: =+'28'!#REF! -> #REF! | BF53: =+'28'!#REF! -> #REF! | BG53: =+'29'!#REF! -> #REF! | BH53: =+'29'!#REF! -> #REF! | BI53: =+'30'!#REF! -> #REF! | BJ53: =+'30'!#REF! -> #REF! | BK53: =+'31'!#REF! -> #REF! | BL53: =+'31'!#REF! -> #REF! | BM53: =+C53+E53+G53+I53+K53+M53+O53+Q53+S53+U53+W53+Y53+AA53+AC53+AE53+AG53+AI53+AK53+AM53+AO53+AQ53+AS53+AU53+AW53+AY53+BA53+BC53+BE53+BG53+BI53+BK53 -> #REF! | BN53: =+D53+F53+H53+J53+L53+N53+P53+R53+T53+V53+X53+Z53+AB53+AD53+AF53+AH53+AJ53+AL53+AN53+AP53+AR53+AT53+AV53+AX53+AZ53+BB53+BD53+BF53+BH53+BJ53+BL53 -> #REF!
A54: 17 | B54: ล/น.เบิกได้จ่ายตรง -OPD หยี่เต้ง | C54: =+'01'!C53 -> 21 | D54: =+'01'!D53 -> 6321 | E54: =+'02'!C53 -> 20 | F54: =+'02'!D53 -> 7288 | G54: =+'03'!C53 -> 17 | H54: =+'03'!D53 -> 6443 | I54: =+'04'!C53 -> 19 | J54: =+'04'!D53 -> 7623 | K54: =+'05'!C53 -> 5 | L54: =+'05'!D53 -> 2048 | M54: =+'06'!C53 -> 0 | N54: =+'06'!D53 -> 0 | O54: =+'07'!C53 -> 16 | P54: =+'07'!D53 -> 3559 | Q54: =+'08'!C53 -> 27 | R54: =+'08'!D53 -> 15855 | S54: =+'09'!C53 -> 15 | T54: =+'09'!D53 -> 4028 | U54: =+'10'!C53 -> 20 | V54: =+'10'!D53 -> 13401 | W54: =+'11'!C53 -> 18 | X54: =+'11'!D53 -> 7605 | Y54: =+'12'!C53 -> 1 | Z54: =+'12'!D53 -> 157 | AA54: =+'13'!C53 -> 0 | AB54: =+'13'!D53 -> 0 | AC54: =+'14'!C53 -> 12 | AD54: =+'14'!D53 -> 5443 | AE54: =+'15'!C53 -> 25 | AF54: =+'15'!D53 -> 10263 | AG54: =+'16'!C53 -> 18 | AH54: =+'16'!D53 -> 8043 | AI54: =+'17'!C53 -> 21 | AJ54: =+'17'!D53 -> 6872 | AK54: =+'18'!C53 -> 18 | AL54: =+'18'!D53 -> 9392 | AM54: =+'19'!C53 -> 3 | AN54: =+'19'!D53 -> 1340 | AO54: =+'20'!C53 -> 0 | AP54: =+'20'!D53 -> 0 | AQ54: =+'21'!C53 -> 12 | AR54: =+'21'!D53 -> 3504 | AS54: =+'22'!C53 -> 21 | AT54: =+'22'!D53 -> 11283 | AU54: =+'23'!C53 -> 24 | AV54: =+'23'!D53 -> 9132 | AW54: =+'24'!C53 -> 24 | AX54: =+'24'!D53 -> 12707 | AY54: =+'25'!C53 -> 18 | AZ54: =+'25'!D53 -> 6335 | BA54: =+'26'!C53 -> 5 | BB54: =+'26'!D53 -> 1732 | BC54: =+'27'!C53 -> 0 | BD54: =+'27'!D53 -> 0 | BE54: =+'28'!C53 -> 10 | BF54: =+'28'!D53 -> 1819 | BG54: =+'29'!C53 -> 18 | BH54: =+'29'!D53 -> 7049 | BI54: =+'30'!C53 -> 21 | BJ54: =+'30'!D53 -> 7117 | BK54: =+'31'!C53 -> 0 | BL54: =+'31'!D53 -> 0 | BM54: =+C54+E54+G54+I54+K54+M54+O54+Q54+S54+U54+W54+Y54+AA54+AC54+AE54+AG54+AI54+AK54+AM54+AO54+AQ54+AS54+AU54+AW54+AY54+BA54+BC54+BE54+BG54+BI54+BK54 -> 429 | BN54: =+D54+F54+H54+J54+L54+N54+P54+R54+T54+V54+X54+Z54+AB54+AD54+AF54+AH54+AJ54+AL54+AN54+AP54+AR54+AT54+AV54+AX54+AZ54+BB54+BD54+BF54+BH54+BJ54+BL54 -> 176359
A55: 18 | B55: ล/น.บัตรทอง 30บ./บัตรทองรพ.วชิระ -OPD หยี่เต้ง | C55: =+'01'!C54 -> 77 | D55: =+'01'!D54 -> 69618 | E55: =+'02'!C54 -> 66 | F55: =+'02'!D54 -> 55874 | G55: =+'03'!C54 -> 87 | H55: =+'03'!D54 -> 61276 | I55: =+'04'!C54 -> 54 | J55: =+'04'!D54 -> 33636 | K55: =+'05'!C54 -> 12 | L55: =+'05'!D54 -> 3671 | M55: =+'06'!C54 -> 0 | N55: =+'06'!D54 -> 0 | O55: =+'07'!C54 -> 49 | P55: =+'07'!D54 -> 24578 | Q55: =+'08'!C54 -> 90 | R55: =+'08'!D54 -> 71956 | S55: =+'09'!C54 -> 59 | T55: =+'09'!D54 -> 30298 | U55: =+'10'!C54 -> 95 | V55: =+'10'!D54 -> 66022 | W55: =+'11'!C54 -> 57 | X55: =+'11'!D54 -> 43950 | Y55: =+'12'!C54 -> 10 | Z55: =+'12'!D54 -> 3379 | AA55: =+'13'!C54 -> 0 | AB55: =+'13'!D54 -> 0 | AC55: =+'14'!C54 -> 60 | AD55: =+'14'!D54 -> 35525 | AE55: =+'15'!C54 -> 101 | AF55: =+'15'!D54 -> 75825 | AG55: =+'16'!C54 -> 70 | AH55: =+'16'!D54 -> 45388 | AI55: =+'17'!C54 -> 100 | AJ55: =+'17'!D54 -> 69367 | AK55: =+'18'!C54 -> 70 | AL55: =+'18'!D54 -> 49947 | AM55: =+'19'!C54 -> 19 | AN55: =+'19'!D54 -> 11040 | AO55: =+'20'!C54 -> 0 | AP55: =+'20'!D54 -> 0 | AQ55: =+'21'!C54 -> 51 | AR55: =+'21'!D54 -> 27707 | AS55: =+'22'!C54 -> 87 | AT55: =+'22'!D54 -> 73940 | AU55: =+'23'!C54 -> 81 | AV55: =+'23'!D54 -> 64624 | AW55: =+'24'!C54 -> 91 | AX55: =+'24'!D54 -> 70205 | AY55: =+'25'!C54 -> 66 | AZ55: =+'25'!D54 -> 46195 | BA55: =+'26'!C54 -> 15 | BB55: =+'26'!D54 -> 8174 | BC55: =+'27'!C54 -> 0 | BD55: =+'27'!D54 -> 0 | BE55: =+'28'!C54 -> 53 | BF55: =+'28'!D54 -> 28060 | BG55: =+'29'!C54 -> 93 | BH55: =+'29'!D54 -> 69447 | BI55: =+'30'!C54 -> 72 | BJ55: =+'30'!D54 -> 53438 | BK55: =+'31'!C54 -> 0 | BL55: =+'31'!D54 -> 0 | BM55: =+C55+E55+G55+I55+K55+M55+O55+Q55+S55+U55+W55+Y55+AA55+AC55+AE55+AG55+AI55+AK55+AM55+AO55+AQ55+AS55+AU55+AW55+AY55+BA55+BC55+BE55+BG55+BI55+BK55 -> 1685 | BN55: =+D55+F55+H55+J55+L55+N55+P55+R55+T55+V55+X55+Z55+AB55+AD55+AF55+AH55+AJ55+AL55+AN55+AP55+AR55+AT55+AV55+AX55+AZ55+BB55+BD55+BF55+BH55+BJ55+BL55 -> 1193140
A56: 19 | B56: ล/น.สิทธิ 34 บัตรปกส. -OPD หยี่เต้ง | C56: =+'01'!C55 -> 35 | D56: =+'01'!D55 -> 26746 | E56: =+'02'!C55 -> 43 | F56: =+'02'!D55 -> 21956 | G56: =+'03'!C55 -> 34 | H56: =+'03'!D55 -> 19221 | I56: =+'04'!C55 -> 38 | J56: =+'04'!D55 -> 25183 | K56: =+'05'!C55 -> 7 | L56: =+'05'!D55 -> 3169 | M56: =+'06'!C55 -> 0 | N56: =+'06'!D55 -> 0 | O56: =+'07'!C55 -> 37 | P56: =+'07'!D55 -> 18985 | Q56: =+'08'!C55 -> 33 | R56: =+'08'!D55 -> 18828 | S56: =+'09'!C55 -> 31 | T56: =+'09'!D55 -> 13811 | U56: =+'10'!C55 -> 41 | V56: =+'10'!D55 -> 25841 | W56: =+'11'!C55 -> 32 | X56: =+'11'!D55 -> 20545 | Y56: =+'12'!C55 -> 4 | Z56: =+'12'!D55 -> 1378 | AA56: =+'13'!C55 -> 0 | AB56: =+'13'!D55 -> 0 | AC56: =+'14'!C55 -> 37 | AD56: =+'14'!D55 -> 18123 | AE56: =+'15'!C55 -> 37 | AF56: =+'15'!D55 -> 22015 | AG56: =+'16'!C55 -> 35 | AH56: =+'16'!D55 -> 16856 | AI56: =+'17'!C55 -> 46 | AJ56: =+'17'!D55 -> 31856 | AK56: =+'18'!C55 -> 28 | AL56: =+'18'!D55 -> 14986 | AM56: =+'19'!C55 -> 4 | AN56: =+'19'!D55 -> 806 | AO56: =+'20'!C55 -> 0 | AP56: =+'20'!D55 -> 0 | AQ56: =+'21'!C55 -> 38 | AR56: =+'21'!D55 -> 17309 | AS56: =+'22'!C55 -> 50 | AT56: =+'22'!D55 -> 37996 | AU56: =+'23'!C55 -> 37 | AV56: =+'23'!D55 -> 18077 | AW56: =+'24'!C55 -> 42 | AX56: =+'24'!D55 -> 25498 | AY56: =+'25'!C55 -> 46 | AZ56: =+'25'!D55 -> 25705 | BA56: =+'26'!C55 -> 6 | BB56: =+'26'!D55 -> 1910 | BC56: =+'27'!C55 -> 0 | BD56: =+'27'!D55 -> 0 | BE56: =+'28'!C55 -> 35 | BF56: =+'28'!D55 -> 11140 | BG56: =+'29'!C55 -> 39 | BH56: =+'29'!D55 -> 28469 | BI56: =+'30'!C55 -> 44 | BJ56: =+'30'!D55 -> 25582 | BK56: =+'31'!C55 -> 0 | BL56: =+'31'!D55 -> 0 | BM56: =+C56+E56+G56+I56+K56+M56+O56+Q56+S56+U56+W56+Y56+AA56+AC56+AE56+AG56+AI56+AK56+AM56+AO56+AQ56+AS56+AU56+AW56+AY56+BA56+BC56+BE56+BG56+BI56+BK56 -> 859 | BN56: =+D56+F56+H56+J56+L56+N56+P56+R56+T56+V56+X56+Z56+AB56+AD56+AF56+AH56+AJ56+AL56+AN56+AP56+AR56+AT56+AV56+AX56+AZ56+BB56+BD56+BF56+BH56+BJ56+BL56 -> 491991
A57: 20 | B57: ล/น.เบิกได้จ่ายตรง-อปท. -OPD หยี่เต้ง | C57: =+'01'!C56 -> 3 | D57: =+'01'!D56 -> 1256 | E57: =+'02'!C56 -> 3 | F57: =+'02'!D56 -> 1546 | G57: =+'03'!C56 -> 4 | H57: =+'03'!D56 -> 1816 | I57: =+'04'!C56 -> 2 | J57: =+'04'!D56 -> 48 | K57: =+'05'!C56 -> 1 | L57: =+'05'!D56 -> 223 | M57: =+'06'!C56 -> 0 | N57: =+'06'!D56 -> 0 | O57: =+'07'!C56 -> 2 | P57: =+'07'!D56 -> 450 | Q57: =+'08'!C56 -> 2 | R57: =+'08'!D56 -> 666 | S57: =+'09'!C56 -> 1 | T57: =+'09'!D56 -> 442 | U57: =+'10'!C56 -> 2 | V57: =+'10'!D56 -> 500 | W57: =+'11'!C56 -> 4 | X57: =+'11'!D56 -> 1014 | Y57: =+'12'!C56 -> 0 | Z57: =+'12'!D56 -> 0 | AA57: =+'13'!C56 -> 0 | AB57: =+'13'!D56 -> 0 | AC57: =+'14'!C56 -> 2 | AD57: =+'14'!D56 -> 356 | AE57: =+'15'!C56 -> 2 | AF57: =+'15'!D56 -> 1104 | AG57: =+'16'!C56 -> 1 | AH57: =+'16'!D56 -> 660 | AI57: =+'17'!C56 -> 3 | AJ57: =+'17'!D56 -> 850 | AK57: =+'18'!C56 -> 2 | AL57: =+'18'!D56 -> 98 | AM57: =+'19'!C56 -> 0 | AN57: =+'19'!D56 -> 0 | AO57: =+'20'!C56 -> 0 | AP57: =+'20'!D56 -> 0 | AQ57: =+'21'!C56 -> 3 | AR57: =+'21'!D56 -> 1345 | AS57: =+'22'!C56 -> 5 | AT57: =+'22'!D56 -> 1106 | AU57: =+'23'!C56 -> 4 | AV57: =+'23'!D56 -> 2077 | AW57: =+'24'!C56 -> 5 | AX57: =+'24'!D56 -> 3208 | AY57: =+'25'!C56 -> 3 | AZ57: =+'25'!D56 -> 758 | BA57: =+'26'!C56 -> 0 | BB57: =+'26'!D56 -> 0 | BC57: =+'27'!C56 -> 0 | BD57: =+'27'!D56 -> 0 | BE57: =+'28'!C56 -> 0 | BF57: =+'28'!D56 -> 0 | BG57: =+'29'!C56 -> 3 | BH57: =+'29'!D56 -> 273 | BI57: =+'30'!C56 -> 2 | BJ57: =+'30'!D56 -> 399 | BK57: =+'31'!C56 -> 0 | BL57: =+'31'!D56 -> 0 | BM57: =+C57+E57+G57+I57+K57+M57+O57+Q57+S57+U57+W57+Y57+AA57+AC57+AE57+AG57+AI57+AK57+AM57+AO57+AQ57+AS57+AU57+AW57+AY57+BA57+BC57+BE57+BG57+BI57+BK57 -> 59 | BN57: =+D57+F57+H57+J57+L57+N57+P57+R57+T57+V57+X57+Z57+AB57+AD57+AF57+AH57+AJ57+AL57+AN57+AP57+AR57+AT57+AV57+AX57+AZ57+BB57+BD57+BF57+BH57+BJ57+BL57 -> 20195
A58: 21 | B58: ล/น.แรงงานต่างด้าว - OPD หยี่เต้ง ((7.1 / หยี่เต้ง)) | C58: =+'01'!C57 -> 4 | D58: =+'01'!D57 -> 3662 | E58: =+'02'!C57 -> 4 | F58: =+'02'!D57 -> 2657 | G58: =+'03'!C57 -> 3 | H58: =+'03'!D57 -> 1230 | I58: =+'04'!C57 -> 1 | J58: =+'04'!D57 -> 917 | K58: =+'05'!C57 -> 2 | L58: =+'05'!D57 -> 715 | M58: =+'06'!C57 -> 0 | N58: =+'06'!D57 -> 0 | O58: =+'07'!C57 -> 8 | P58: =+'07'!D57 -> 3289 | Q58: =+'08'!C57 -> 5 | R58: =+'08'!D57 -> 3142 | S58: =+'09'!C57 -> 3 | T58: =+'09'!D57 -> 742 | U58: =+'10'!C57 -> 2 | V58: =+'10'!D57 -> 434 | W58: =+'11'!C57 -> 2 | X58: =+'11'!D57 -> 834 | Y58: =+'12'!C57 -> 1 | Z58: =+'12'!D57 -> 388 | AA58: =+'13'!C57 -> 0 | AB58: =+'13'!D57 -> 0 | AC58: =+'14'!C57 -> 4 | AD58: =+'14'!D57 -> 1118 | AE58: =+'15'!C57 -> 4 | AF58: =+'15'!D57 -> 2032 | AG58: =+'16'!C57 -> 0 | AH58: =+'16'!D57 -> 0 | AI58: =+'17'!C57 -> 2 | AJ58: =+'17'!D57 -> 640 | AK58: =+'18'!C57 -> 0 | AL58: =+'18'!D57 -> 0 | AM58: =+'19'!C57 -> 0 | AN58: =+'19'!D57 -> 0 | AO58: =+'20'!C57 -> 0 | AP58: =+'20'!D57 -> 0 | AQ58: =+'21'!C57 -> 3 | AR58: =+'21'!D57 -> 2310 | AS58: =+'22'!C57 -> 0 | AT58: =+'22'!D57 -> 0 | AU58: =+'23'!C57 -> 0 | AV58: =+'23'!D57 -> 0 | AW58: =+'24'!C57 -> 0 | AX58: =+'24'!D57 -> 0 | AY58: =+'25'!C57 -> 2 | AZ58: =+'25'!D57 -> 2122 | BA58: =+'26'!C57 -> 0 | BB58: =+'26'!D57 -> 0 | BC58: =+'27'!C57 -> 0 | BD58: =+'27'!D57 -> 0 | BE58: =+'28'!C57 -> 2 | BF58: =+'28'!D57 -> 505 | BG58: =+'29'!C57 -> 1 | BH58: =+'29'!D57 -> 480 | BI58: =+'30'!C57 -> 2 | BJ58: =+'30'!D57 -> 1745 | BK58: =+'31'!C57 -> 0 | BL58: =+'31'!D57 -> 0 | BM58: =+C58+E58+G58+I58+K58+M58+O58+Q58+S58+U58+W58+Y58+AA58+AC58+AE58+AG58+AI58+AK58+AM58+AO58+AQ58+AS58+AU58+AW58+AY58+BA58+BC58+BE58+BG58+BI58+BK58 -> 55 | BN58: =+D58+F58+H58+J58+L58+N58+P58+R58+T58+V58+X58+Z58+AB58+AD58+AF58+AH58+AJ58+AL58+AN58+AP58+AR58+AT58+AV58+AX58+AZ58+BB58+BD58+BF58+BH58+BJ58+BL58 -> 28962
A59: 22 | B59: ล/น.เบิกจ่ายตรง อปท.รูปแบบพิเศษ OP ((3.8)) | C59: =+'01'!C58 -> 3 | D59: =+'01'!D58 -> 4659.25 | E59: =+'02'!C58 -> 1 | F59: =+'02'!D58 -> 43565 | G59: =+'03'!C58 -> 1 | H59: =+'03'!D58 -> 910 | I59: =+'04'!C58 -> 0 | J59: =+'04'!D58 -> 0 | K59: =+'05'!C58 -> 0 | L59: =+'05'!D58 -> 0 | M59: =+'06'!C58 -> 0 | N59: =+'06'!D58 -> 0 | O59: =+'07'!C58 -> 2 | P59: =+'07'!D58 -> 12750 | Q59: =+'08'!C58 -> 1 | R59: =+'08'!D58 -> 3337 | S59: =+'09'!C58 -> 1 | T59: =+'09'!D58 -> 50 | U59: =+'10'!C58 -> 0 | V59: =+'10'!D58 -> 0 | W59: =+'11'!C58 -> 1 | X59: =+'11'!D58 -> 913 | Y59: =+'12'!C58 -> 0 | Z59: =+'12'!D58 -> 0 | AA59: =+'13'!C58 -> 0 | AB59: =+'13'!D58 -> 0 | AC59: =+'14'!C58 -> 0 | AD59: =+'14'!D58 -> 0 | AE59: =+'15'!C58 -> 2 | AF59: =+'15'!D58 -> 2408 | AG59: =+'16'!C58 -> 1 | AH59: =+'16'!D58 -> 1575 | AI59: =+'17'!C58 -> 0 | AJ59: =+'17'!D58 -> 0 | AK59: =+'18'!C58 -> 1 | AL59: =+'18'!D58 -> 9810 | AM59: =+'19'!C58 -> 0 | AN59: =+'19'!D58 -> 0 | AO59: =+'20'!C58 -> 2 | AP59: =+'20'!D58 -> 552 | AQ59: =+'21'!C58 -> 0 | AR59: =+'21'!D58 -> 0 | AS59: =+'22'!C58 -> 0 | AT59: =+'22'!D58 -> 0 | AU59: =+'23'!C58 -> 2 | AV59: =+'23'!D58 -> 2062 | AW59: =+'24'!C58 -> 2 | AX59: =+'24'!D58 -> 8662.5 | AY59: =+'25'!C58 -> 1 | AZ59: =+'25'!D58 -> 425 | BA59: =+'26'!C58 -> 1 | BB59: =+'26'!D58 -> 1444 | BC59: =+'27'!C58 -> 0 | BD59: =+'27'!D58 -> 0 | BE59: =+'28'!C58 -> 0 | BF59: =+'28'!D58 -> 0 | BG59: =+'29'!C58 -> 1 | BH59: =+'29'!D58 -> 18290 | BI59: =+'30'!C58 -> 0 | BJ59: =+'30'!D58 -> 0 | BK59: =+'31'!C58 -> 0 | BL59: =+'31'!D58 -> 0 | BM59: =+C59+E59+G59+I59+K59+M59+O59+Q59+S59+U59+W59+Y59+AA59+AC59+AE59+AG59+AI59+AK59+AM59+AO59+AQ59+AS59+AU59+AW59+AY59+BA59+BC59+BE59+BG59+BI59+BK59 -> 23 | BN59: =+D59+F59+H59+J59+L59+N59+P59+R59+T59+V59+X59+Z59+AB59+AD59+AF59+AH59+AJ59+AL59+AN59+AP59+AR59+AT59+AV59+AX59+AZ59+BB59+BD59+BF59+BH59+BJ59+BL59 -> 111412.75
B60: ล/น.เบิกจ่ายตรง อปท.รูปแบบพิเศษ IP ((3.7)) | C60: =+'01'!C59 -> 0 | D60: =+'01'!D59 -> 0 | E60: =+'02'!C59 -> 0 | F60: =+'02'!D59 -> 0 | G60: =+'03'!C59 -> 1 | H60: =+'03'!D59 -> 41971.75 | I60: =+'04'!C59 -> 0 | J60: =+'04'!D59 -> 0 | K60: =+'05'!C59 -> 0 | L60: =+'05'!D59 -> 0 | M60: =+'06'!C59 -> 0 | N60: =+'06'!D59 -> 0 | O60: =+'07'!C59 -> 0 | P60: =+'07'!D59 -> 0 | Q60: =+'08'!C59 -> 0 | R60: =+'08'!D59 -> 0 | S60: =+'09'!C59 -> 0 | T60: =+'09'!D59 -> 0 | U60: =+'10'!C59 -> 0 | V60: =+'10'!D59 -> 0 | W60: =+'11'!C59 -> 0 | X60: =+'11'!D59 -> 0 | Y60: =+'12'!C59 -> 0 | Z60: =+'12'!D59 -> 0 | AA60: =+'13'!C59 -> 0 | AB60: =+'13'!D59 -> 0 | AC60: =+'14'!C59 -> 0 | AD60: =+'14'!D59 -> 0 | AE60: =+'15'!C59 -> 0 | AF60: =+'15'!D59 -> 0 | AG60: =+'16'!C59 -> 0 | AH60: =+'16'!D59 -> 0 | AI60: =+'17'!C59 -> 0 | AJ60: =+'17'!D59 -> 0 | AK60: =+'18'!C59 -> 0 | AL60: =+'18'!D59 -> 0 | AM60: =+'19'!C59 -> 0 | AN60: =+'19'!D59 -> 0 | AO60: =+'20'!C59 -> 0 | AP60: =+'20'!D59 -> 0 | AQ60: =+'21'!C59 -> 0 | AR60: =+'21'!D59 -> 0 | AS60: =+'22'!C59 -> 0 | AT60: =+'22'!D59 -> 0 | AU60: =+'23'!C59 -> 0 | AV60: =+'23'!D59 -> 0 | AW60: =+'24'!C59 -> 0 | AX60: =+'24'!D59 -> 0 | AY60: =+'25'!C59 -> 0 | AZ60: =+'25'!D59 -> 0 | BA60: =+'26'!C59 -> 0 | BB60: =+'26'!D59 -> 0 | BC60: =+'27'!C59 -> 0 | BD60: =+'27'!D59 -> 0 | BE60: =+'28'!C59 -> 0 | BF60: =+'28'!D59 -> 0 | BG60: =+'29'!C59 -> 0 | BH60: =+'29'!D59 -> 0 | BI60: =+'30'!C59 -> 0 | BJ60: =+'30'!D59 -> 0 | BK60: =+'31'!C59 -> 0 | BL60: =+'31'!D59 -> 0 | BM60: =+C60+E60+G60+I60+K60+M60+O60+Q60+S60+U60+W60+Y60+AA60+AC60+AE60+AG60+AI60+AK60+AM60+AO60+AQ60+AS60+AU60+AW60+AY60+BA60+BC60+BE60+BG60+BI60+BK60 -> 1 | BN60: =+D60+F60+H60+J60+L60+N60+P60+R60+T60+V60+X60+Z60+AB60+AD60+AF60+AH60+AJ60+AL60+AN60+AP60+AR60+AT60+AV60+AX60+AZ60+BB60+BD60+BF60+BH60+BJ60+BL60 -> 41971.75
