Workbook

Sheet สรุปไฟล์
A1: สรุปไฟล์ข้อมูลที่ได้รับจากฝ่ายบัญชี
A2: โรงพยาบาลวชิระภูเก็ต · โฟลเดอร์ ข้อมูลที่ได้รับจากบัญชี_10_10_2026
A3: วันที่ได้รับ | B3: 10/10/2569 | C3: ช่องสีเหลืองคือวันที่รับที่แก้ได้ คอลัมน์วันที่ได้รับในตารางดึงจากช่องนี้
A4: จำนวนไฟล์ | B4: =COUNTA(C8:C44) | C4: ไม่นับไฟล์ล็อกชั่วคราวของ Excel (~$โปรแกรมคอมฯ งปม.xlsx) และไม่นับไฟล์สรุปนี้
A5: คอลัมน์ «เกี่ยวกับ» สรุปจากชื่อไฟล์และหัวตารางที่เปิดตรวจในแต่ละไฟล์ รายละเอียดแบบฟอร์มในไฟล์ ZIP อยู่ชีท «รายการในไฟล์ ZIP» จำนวนไฟล์แยกหมวดอยู่ชีท «สรุปตามหมวด»
A7: ลำดับ | B7: หมวด | C7: ชื่อ File | D7: วันที่ได้รับ | E7: เกี่ยวกับ
A8: =ROW()-7 | B8: งบการเงิน | C8: งบการเงิน รพ.วชิระภูเก็ต ส.ค.69 ใหม่.xls | D8: =$B$3 | E8: งบการเงินโรงพยาบาลวชิระภูเก็ต ถึงเดือนสิงหาคม 2569 ประกอบด้วยงบทดลองเปรียบเทียบหลายปี งบแสดงฐานะการเงิน งบกระแสเงินสด รายได้และค่าใช้จ่าย และหมายเหตุประกอบงบการเงิน
A9: =ROW()-7 | B9: ผังบัญชี | C9: ผังบัญชีGFMIS.xlsx | D9: =$B$3 | E9: ผังบัญชี GFMIS ของโรงพยาบาลวชิระภูเก็ต ณ วันที่ 31 สิงหาคม 2569 แสดงรหัสบัญชี รหัส GFMIS และชื่อบัญชี
A10: =ROW()-7 | B10: สมุดบัญชีและสมุดรายวัน | C10: สมุดบัญชีแยกประเภททั่วไป มิย.69.xls | D10: =$B$3 | E10: สมุดบัญชีแยกประเภททั่วไป เดือนพฤษภาคมและมิถุนายน 2569 แยกตามรหัสบัญชี เริ่มที่บัญชีเงินสด (1101010101.101) มียอดยกมา เดบิต เครดิต และยอดคงเหลือ
A11: =ROW()-7 | B11: สมุดบัญชีและสมุดรายวัน | C11: สมุดเงินสด 2569.xlsx | D11: =$B$3 | E11: สมุดเงินสดรายเดือน ตั้งแต่ตุลาคม 2568 ถึงกันยายน 2569 และทะเบียนคุมใบเสร็จเงินยืมมัดจำกับใบเสร็จ UC
A12: =ROW()-7 | B12: สมุดบัญชีและสมุดรายวัน | C12: แยกประเภท สมุดเงินสด.xlsx | D12: =$B$3 | E12: สมุดบัญชีแยกประเภททั่วไป ปี พ.ศ. 2569 (ชีทต้นฉบับ) แสดงที่เอกสาร รายการ เดบิต เครดิต และยอดคงเหลือ
A13: =ROW()-7 | B13: สมุดบัญชีและสมุดรายวัน | C13: สมุดรายวันรับ (Express).xls | D13: =$B$3 | E13: สมุดเงินสดและสมุดรายวันรับจากระบบ Express เดือนกันยายน 2569 แยกตามช่วงวันที่ พร้อมรายได้แยกประเภท เช่น 30 บาท และจ่ายเงินเอง ทั้ง IPD และ OPD
A14: =ROW()-7 | B14: เงินฝากธนาคาร | C14: 11.งบกระทบยอดเงินฝาก-สค.69.xls | D14: =$B$3 | E14: แบบรายงานกระทบยอดเงินฝากธนาคาร วิธีที่ 1 ตามแบบกรมบัญชีกลาง ประจำเดือนสิงหาคม 2569 ของโรงพยาบาลวชิระภูเก็ต แยกตามเลขที่บัญชี
A15: =ROW()-7 | B15: เงินฝากธนาคาร | C15: งบเปรียบเทียบเงินฝากธนาคาร ณ สค.69.xls | D15: =$B$3 | E15: รายละเอียดบัญชีเงินฝากธนาคารและกระดาษทำการพิสูจน์ยอด ณ วันที่ 31 สิงหาคม 2569 ครอบคลุมเงินบำรุง เงินนอกงบประมาณ กองทุน UC ประกันสังคม และเงินงบประมาณ
A16: =ROW()-7 | B16: ลูกหนี้ค่ารักษาพยาบาล | C16: 12.บันทึกลูกหนี้-69.09((กย.69).xls | D16: =$B$3 | E16: บันทึกและทบทวนลูกหนี้ค่ารักษาพยาบาล เดือนกันยายน 2569 รวมค่าใช้จ่ายจริงเทียบยอดเรียกเก็บ ลูกหนี้รายวัน และชีทแยกสิทธิการรักษา
A17: =ROW()-7 | B17: ลูกหนี้ค่ารักษาพยาบาล | C17: 12.รายงานสรุปลูกหนี้ค่ารักษาพยาบาลประจำวั.xlsx | D17: =$B$3 | E17: รายงานสรุปค่ารักษาพยาบาลประจำวัน แยกตามสิทธิการรักษา มีชีทรายวันของเดือนกันยายน 2569 และชีทข้อมูลย้อนหลัง
A18: =ROW()-7 | B18: เจ้าหนี้ | C18: รายงานเจ้าหนี้คงเหลือ ณ กย.69.xls | D18: =$B$3 | E18: รายงานเจ้าหนี้คงค้างแยกตามเอกสาร ณ วันที่ 30 กันยายน 2569 (วันที่พิมพ์รายงาน 8 ตุลาคม 2569) แสดงผู้จำหน่าย เลขที่บิล ยอดในบิล ยอดชำระ และยอดคงค้าง เช่น กลุ่มยา
A19: =ROW()-7 | B19: ใบเสร็จรับเงิน | C19: รายงานรับใบเสร็จรับเงิน.xls | D19: =$B$3 | E19: แบบรายงานรับใบเสร็จรับเงิน หลายชุด (ชีท PATTERN) บันทึกเล่มที่ เลขที่ จำนวนเงิน วันที่รับเงิน และวันที่ส่งเงิน
... A44: =ROW()-7 | B44: แบบฟอร์มประกอบงบทดลอง | C44: แบบฟอร์มเอกสารประกอบราละเอียดประกอบงบทด.zip | D44: =$B$3 | E44: ไฟล์บีบอัดชุดแบบฟอร์มเอกสารประกอบรายละเอียดงบทดลอง ปี 2568 รวม 34 ไฟล์ ดูรายชื่อในชีท «รายการในไฟล์ ZIP»

Sheet สรุปตามหมวด
A1: จำนวนไฟล์แยกตามหมวด
A2: =CONCATENATE("วันที่ได้รับ ",สรุปไฟล์!B3," · นับจากชีท สรุปไฟล์")
A4: ลำดับ | B4: หมวด | C4: จำนวนไฟล์
A5: =ROW()-4 | B5: งบการเงิน | C5: =COUNTIF(สรุปไฟล์!B:B,B5)
A6: =ROW()-4 | B6: ผังบัญชี | C6: =COUNTIF(สรุปไฟล์!B:B,B6)
A7: =ROW()-4 | B7: สมุดบัญชีและสมุดรายวัน | C7: =COUNTIF(สรุปไฟล์!B:B,B7)
A8: =ROW()-4 | B8: เงินฝากธนาคาร | C8: =COUNTIF(สรุปไฟล์!B:B,B8)
A9: =ROW()-4 | B9: ลูกหนี้ค่ารักษาพยาบาล | C9: =COUNTIF(สรุปไฟล์!B:B,B9)
A10: =ROW()-4 | B10: เจ้าหนี้ | C10: =COUNTIF(สรุปไฟล์!B:B,B10)
A11: =ROW()-4 | B11: ใบเสร็จรับเงิน | C11: =COUNTIF(สรุปไฟล์!B:B,B11)
A12: =ROW()-4 | B12: ศูนย์แพทยศาสตร์ชั้นคลินิก | C12: =COUNTIF(สรุปไฟล์!B:B,B12)
A13: =ROW()-4 | B13: ค่าเสื่อมราคาครุภัณฑ์ (งบประมาณ) | C13: =COUNTIF(สรุปไฟล์!B:B,B13)
A14: =ROW()-4 | B14: ค่าเสื่อมราคาครุภัณฑ์ (Interface) | C14: =COUNTIF(สรุปไฟล์!B:B,B14)
A15: =ROW()-4 | B15: อาคารและสิ่งปลูกสร้าง | C15: =COUNTIF(สรุปไฟล์!B:B,B15)
A16: =ROW()-4 | B16: การประเมินบัญชีภาครัฐ (GAQA) | C16: =COUNTIF(สรุปไฟล์!B:B,B16)
A17: =ROW()-4 | B17: แบบฟอร์มประกอบงบทดลอง | C17: =COUNTIF(สรุปไฟล์!B:B,B17)
B18: รวม | C18: =SUM(C5:C17)
A20: จำนวนในตารางนี้คำนวณจากชีท «สรุปไฟล์» หากเพิ่มหรือลบแถวในชีทนั้น ตัวเลขจะเปลี่ยนตาม

Sheet รายการในไฟล์ ZIP
A1: รายการในไฟล์ แบบฟอร์มเอกสารประกอบราละเอียดประกอบงบทด.zip
A2: โฟลเดอร์ภายในไฟล์: แบบฟอร์มเอกสารประกอบราละเอียดประกอบงบทดลอง 2568 · ได้รับพร้อมชุดข้อมูลวันที่ 10 ตุลาคม 2569
A3: จำนวนไฟล์ใน ZIP | B3: =COUNTA(B5:B38) | C3: ชื่อไฟล์ภาษาไทยใน ZIP ถูกบันทึกด้วยรหัสอักขระ Windows-874 จึงถอดรหัสกลับเป็นภาษาไทยในตารางนี้
A4: ลำดับ | B4: ชื่อ File | C4: เกี่ยวกับ | D4: ขนาดไฟล์ (ไบต์)
A5: =ROW()-4 | B5: 1.แบบฟอร์ม เงินสด.xls | C5: แบบฟอร์มประกอบรายละเอียดงบทดลอง ปี 2568 — แบบฟอร์ม เงินสด | D5: 49152
A6: =ROW()-4 | B6: 2.แบบฟอร์มรายงานเงินทดรองราชการ.xls | C6: แบบฟอร์มประกอบรายละเอียดงบทดลอง ปี 2568 — แบบฟอร์มรายงานเงินทดรองราชการ | D6: 33280
A7: =ROW()-4 | B7: 3.แบบฟอร์มสรุปเงินฝากธนาคาร.xls | C7: แบบฟอร์มประกอบรายละเอียดงบทดลอง ปี 2568 — แบบฟอร์มสรุปเงินฝากธนาคาร | D7: 41984
A8: =ROW()-4 | B8: 4.แบบสรุปเงินฝากไม่มีรายตัว.xls | C8: แบบฟอร์มประกอบรายละเอียดงบทดลอง ปี 2568 — แบบสรุปเงินฝากไม่มีรายตัว | D8: 39936
A9: =ROW()-4 | B9: 5.แบบฟอร์มแนบเงินฝากคลัง.xls | C9: แบบฟอร์มประกอบรายละเอียดงบทดลอง ปี 2568 — แบบฟอร์มแนบเงินฝากคลัง | D9: 153088
A10: =ROW()-4 | B10: 6.แบบฟอร์มสรุปเงินฝากหน่วยเบิกจ่ายฝากคลัง 1101020504 และ 2111020111.xls | C10: แบบฟอร์มประกอบรายละเอียดงบทดลอง ปี 2568 — แบบฟอร์มสรุปเงินฝากหน่วยเบิกจ่ายฝากคลัง 1101020504 และ 2111020111 | D10: 39424
A11: =ROW()-4 | B11: 7.แบบฟอร์มลูกหนี้เงินยืมใน งปม และ ลูกหนี้เงินยืมนอกงบประมาณ.xls | C11: แบบฟอร์มประกอบรายละเอียดงบทดลอง ปี 2568 — แบบฟอร์มลูกหนี้เงินยืมใน งปม และ ลูกหนี้เงินยืมนอกงบประมาณ | D11: 39936
A12: =ROW()-4 | B12: 8.แบบสรุปรายงานลูกหนี้เงินยืมนอกงบประมาณฝากธนาคารพาณิชย์ 1102010108.xls | C12: แบบฟอร์มประกอบรายละเอียดงบทดลอง ปี 2568 — แบบสรุปรายงานลูกหนี้เงินยืมนอกงบประมาณฝากธนาคารพาณิชย์ 1102010108 | D12: 35840
A13: =ROW()-4 | B13: 9.แบบฟอร์มสรุปรายงานลูกหนี้การค้าหน่วยงานภาครัฐ 1102050101.xls | C13: แบบฟอร์มประกอบรายละเอียดงบทดลอง ปี 2568 — แบบฟอร์มสรุปรายงานลูกหนี้การค้าหน่วยงานภาครัฐ 1102050101 | D13: 37376
A14: =ROW()-4 | B14: 10.แบบฟอร์มสรุปรายงานลูกหนี้การค้าบุคคลภายนอก 1102050102.xls | C14: แบบฟอร์มประกอบรายละเอียดงบทดลอง ปี 2568 — แบบฟอร์มสรุปรายงานลูกหนี้การค้าบุคคลภายนอก 1102050102 | D14: 42496
A15: =ROW()-4 | B15: 11.แบบสรุปรายงานค่าเผื่อหนี้ 1102050123.xls | C15: แบบฟอร์มประกอบรายละเอียดงบทดลอง ปี 2568 — แบบสรุปรายงานค่าเผื่อหนี้ 1102050123 | D15: 40960
A16: =ROW()-4 | B16: 12.แบบฟอร์ม ค้างรับกรมบัญชีกลาง 1102050124.xls | C16: แบบฟอร์มประกอบรายละเอียดงบทดลอง ปี 2568 — แบบฟอร์ม ค้างรับกรมบัญชีกลาง 1102050124 | D16: 30208
... A38: =ROW()-4 | B38: 33.แบบฟอร์ม บัญชีอื่น ๆ.xls | C38: แบบฟอร์มประกอบรายละเอียดงบทดลอง ปี 2568 — แบบฟอร์ม บัญชีอื่น ๆ | D38: 31744
