Workbook

Sheet ปกแผน
B2: โรงพยาบาลวชิระภูเก็ต
B3: ใบบันทึกผล UAT ระบบงบประมาณ
B4: ใช้คู่กับเอกสารแผนการทดสอบ และไฟล์นำเสนอ workflow
B6: ระบบ | C6: Odoo 18 · VPK Budget
B7: ฐานข้อมูล
B8: รอบทดสอบ | C8: UAT ครั้งที่ 1
B9: วันที่เริ่ม
B10: วันที่จบ
B11: ผู้ประสาน
B12: ปีงบที่ทดสอบ
B13: หน่วยงานตัวอย่าง
B16: เกณฑ์ผ่านรอบนี้: เคส P1 ผ่านทั้งหมด · ไม่มี Blocker ค้าง · ผู้แทน 4 ฝ่ายลงนาม
A18: ลำดับ | B18: ฝ่าย | C18: ผู้ทดสอบ | D18: ลงชื่อ | E18: วันที่ | F18: ผ่านภาพรวม
A19: 1 | B19: หน่วยงาน
A20: 2 | B20: งานงบประมาณ
A21: 3 | B21: พัสดุ
A22: 4 | B22: การเงิน
B24: วิธีใช้ 1) กรอกปกนี้ก่อนเริ่ม 2) เดินเคสตามลำดับในชีต “บันทึกผลเคส” 3) ถ้าไม่ผ่าน ให้เปิดรายการในชีต “บั๊ก” 4) ดูจำนวนผ่านที่ชีต “สรุป” ห้ามข้ามชุด A และ B ก่อนทำชุด D เพราะขั้นใช้งบต้องมีวงเงินที่อนุมัติแล้ว

Sheet บันทึกผลเคส
A1: รหัส | B1: ชุด | C1: P | D1: หัวข้อ | E1: ขั้นตอนโดยย่อ | F1: ผลที่ต้องเห็น | G1: ผล | H1: ผู้ทดสอบ | I1: วันที่ | J1: หลักฐาน/หมายเหตุ
A2: A01 | B2: A ข้อมูลหลัก | C2: P1 | D2: เมนูแบบฟอร์มเหลือ 4 ใบ | E2: เข้าเมนูคำของบหน่วยงาน ดูรายการแบบฟอร์ม | F2: เห็นเฉพาะ ตั้งงบวัสดุ / ครุภัณฑ์ / ก่อสร้าง / โครงการ
A3: A02 | B3: A ข้อมูลหลัก | C3: P1 | D3: เปิดแบบฟอร์มวัสดุ | E3: สร้างคำของบจากแบบฟอร์มตั้งงบวัสดุ | F3: เป็นหน้าวัสดุ มีที่กรอกรายละเอียดสินค้า
A4: A03 | B4: A ข้อมูลหลัก | C4: P1 | D4: เปิด 3 แบบฟอร์มที่เหลือ | E4: เปิดครุภัณฑ์ ก่อสร้าง โครงการ | F4: แต่ละใบคนละหน้าจอ ไม่ปนแท็บวัสดุ
A5: A04 | B5: A ข้อมูลหลัก | C5: P1 | D5: แหล่งเงินเลือกได้ | E5: เปิดคำของบ แล้วเปิดช่องแหล่งเงิน | F5: มีแหล่งเงินที่ใช้จริง เช่น เงินบำรุง งบประมาณ UC
A6: A05 | B6: A ข้อมูลหลัก | C6: P1 | D6: แผนประจำปีพร้อมใช้ | E6: เลือกแผนงบประมาณประจำปี | F6: มีแผนปีที่ทดสอบ และมีช่วงวันที่
A7: A06 | B7: A ข้อมูลหลัก | C7: P1 | D7: สิทธิ์หน่วยงาน | E7: login user หน่วยงาน แล้วหาเมนูกำหนดค่า master | F7: เข้าแก้ไข master ไม่ได้
A8: A07 | B8: A ข้อมูลหลัก | C8: P2 | D8: สิทธิ์งานงบ | E8: login user งานงบ เข้าเมนูกำหนดค่า | F8: แก้แหล่งเงิน / แบบฟอร์ม / กลุ่มวัสดุได้
A9: B01 | B9: B ตั้งงบผ่าน | C9: P1 | D9: หน่วยงานส่งคำของบวัสดุ | E9: สร้างใบวัสดุ กรอกเหตุผล รายการ รายละเอียดสินค้า ยอดขอ เช่น 10,000 แล้วส่ง | F9: สถานะ Submitted to Budget Unit
A10: B02 | B10: B ตั้งงบผ่าน | C10: P1 | D10: งานงบรับเรื่อง | E10: login งานงบ เปิดใบจาก B01 กดรับเรื่อง | F10: สถานะ Received by Budget Unit
A11: B03 | B11: B ตั้งงบผ่าน | C11: P1 | D11: ใส่ยอดจัดสรร | E11: เริ่มพิจารณา ใส่ยอดจัดสรรครบทุกบรรทัด น้อยกว่ายอดขอ เช่น 8,000 | F11: บันทึกได้
A12: B04 | B12: B ตั้งงบผ่าน | C12: P1 | D12: อนุมัติวัสดุเข้าแผน | E12: กดอนุมัติ | F12: สถานะ Approved มีบรรทัดในแผนปี ยอดใช้จ่าย = ยอดจัดสรร
A13: B05 | B13: B ตั้งงบผ่าน | C13: P1 | D13: อนุมัติครุภัณฑ์ | E13: ทำ B01–B04 ซ้ำด้วยแบบฟอร์มครุภัณฑ์ | F13: เข้าแผนหมวดครุภัณฑ์
... A40: F04 | B40: F สรุปผล | C40: P2 | D40: ส่งออกรายงานวัสดุ | E40: พิมพ์หรือส่งออกถ้าใช้ในรอบนี้ | F40: เปิดได้ ยอดรวมตรง

Sheet บั๊ก
A1: รหัสบั๊ก | B1: เคสที่พบ | C1: ระดับ | D1: สรุปปัญหา | E1: ขั้นตอนที่เกิด | F1: ผลที่คาด | G1: ผลที่เกิดจริง | H1: ผู้พบ | I1: วันที่ | J1: สถานะแก้
A2: BUG-01
A3: BUG-02
A4: BUG-03
A5: BUG-04
A6: BUG-05
A7: BUG-06
A8: BUG-07
A9: BUG-08
A10: BUG-09
A11: BUG-10
A12: BUG-11
A13: BUG-12
... A20: BUG-19

Sheet สรุป
B2: สรุปผลการทดสอบระบบงบประมาณ
B4: ชุด | C4: ทั้งหมด | D4: ผ่าน | E4: ไม่ผ่าน | F4: ข้าม | G4: ยังไม่ทำ | H4: % ผ่าน P1
A5: 1 | B5: A ข้อมูลหลัก | C5: =COUNTIF('บันทึกผลเคส'!A:A,"A*") | D5: =COUNTIFS('บันทึกผลเคส'!A:A,"A*",'บันทึกผลเคส'!G:G,"ผ่าน") | E5: =COUNTIFS('บันทึกผลเคส'!A:A,"A*",'บันทึกผลเคส'!G:G,"ไม่ผ่าน") | F5: =COUNTIFS('บันทึกผลเคส'!A:A,"A*",'บันทึกผลเคส'!G:G,"ข้าม") | G5: =C5-D5-E5-F5 | H5: =IFERROR(COUNTIFS('บันทึกผลเคส'!A:A,"A*",'บันทึกผลเคส'!C:C,"P1",'บันทึกผลเคส'!G:G,"ผ่าน")/COUNTIFS('บันทึกผลเคส'!A:A,"A*",'บันทึกผลเคส'!C:C,"P1"),0)
A6: 2 | B6: B ตั้งงบผ่าน | C6: =COUNTIF('บันทึกผลเคส'!A:A,"B*") | D6: =COUNTIFS('บันทึกผลเคส'!A:A,"B*",'บันทึกผลเคส'!G:G,"ผ่าน") | E6: =COUNTIFS('บันทึกผลเคส'!A:A,"B*",'บันทึกผลเคส'!G:G,"ไม่ผ่าน") | F6: =COUNTIFS('บันทึกผลเคส'!A:A,"B*",'บันทึกผลเคส'!G:G,"ข้าม") | G6: =C6-D6-E6-F6 | H6: =IFERROR(COUNTIFS('บันทึกผลเคส'!A:A,"B*",'บันทึกผลเคส'!C:C,"P1",'บันทึกผลเคส'!G:G,"ผ่าน")/COUNTIFS('บันทึกผลเคส'!A:A,"B*",'บันทึกผลเคส'!C:C,"P1"),0)
A7: 3 | B7: C กติกากันได้ | C7: =COUNTIF('บันทึกผลเคส'!A:A,"C*") | D7: =COUNTIFS('บันทึกผลเคส'!A:A,"C*",'บันทึกผลเคส'!G:G,"ผ่าน") | E7: =COUNTIFS('บันทึกผลเคส'!A:A,"C*",'บันทึกผลเคส'!G:G,"ไม่ผ่าน") | F7: =COUNTIFS('บันทึกผลเคส'!A:A,"C*",'บันทึกผลเคส'!G:G,"ข้าม") | G7: =C7-D7-E7-F7 | H7: =IFERROR(COUNTIFS('บันทึกผลเคส'!A:A,"C*",'บันทึกผลเคส'!C:C,"P1",'บันทึกผลเคส'!G:G,"ผ่าน")/COUNTIFS('บันทึกผลเคส'!A:A,"C*",'บันทึกผลเคส'!C:C,"P1"),0)
A8: 4 | B8: D ใช้งบ | C8: =COUNTIF('บันทึกผลเคส'!A:A,"D*") | D8: =COUNTIFS('บันทึกผลเคส'!A:A,"D*",'บันทึกผลเคส'!G:G,"ผ่าน") | E8: =COUNTIFS('บันทึกผลเคส'!A:A,"D*",'บันทึกผลเคส'!G:G,"ไม่ผ่าน") | F8: =COUNTIFS('บันทึกผลเคส'!A:A,"D*",'บันทึกผลเคส'!G:G,"ข้าม") | G8: =C8-D8-E8-F8 | H8: =IFERROR(COUNTIFS('บันทึกผลเคส'!A:A,"D*",'บันทึกผลเคส'!C:C,"P1",'บันทึกผลเคส'!G:G,"ผ่าน")/COUNTIFS('บันทึกผลเคส'!A:A,"D*",'บันทึกผลเคส'!C:C,"P1"),0)
A9: 5 | B9: E จับคู่มิติ | C9: =COUNTIF('บันทึกผลเคส'!A:A,"E*") | D9: =COUNTIFS('บันทึกผลเคส'!A:A,"E*",'บันทึกผลเคส'!G:G,"ผ่าน") | E9: =COUNTIFS('บันทึกผลเคส'!A:A,"E*",'บันทึกผลเคส'!G:G,"ไม่ผ่าน") | F9: =COUNTIFS('บันทึกผลเคส'!A:A,"E*",'บันทึกผลเคส'!G:G,"ข้าม") | G9: =C9-D9-E9-F9 | H9: =IFERROR(COUNTIFS('บันทึกผลเคส'!A:A,"E*",'บันทึกผลเคส'!C:C,"P1",'บันทึกผลเคส'!G:G,"ผ่าน")/COUNTIFS('บันทึกผลเคส'!A:A,"E*",'บันทึกผลเคส'!C:C,"P1"),0)
A10: 6 | B10: F สรุปผล | C10: =COUNTIF('บันทึกผลเคส'!A:A,"F*") | D10: =COUNTIFS('บันทึกผลเคส'!A:A,"F*",'บันทึกผลเคส'!G:G,"ผ่าน") | E10: =COUNTIFS('บันทึกผลเคส'!A:A,"F*",'บันทึกผลเคส'!G:G,"ไม่ผ่าน") | F10: =COUNTIFS('บันทึกผลเคส'!A:A,"F*",'บันทึกผลเคส'!G:G,"ข้าม") | G10: =C10-D10-E10-F10 | H10: =IFERROR(COUNTIFS('บันทึกผลเคส'!A:A,"F*",'บันทึกผลเคส'!C:C,"P1",'บันทึกผลเคส'!G:G,"ผ่าน")/COUNTIFS('บันทึกผลเคส'!A:A,"F*",'บันทึกผลเคส'!C:C,"P1"),0)
B12: รวมทุกชุด | C12: =SUM(C5:C10) | D12: =SUM(D5:D10) | E12: =SUM(E5:E10) | F12: =SUM(F5:F10) | G12: =SUM(G5:G10) | H12: =IFERROR(COUNTIFS('บันทึกผลเคส'!C:C,"P1",'บันทึกผลเคส'!G:G,"ผ่าน")/COUNTIF('บันทึกผลเคส'!C:C,"P1"),0)
B15: ตัดสินใจ: ผ่าน UAT และไป Go-Live ได้ / ผ่านแบบมีเงื่อนไข / ต้องทดสอบซ้ำ เงื่อนไขที่ค้าง: ................................................................. ลงนามผู้ประสาน: .................................... วันที่: ................
