Workbook

Sheet แยกประเภทเงินบำรุงศูนย์แพทย 
A1: แยกประเภทเงินบำรุง - ศูนย์แพทย์ศาสตร์ชั้นคลีนิค
A2: ประจำเดือน ตุลาคม 2568
A4: พ.ศ. | B4: 45931 | C4: ที่ | D4: เลขที่เช็ค | E4: รายการ | F4: บริษัท/ห้าง/ร้าน/บุคคล | G4: เดบิต | H4: เครดิต | I4: ยอดคงเหลือ
A5: เดือน | B5: วันที่ | C5: เอกสาร
A6: 44105 | E6: ยอดยกมา | I6: 17088815
E7: รวมประจำเดือน | G7: 0 | H7: 0 | I7: =+I6 -> 17088815
A9: แยกประเภทเงินบำรุง - ศูนย์แพทย์ศาสตร์ชั้นคลีนิค
A10: ประจำเดือน พฤศจิกายน 2568
A12: พ.ศ. | B12: 45931 | C12: ที่ | D12: เลขที่เช็ค | E12: รายการ | F12: บริษัท/ห้าง/ร้าน/บุคคล | G12: เดบิต | H12: เครดิต | I12: ยอดคงเหลือ
A13: เดือน | B13: วันที่ | C13: เอกสาร
A14: พ.ย. | E14: ยอดยกมา | G14: 0 | H14: 0 | I14: 17088815
E15: รวมประจำปี | G15: 0 | H15: 0 | I15: 17088815 | J15: =+#REF!-I15 -> #REF! | K15: =85.67+85.67 -> 171.34
A17: แยกประเภทเงินบำรุง - ศูนย์แพทย์ศาสตร์ชั้นคลีนิค
A18: ประจำเดือน ธันวาคม 2568
A20: พ.ศ. | B20: 45931 | C20: ที่ | D20: เลขที่เช็ค | E20: รายการ | F20: บริษัท/ห้าง/ร้าน/บุคคล | G20: เดบิต | H20: เครดิต | I20: ยอดคงเหลือ
A21: เดือน | B21: วันที่ | C21: เอกสาร
A22: ธ.ค. | E22: ยอดยกมา | G22: 0 | H22: 0 | I22: 17088815
B23: 4 | C23: OE6900636 | D23: 10718730 | E23: ค่าซ่อมน้ำรั่วห้องพักนักศึกษาแพทย์ | F23: นางสาววิชชุกร วิเชียรธร | G23: 41827.5
C24: JV68120003 | E24: ภาษี | G24: 422.5
B25: 23 | C25: OE6900714 | D25: 10718731 | E25: ค่าติดตั้งเหล็กกันตก ค่าติดตั้งกันสาดหน้าต่าง | F25: นางสาววิชชุกร วิเชียรธร | G25: 117290.25
C26: JV681223007 | E26: ภาษี | G26: 1184.75
C27: OE6900715 | E27: ค่ากำจัดปลวก | F27: บจก.ไทยซัคเซสโซลูชั่น | G27: 9080.99
C28: JV681223008 | E28: ภาษี | G28: 85.67
C29: OE6900716 | E29: ค่ากำจัดปลวก ก.ย.69 | F29: บจก.ไทยซัคเซสโซลูชั่น | G29: 9080.99
C30: JV681223009 | E30: ภาษี | G30: 85.67
C31: OE6900717 | E31: ค่ากำจัดปลวก ต.ค.68 | F31: บจก.ไทยซัคเซสโซลูชั่น | G31: 9080.99
C32: JV681223010 | E32: ภาษี | G32: 85.67
C33: OE6900718 | E33: ค่ากำจัดปลวก พ.ย.68 | F33: บจก.ไทยซัคเซสโซลูชั่น | G33: 9081.23
C34: JV681223001 | E34: ภาษี | G34: 85.67
E35: รวมประจำเดือน | G35: =SUM(G23:G34) -> 197391.88 | H35: =SUM(H23:H34) -> 0 | I35: =+I22+H35-G35 -> 16891423 | K35: =+G24+G26+G28+G30+G32+G34 -> 1949.93
E36: รวมประจำปี | G36: =+G22+G35 -> 197391.88 | H36: =+H22+H35 -> 0 | I36: =+I6+H36-G36 -> 16891423
A38: แยกประเภทเงินบำรุง - ศูนย์แพทย์ศาสตร์ชั้นคลีนิค
A39: ประจำเดือน มกราคม 2569
A41: พ.ศ. | B41: 46296 | C41: ที่ | D41: เลขที่เช็ค | E41: รายการ | F41: บริษัท/ห้าง/ร้าน/บุคคล | G41: เดบิต | H41: เครดิต | I41: ยอดคงเหลือ
A42: เดือน | B42: วันที่ | C42: เอกสาร
A43: ม.ค. | E43: ยอดยกมา | G43: 197391.88 | H43: 0 | I43: 16891423
E44: รวมประจำปี | G44: =+G43 -> 197391.88 | H44: =+H43 -> 0 | I44: 16891423 | J44: =+#REF!-I44 -> #REF!
A46: แยกประเภทเงินบำรุง - ศูนย์แพทย์ศาสตร์ชั้นคลีนิค
A47: ประจำเดือน มีนาคม 2569
A49: พ.ศ. | B49: 46296 | C49: ที่ | D49: เลขที่เช็ค | E49: รายการ | F49: บริษัท/ห้าง/ร้าน/บุคคล | G49: เดบิต | H49: เครดิต | I49: ยอดคงเหลือ
A50: เดือน | B50: วันที่ | C50: เอกสาร
A51: มี.ค. | E51: ยอดยกมา | G51: 197391.88 | H51: 0 | I51: 16891423
B52: 23 | C52: OE6901578 | D52: 10718736 | E52: ค่าธรรมเนียมการสอบประมวลความรู้ส่วนที่ 3 | F52: คณะแพทย์ศาสตร์ มหาวิทยาลัยสงขลานครินทร์ | G52: 82500
E53: รวมประจำเดือน | G53: =SUM(G52:G52) -> 82500 | H53: =SUM(H52:H52) -> 0 | I53: =+I51+H53-G53 -> 16808923
E54: รวมประจำปี | G54: =+G51+G53 -> 279891.88 | H54: =+H51+H53 -> 0 | I54: =+I6+H54-G54 -> 16808923 | J54: =+I53-I54 -> 0
A56: แยกประเภทเงินบำรุง - ศูนย์แพทย์ศาสตร์ชั้นคลีนิค
A57: ประจำเดือน เมษายน 2569
A59: พ.ศ. | B59: 46296 | C59: ที่ | D59: เลขที่เช็ค | E59: รายการ | F59: บริษัท/ห้าง/ร้าน/บุคคล | G59: เดบิต | H59: เครดิต | I59: ยอดคงเหลือ
A60: เดือน | B60: วันที่ | C60: เอกสาร
A61: เม.ย. | E61: ยอดยกมา | G61: 279891.88 | H61: 0 | I61: 16808923
B62: 7 | C62: OE6901749 | D62: 10718736 | E62: ค่ากำจัดปลวก ม.ค.69 | F62: บจก. ไทยซัคเซสโซลูชั่น | G62: 9080.99
C63: JV690407009 | E63: ภาษี | G63: 85.67
C64: OE6901750 | D64: 10718738 | E64: ค่ากำจัดปลวก ก.พ.69 | F64: บจก. ไทยซัคเซสโซลูชั่น | G64: 9080.99
C65: JV690407010 | E65: ภาษี | G65: 85.67
B66: 20 | C66: OE6901751 | D66: 10718740 | E66: ค่าธรรมเนียมการสอบประมวลความรู้ส่วนที่ 3 ครั้งที่2 | F66: คณะแพทยศาสตร์ มหาวิทยาลัยสงขลานครินทร์ | G66: 2000
B67: 27 | C67: OE6901845 | D67: 10718741 | E67: ค่าซ่อมแซมห้องน้ำ ห้องสอบ | F67: นางสาววิชชุกร วิเชียรธร | G67: 89176.23
C68: JV690427002 | E68: ภาษี | G68: 900.77
E69: รวมประจำเดือน | G69: =SUM(G62:G68) -> 110410.32 | H69: =SUM(H62:H68) -> 0 | I69: =+I61+H69-G69 -> 16698513 | J69: =+G63+G65+G68 -> 1072.11
E70: รวมประจำปี | G70: =+G61+G69 -> 390302.2 | H70: =+H61+H69 -> 0 | I70: =+I6+H70-G70 -> 16698513
A72: แยกประเภทเงินบำรุง - ศูนย์แพทย์ศาสตร์ชั้นคลีนิค
A73: ประจำเดือน พ.ค.2569
A75: พ.ศ. | B75: 46296 | C75: ที่ | D75: เลขที่เช็ค | E75: รายการ | F75: บริษัท/ห้าง/ร้าน/บุคคล | G75: เดบิต | H75: เครดิต | I75: ยอดคงเหลือ
A76: เดือน | B76: วันที่ | C76: เอกสาร
A77: พ.ค. | E77: ยอดยกมา | G77: 390302.2 | H77: 0 | I77: 16698513
B78: 5 | C78: OE6901973 | D78: 10718743 | E78: ค่าธรรมเนียมการสอบประมวลความรู้ส่วนที่2 ปี68 | F78: คณะแพทย์ศาสตร์ มหาวิทยาลัยสงขลานครินทร์ | G78: 11000
E79: รวมประจำเดือน | G79: =SUM(G78:G78) -> 11000 | H79: =SUM(H78:H78) -> 0 | I79: =+I77+H79-G79 -> 16687513 | K79: =+#REF!+#REF!+#REF! -> #REF!
E80: รวมประจำปี | G80: =+G77+G79 -> 401302.2 | H80: =+H77+H79 -> 0 | I80: =+I6+H80-G80 -> 16687513 | J80: =+I79-I80 -> 0
A82: แยกประเภทเงินบำรุง - ศูนย์แพทย์ศาสตร์ชั้นคลีนิค
A83: ประจำเดือน มิถุนายน 2569
A85: พ.ศ. | B85: 46296 | C85: ที่ | D85: เลขที่เช็ค | E85: รายการ | F85: บริษัท/ห้าง/ร้าน/บุคคล | G85: เดบิต | H85: เครดิต | I85: ยอดคงเหลือ
A86: เดือน | B86: วันที่ | C86: เอกสาร
A87: มิ.ย. | E87: ยอดยกมา | G87: 401302.2 | H87: 0 | I87: 16687513
B88: 9 | C88: OE6902361 | D88: 10718746 | E88: ค่าติดตั้งม่านม้วน กันแสง UV ร้านสากลผ้าม่าน | F88: นายศุภกิจ แซ่ว่อง | G88: 36432
C89: JV690609007 | E89: ภาษี | G89: 368
B90: 25 | C90: OE6902369 | D90: 10718749 | E90: ค่าปรับปรุงห้องพัก นศพ. | F90: นางสาววิชชุกร วิเซียรธร | G90: 69858.36
C91: JV690625006 | E91: ภาษี | G91: 705.64
B92: 29 | C92: OE6902362 | D92: 10718750 | E92: ค่ากำจัดปลวก มี.ค.-พ.ค.69 | F92: บจก.ไทยซัคเซสโซลูชั่น | G92: 27242.97
C93: JV690629001 | E93: ภาษี | G93: 257.01
E94: รวมประจำเดือน | G94: =SUM(G88:G93) -> 134863.98 | H94: =SUM(H88:H93) -> 0 | I94: =+I87+H94-G94 -> 16552649 | K94: =+G89+G91+G93 -> 1330.65
E95: รวมประจำปี | G95: =+G87+G94 -> 536166.18 | H95: =+H87+H94 -> 0 | I95: =+I6+H95-G95 -> 16552649 | J95: =+I94-I95 -> 0
A97: แยกประเภทเงินบำรุง - ศูนย์แพทย์ศาสตร์ชั้นคลีนิค
A98: ประจำเดือน กรกฎาคม 2569
A100: พ.ศ. | B100: 46296 | C100: ที่ | D100: เลขที่เช็ค | E100: รายการ | F100: บริษัท/ห้าง/ร้าน/บุคคล | G100: เดบิต | H100: เครดิต | I100: ยอดคงเหลือ
A101: เดือน | B101: วันที่ | C101: เอกสาร
A102: ก.ค. | E102: ยอดยกมา | G102: 536166.18 | H102: 0 | I102: 16552649
E103: รวมประจำปี | G103: =+G102 -> 536166.18 | H103: =+H102 -> 0 | I103: =+I6+H103-G103 -> 16552649
A105: แยกประเภทเงินบำรุง - ศูนย์แพทย์ศาสตร์ชั้นคลีนิค
A106: ประจำเดือน สิงหาคม 2569
A108: พ.ศ. | B108: 46296 | C108: ที่ | D108: เลขที่เช็ค | E108: รายการ | F108: บริษัท/ห้าง/ร้าน/บุคคล | G108: เดบิต | H108: เครดิต | I108: ยอดคงเหลือ
A109: เดือน | B109: วันที่ | C109: เอกสาร
A110: ส.ค. | E110: ยอดยกมา | G110: 536166.18 | H110: 0 | I110: 16552649
B111: 13 | C111: OE6902776 | D111: 10718755 | E111: ค่าซ่อมน้ำรั่วเข้าลิฟท์ | F111: หจก.พัฒนสุธาคาร | G111: 93810
C112: JV690817012 | E112: ภาษี | G112: 885
E113: รวมประจำเดือน | G113: =SUM(G111:G112) -> 94695 | H113: =SUM(H111:H112) -> 0 | I113: =+I110+H113-G113 -> 16457954 | K113: =+G112+#REF!+#REF! -> #REF!
E114: รวมประจำปี | G114: =+G110+G113 -> 630861.18 | H114: =+H110+H113 -> 0 | I114: =+I6+H114-G114 -> 16457954 | J114: =+I113-I114 -> 0
A115: แยกประเภทเงินบำรุง - ศูนย์แพทย์ศาสตร์ชั้นคลีนิค
A116: ประจำเดือน กันยายน 2569
A118: พ.ศ. | B118: 46296 | C118: ที่ | D118: เลขที่เช็ค | E118: รายการ | F118: บริษัท/ห้าง/ร้าน/บุคคล | G118: เดบิต | H118: เครดิต | I118: ยอดคงเหลือ
A119: เดือน | B119: วันที่ | C119: เอกสาร
A120: ก.ย. | E120: ยอดยกมา | G120: 630861.18 | H120: 0 | I120: 16457954
...

Sheet ศูนย์แพทย์เงินบำรุง44-3 รายวัน
A1: เงินฝากธนาคารกระแสรายวัน เลขที่บัญชี 805-6-05844-3
A2: ประจำเดือน ตุลาคม 2568
A4: พ.ศ. | B4: 45931 | C4: ที่ | D4: เลขที่เช็ค | E4: รายการ | F4: บริษัท/ห้าง/ร้าน/บุคคล | G4: เดบิต | H4: เครดิต | I4: ยอดคงเหลือ
A5: เดือน | B5: วันที่ | C5: เอกสาร
A6: 44105 | E6: ยอดยกมา | I6: 17088986
B7: 9 | C7: OE6900067 | E7: ภาษี เดือน ก.ย.68 ภงด.53 | F7: กรมสรรพกร | H7: 171.34
E8: รวมประจำเดือน | G8: =SUM(G7) -> 0 | H8: =SUM(H7) -> 171.34 | I8: =+I6+G8-H8 -> 17088815 | K8: ภาษี ต.ค. 64
E9: รวมประจำปี | G9: =+G8+G6 -> 0 | H9: =+H8+H6 -> 171.34 | I9: =+I6+G9-H9 -> 17088815
A11: เงินฝากธนาคารกระแสรายวัน เลขที่บัญชี 805-6-05844-3
A12: ประจำเดือน พฤศจิกายน 2568
A14: พ.ศ. | B14: 45931 | C14: ที่ | D14: เลขที่เช็ค | E14: รายการ | F14: บริษัท/ห้าง/ร้าน/บุคคล | G14: เดบิต | H14: เครดิต | I14: ยอดคงเหลือ
A15: เดือน | B15: วันที่ | C15: เอกสาร
A16: พ.ย. | E16: ยอดยกมา | G16: 0 | H16: 171.34 | I16: 17088815
E17: รวมประจำปี | G17: 0 | H17: 171.34 | I17: 17088815
A19: เงินฝากธนาคารกระแสรายวัน เลขที่บัญชี 805-6-05844-3
A20: ประจำเดือน ธันวาคม 2568
A22: พ.ศ. | B22: 45931 | C22: ที่ | D22: เลขที่เช็ค | E22: รายการ | F22: บริษัท/ห้าง/ร้าน/บุคคล | G22: เดบิต | H22: เครดิต | I22: ยอดคงเหลือ
A23: เดือน | B23: วันที่ | C23: เอกสาร
A24: ธ.ค. | E24: ยอดยกมา | G24: 0 | H24: 171.34 | I24: 17088815
B25: 4 | C25: OE6900636 | D25: 10718730 | E25: ค่าซ่อมน้ำรั่วห้องพักนักศึกษาแพทย์ | F25: นางสาววิชชุกร วิเชียรธร | H25: 41827.5
B26: 23 | C26: OE6900714 | D26: 10718731 | E26: ค่าติดตั้งเหล็กกันตก ค่าติดตั้งกันสาดหน้าต่าง | F26: นางสาววิชชุกร วิเชียรธร | H26: 117290.25
C27: OE6900715 | E27: ค่ากำจัดปลวก | F27: บจก.ไทยซัคเซสโซลูชั่น | H27: 9080.99
C28: OE6900716 | E28: ค่ากำจัดปลวก ก.ย.69 | F28: บจก.ไทยซัคเซสโซลูชั่น | H28: 9080.99
C29: OE6900717 | E29: ค่ากำจัดปลวก ต.ค.68 | F29: บจก.ไทยซัคเซสโซลูชั่น | H29: 9080.99
C30: OE6900718 | E30: ค่ากำจัดปลวก พ.ย.68 | F30: บจก.ไทยซัคเซสโซลูชั่น | H30: 9081.23
E31: รวมประจำเดือน | G31: =SUM(G25:G30) -> 0 | H31: =SUM(H25:H30) -> 195441.95 | I31: =+I24-H31 -> 16893373
E32: รวมประจำปี | G32: =+G24+G31 -> 0 | H32: =+H24+H31 -> 195613.29 | I32: =+I6+G32-H32 -> 16893373
A34: เงินฝากธนาคารกระแสรายวัน เลขที่บัญชี 805-6-05844-3
A35: ประจำเดือน มกราคม 2569
A37: พ.ศ. | B37: 46296 | C37: ที่ | D37: เลขที่เช็ค | E37: รายการ | F37: บริษัท/ห้าง/ร้าน/บุคคล | G37: เดบิต | H37: เครดิต | I37: ยอดคงเหลือ
A38: เดือน | B38: วันที่ | C38: เอกสาร
A39: ม.ค. | E39: ยอดยกมา | G39: 0 | H39: 195613.29 | I39: 16893373
B40: 9 | C40: OE6900946 | E40: ภาษี เดือน ธ.ค.68 ภงด.53 | F40: กรมสรรพกร | H40: 342.68
C41: OE6900947 | E41: ภาษี เดือน ธ.ค.68 ภงด.54 | F41: กรมสรรพกร | H41: 1607.25
E42: รวมประจำเดือน | G42: =SUM(G40:G41) -> 0 | H42: =SUM(H40:H41) -> 1949.93 | I42: =+I39+G42-H42 -> 16891423
E43: รวมประจำปี | G43: =+G39+G42 -> 0 | H43: =+H39+H42 -> 197563.22 | I43: =+I6+G43-H43 -> 16891423 | J43: =+I42-I43 -> 0
A45: เงินฝากธนาคารกระแสรายวัน เลขที่บัญชี 805-6-05844-3
A46: ประจำเดือน มีนาคม 2569
A48: พ.ศ. | B48: 46296 | C48: ที่ | D48: เลขที่เช็ค | E48: รายการ | F48: บริษัท/ห้าง/ร้าน/บุคคล | G48: เดบิต | H48: เครดิต | I48: ยอดคงเหลือ
A49: เดือน | B49: วันที่ | C49: เอกสาร
A50: มี.ค. | E50: ยอดยกมา | G50: 0 | H50: 197563.22 | I50: 16891423
B51: 23 | C51: OE6901578 | D51: 10718736 | E51: ค่าธรรมเนียมการสอบประมวลความรู้ส่วนที่3 | F51: คณะแพทย์ศาสตร์มหาวิทยาลัยสงขลานครรินทร์ | H51: 82500
E52: รวมประจำเดือน | G52: =SUM(G51) -> 0 | H52: =SUM(H51) -> 82500 | I52: =+I50+G52-H52 -> 16808923
E53: รวมประจำปี | G53: =+G50+G52 -> 0 | H53: =+H50+H52 -> 280063.22 | I53: =+I6+G53-H53 -> 16808923 | J53: =+#REF!-I53 -> #REF!
A55: เงินฝากธนาคารกระแสรายวัน เลขที่บัญชี 805-6-05844-3
A56: ประจำเดือน เมษายน 2569
A58: พ.ศ. | B58: 46296 | C58: ที่ | D58: เลขที่เช็ค | E58: รายการ | F58: บริษัท/ห้าง/ร้าน/บุคคล | G58: เดบิต | H58: เครดิต | I58: ยอดคงเหลือ
A59: เดือน | B59: วันที่ | C59: เอกสาร
A60: เม.ย. | E60: ยอดยกมา | G60: 0 | H60: 280063.22 | I60: 16808923
B61: 7 | C61: OE6901749 | D61: 10718736 | E61: ค่ากำจัดปลวก ม.ค.69 | F61: บจก. ไทยซัคเซสโซลูชั่น | H61: 9080.99
C62: OE6901750 | D62: 10718738 | E62: ค่ากำจัดปลวก ก.พ.69 | F62: บจก. ไทยซัคเซสโซลูชั่น | H62: 9080.99
B63: 20 | C63: OE6901751 | D63: 10718740 | E63: ค่าธรรมเนียมการสอบประมวลความรู้ส่วนที่ 3 ครั้งที่2 | F63: คณะแพทยศาสตร์ มหาวิทยาลัยสงขลานครินทร์ | H63: 2000
B64: 27 | C64: OE6901845 | D64: 10718741 | E64: ค่าซ่อมแซมห้องน้ำ ห้องสอบ | F64: นางสาววิชชุกร วิเชียรธร | H64: 89176.23
E65: รวมประจำเดือน | G65: =SUM(G61:G64) -> 0 | H65: =SUM(H61:H64) -> 109338.21 | I65: =+I60+G65-H65 -> 16699585 | K65: ภาษี มีค. 64 | L65: ภาษี รายตัวตามแยกประเภท
E66: รวมประจำปี | G66: =+G60+G65 -> 0 | H66: =+H60+H65 -> 389401.43 | I66: =+I6+G66-H66 -> 16699585 | J66: =+I65-I66 -> 0 | K66: =+[1]แยกประเภทเงินบำรุง!G94+'ศูนย์แพทย์เงินบำรุง44-3 รายวัน'!#REF!-'ศูนย์แพทย์เงินบำรุง44-3 รายวัน'!H65 -> #REF! | L66: =+[1]แยกประเภทเงินบำรุง!G81+[1]แยกประเภทเงินบำรุง!G84+[1]แยกประเภทเงินบำรุง!G86+[1]แยกประเภทเงินบำรุง!G88+[1]แยกประเภทเงินบำรุง!G90+[1]แยกประเภทเงินบำรุง!G93 -> #REF!
A68: เงินฝากธนาคารกระแสรายวัน เลขที่บัญชี 805-6-05844-3
A69: ประจำเดือน พ.ค. 2569
A71: พ.ศ. | B71: 46296 | C71: ที่ | D71: เลขที่เช็ค | E71: รายการ | F71: บริษัท/ห้าง/ร้าน/บุคคล | G71: เดบิต | H71: เครดิต | I71: ยอดคงเหลือ
A72: เดือน | B72: วันที่ | C72: เอกสาร
A73: พ.ค. | E73: ยอดยกมา | G73: 0 | H73: 389401.43 | I73: 16699585
B74: 5 | C74: OE6901973 | D74: 10718743 | E74: ค่าธรรมเนียมการสอบประมวลความรู้ส่วนที่2 ปี68 | F74: คณะแพทย์ศาสตร์ มหาวิทยาลัยสงขลานครินทร์ | H74: 11000
B75: 12 | C75: OE6901971 | E75: ภาษี เดือน เม.ย.69 ภงด.53 | F75: กรมสรรพกร | H75: 900.77
C76: OE6901972 | E76: ภาษี เดือน เม.ย.69 ภงด.54 | F76: กรมสรรพกร | H76: 171.34
E77: รวมประจำเดือน | G77: =SUM(G74:G76) -> 0 | H77: =SUM(H74:H76) -> 12072.11 | I77: =+I73+G77-H77 -> 16687513 | K77: ภาษี เม.ย. 64 | L77: ภาษี รายตัวตามแยกประเภท
E78: รวมประจำปี | G78: =+G73+G77 -> 0 | H78: =+H73+H77 -> 401473.54 | I78: =+I6+G78-H78 -> 16687513 | J78: =+I77-I78 -> 0 | K78: =+[1]แยกประเภทเงินบำรุง!G110+'ศูนย์แพทย์เงินบำรุง44-3 รายวัน'!#REF!-'ศูนย์แพทย์เงินบำรุง44-3 รายวัน'!H77 -> #REF! | L78: =+[1]แยกประเภทเงินบำรุง!G104+[1]แยกประเภทเงินบำรุง!G107+[1]แยกประเภทเงินบำรุง!G109 -> #REF! | M78: =+K78-L78 -> #REF!
A80: เงินฝากธนาคารกระแสรายวัน เลขที่บัญชี 805-6-05844-3
A81: ประจำเดือน มิถุนายน 2569
A83: พ.ศ. | B83: 46296 | C83: ที่ | D83: เลขที่เช็ค | E83: รายการ | F83: บริษัท/ห้าง/ร้าน/บุคคล | G83: เดบิต | H83: เครดิต | I83: ยอดคงเหลือ
A84: เดือน | B84: วันที่ | C84: เอกสาร
A85: มิ.ย. | E85: ยอดยกมา | G85: 0 | H85: 401473.54 | I85: 16687513
B86: 9 | C86: OE6902361 | D86: 10718746 | E86: ค่าติดตั้งม่านม้วน กันแสง UV ร้านสากลผ้าม่าน | F86: นายศุภกิจ แซ่ว่อง | H86: 36432
B87: 25 | C87: OE6902369 | D87: 10718749 | E87: ค่าปรับปรุงห้องพัก นศพ. | F87: นางสาววิชชุกร วิเซียรธร | H87: 69858.36
B88: 29 | C88: OE6902362 | D88: 10718750 | E88: ค่ากำจัดปลวก มี.ค.-พ.ค.69 | F88: บจก.ไทยซัคเซสโซลูชั่น | H88: 27242.97
E89: รวมประจำเดือน | G89: =SUM(G86:G88) -> 0 | H89: =SUM(H86:H88) -> 133533.33 | I89: =+I85+G89-H89 -> 16553979 | K89: ภาษี พ.ค. 64 | L89: ภาษี รายตัวตามแยกประเภท
E90: รวมประจำปี | G90: =+G85+G89 -> 0 | H90: =+H85+H89 -> 535006.87 | I90: =+I6+G90-H90 -> 16553979 | J90: =+I89-I90 -> 0 | K90: =+[1]แยกประเภทเงินบำรุง!G129+'ศูนย์แพทย์เงินบำรุง44-3 รายวัน'!#REF!-'ศูนย์แพทย์เงินบำรุง44-3 รายวัน'!H89 -> #REF! | L90: =+[1]แยกประเภทเงินบำรุง!G119+[1]แยกประเภทเงินบำรุง!G121+[1]แยกประเภทเงินบำรุง!G123+[1]แยกประเภทเงินบำรุง!G125+[1]แยกประเภทเงินบำรุง!G127 -> #REF! | M90: =+K90-L90 -> #REF!
A92: เงินฝากธนาคารกระแสรายวัน เลขที่บัญชี 805-6-05844-3
A93: ประจำเดือน กรกฎาคม 2569
A95: พ.ศ. | B95: 46296 | C95: ที่ | D95: เลขที่เช็ค | E95: รายการ | F95: บริษัท/ห้าง/ร้าน/บุคคล | G95: เดบิต | H95: เครดิต | I95: ยอดคงเหลือ
A96: เดือน | B96: วันที่ | C96: เอกสาร
A97: ก.ค. | E97: ยอดยกมา | G97: 0 | H97: 535006.87 | I97: 16553979
B98: 14 | C98: OE6902513 | E98: ภาษี เดือน มิ.ย.69 ภงด.53 | F98: กรมสรรพกร | H98: 257.01
C99: OE6902514 | E99: ภาษี เดือน มิ.ย.69 ภงด.54 | F99: กรมสรรพกร | H99: 1073.64
E100: รวมประจำเดือน | G100: =SUM(G98:G99) -> 0 | H100: =SUM(H98:H99) -> 1330.65 | I100: =+I97+G100-H100 -> 16552649
E101: รวมประจำปี | G101: =+G97+G100 -> 0 | H101: =+H97+H100 -> 536337.52 | I101: =+I6+G101-H101 -> 16552649
A103: เงินฝากธนาคารกระแสรายวัน เลขที่บัญชี 805-6-05844-3
A104: ประจำเดือน สิงหาคม 2569
A106: พ.ศ. | B106: 46296 | C106: ที่ | D106: เลขที่เช็ค | E106: รายการ | F106: บริษัท/ห้าง/ร้าน/บุคคล | G106: เดบิต | H106: เครดิต | I106: ยอดคงเหลือ
A107: เดือน | B107: วันที่ | C107: เอกสาร
A108: ส.ค. | E108: ยอดยกมา | G108: 0 | H108: 536337.52 | I108: 16552649
B109: 13 | C109: OE6902776 | D109: 10718755 | E109: ค่าซ่อมน้ำรั่วเข้าลิฟท์ | F109: หจก.พัฒนสุธาคาร | H109: 93810
E110: รวมประจำเดือน | G110: =SUM(G109:G109) -> 0 | H110: =SUM(H109:H109) -> 93810 | I110: =+I108+G110-H110 -> 16458839 | K110: ภาษี ก.ค. 64 | L110: ภาษี รายตัวตามแยกประเภท
E111: รวมประจำปี | G111: =+G108+G110 -> 0 | H111: =+H108+H110 -> 630147.52 | I111: =+I6+G111-H111 -> 16458839 | J111: =+I110-I111 -> 0
A113: เงินฝากธนาคารกระแสรายวัน เลขที่บัญชี 805-6-05844-3
A114: ประจำเดือน กันยายน 2569
A116: พ.ศ. | B116: 46296 | C116: ที่ | D116: เลขที่เช็ค | E116: รายการ | F116: บริษัท/ห้าง/ร้าน/บุคคล | G116: เดบิต | H116: เครดิต | I116: ยอดคงเหลือ
A117: เดือน | B117: วันที่ | C117: เอกสาร
A118: ก.ย. | E118: ยอดยกมา | G118: 0 | H118: 630147.52 | I118: 16458839
B119: 1 | C119: OE6903022 | D119: 10718751 | E119: ค่ากำจัดปลวก มิ.ย.69 | F119: บจก.ไทยซัคเซสโซลูชั่น | H119: 9080.99
C120: OE6903023 | D120: 10718754 | E120: ค่ากำจัดปลวก ก.ค.69 | F120: บจก.ไทยซัคเซสโซลูชั่น | H120: 9080.99
B121: 11 | C121: OE6903024 | D121: 10718760 | E121: ค่าซ่อมผนังน้ำรั่ว | F121: นายสหรัตน์ วิเชียรธร | H121: 98604
...
